2025-04-26 18:50:37,454 [Worker-7: Loading available Gradle versions] INFO  o.e.b.c.i.u.g.PublishedGradleVersions - Gradle version information cache is not available. Remote download required.
2025-04-26 18:51:12,499 [Worker-13: Creating project "Linkedin_Automation_Framework"] INFO  o.e.m.c.i.l.LifecycleMappingFactory - Using org.eclipse.m2e.jdt.JarLifecycleMapping lifecycle mapping for MavenProject: Linkedin_Automation_Framework:Linkedin_Automation_Framework:0.0.1-SNAPSHOT @ D:\Software Testing Projects\Linkedin Automation Framework By Using Appium\Linkedin_Automation_Framework\pom.xml.
2025-04-26 18:51:14,326 [Worker-13: Creating project "Linkedin_Automation_Framework"] INFO  o.e.m.j.i.AbstractJavaProjectConfigurator - Adding source folder /Linkedin_Automation_Framework/src/main/java
2025-04-26 18:51:14,329 [Worker-13: Creating project "Linkedin_Automation_Framework"] INFO  o.e.m.j.i.AbstractJavaProjectConfigurator - Adding resource folder /Linkedin_Automation_Framework/src/main/resources
2025-04-26 18:51:14,337 [Worker-13: Creating project "Linkedin_Automation_Framework"] INFO  o.e.m.j.i.AbstractJavaProjectConfigurator - Adding source folder /Linkedin_Automation_Framework/src/test/java
2025-04-26 18:51:14,338 [Worker-13: Creating project "Linkedin_Automation_Framework"] INFO  o.e.m.j.i.AbstractJavaProjectConfigurator - Adding resource folder /Linkedin_Automation_Framework/src/test/resources
2025-04-26 18:51:15,075 [Worker-24: Building] WARN  o.a.m.s.f.DefaultMavenResourcesFiltering - Using platform encoding (UTF-8 actually) to copy filtered resources, i.e. build is platform dependent!
2025-04-26 18:51:15,080 [Worker-24: Building] INFO  o.a.m.s.f.DefaultMavenResourcesFiltering - Copying 0 resource from src\main\resources to target\classes
2025-04-26 18:51:15,084 [Worker-24: Building] WARN  o.a.m.s.f.DefaultMavenResourcesFiltering - Using platform encoding (UTF-8 actually) to copy filtered resources, i.e. build is platform dependent!
2025-04-26 18:51:15,085 [Worker-24: Building] INFO  o.a.m.s.f.DefaultMavenResourcesFiltering - Copying 0 resource from src\test\resources to target\test-classes
2025-04-26 18:52:05,122 [Worker-3: Building] INFO  o.e.m.c.i.l.LifecycleMappingFactory - Using org.eclipse.m2e.jdt.JarLifecycleMapping lifecycle mapping for MavenProject: Linkedin_Automation_Framework:Linkedin_Automation_Framework:0.0.1-SNAPSHOT @ D:\Software Testing Projects\Linkedin Automation Framework By Using Appium\Linkedin_Automation_Framework\pom.xml.
2025-04-26 18:52:05,810 [Worker-3: Building] WARN  o.a.m.s.f.DefaultMavenResourcesFiltering - Using platform encoding (UTF-8 actually) to copy filtered resources, i.e. build is platform dependent!
2025-04-26 18:52:05,812 [Worker-3: Building] INFO  o.a.m.s.f.DefaultMavenResourcesFiltering - Copying 0 resource from src\main\resources to target\classes
2025-04-26 18:52:05,816 [Worker-3: Building] WARN  o.a.m.s.f.DefaultMavenResourcesFiltering - Using platform encoding (UTF-8 actually) to copy filtered resources, i.e. build is platform dependent!
2025-04-26 18:52:05,817 [Worker-3: Building] INFO  o.a.m.s.f.DefaultMavenResourcesFiltering - Copying 0 resource from src\test\resources to target\test-classes
2025-04-26 18:52:07,118 [Worker-11: Building] WARN  o.a.m.s.f.DefaultMavenResourcesFiltering - Using platform encoding (UTF-8 actually) to copy filtered resources, i.e. build is platform dependent!
2025-04-26 18:52:07,121 [Worker-11: Building] INFO  o.a.m.s.f.DefaultMavenResourcesFiltering - Copying 0 resource from src\main\resources to target\classes
2025-04-26 18:52:07,126 [Worker-11: Building] WARN  o.a.m.s.f.DefaultMavenResourcesFiltering - Using platform encoding (UTF-8 actually) to copy filtered resources, i.e. build is platform dependent!
2025-04-26 18:52:07,129 [Worker-11: Building] INFO  o.a.m.s.f.DefaultMavenResourcesFiltering - Copying 0 resource from src\test\resources to target\test-classes
2025-04-26 18:52:15,641 [Worker-31: Building] INFO  o.e.m.c.i.l.LifecycleMappingFactory - Using org.eclipse.m2e.jdt.JarLifecycleMapping lifecycle mapping for MavenProject: Linkedin_Automation_Framework:Linkedin_Automation_Framework:0.0.1-SNAPSHOT @ D:\Software Testing Projects\Linkedin Automation Framework By Using Appium\Linkedin_Automation_Framework\pom.xml.
2025-04-26 18:52:16,045 [Worker-31: Building] WARN  o.a.m.s.f.DefaultMavenResourcesFiltering - Using platform encoding (UTF-8 actually) to copy filtered resources, i.e. build is platform dependent!
2025-04-26 18:52:16,047 [Worker-31: Building] INFO  o.a.m.s.f.DefaultMavenResourcesFiltering - Copying 0 resource from src\main\resources to target\classes
2025-04-26 18:52:16,051 [Worker-31: Building] WARN  o.a.m.s.f.DefaultMavenResourcesFiltering - Using platform encoding (UTF-8 actually) to copy filtered resources, i.e. build is platform dependent!
2025-04-26 18:52:16,052 [Worker-31: Building] INFO  o.a.m.s.f.DefaultMavenResourcesFiltering - Copying 0 resource from src\test\resources to target\test-classes
2025-04-26 19:03:25,084 [Worker-3: Building] WARN  o.a.m.s.f.DefaultMavenResourcesFiltering - Using platform encoding (UTF-8 actually) to copy filtered resources, i.e. build is platform dependent!
2025-04-26 19:03:25,089 [Worker-3: Building] INFO  o.a.m.s.f.DefaultMavenResourcesFiltering - Copying 0 resource from src\main\resources to target\classes
2025-04-26 19:03:25,094 [Worker-3: Building] WARN  o.a.m.s.f.DefaultMavenResourcesFiltering - Using platform encoding (UTF-8 actually) to copy filtered resources, i.e. build is platform dependent!
2025-04-26 19:03:25,096 [Worker-3: Building] INFO  o.a.m.s.f.DefaultMavenResourcesFiltering - Copying 0 resource from src\test\resources to target\test-classes
2025-04-26 19:03:35,937 [Worker-24: Building] WARN  o.a.m.s.f.DefaultMavenResourcesFiltering - Using platform encoding (UTF-8 actually) to copy filtered resources, i.e. build is platform dependent!
2025-04-26 19:03:35,938 [Worker-24: Building] INFO  o.a.m.s.f.DefaultMavenResourcesFiltering - Copying 0 resource from src\main\resources to target\classes
2025-04-26 19:03:35,941 [Worker-24: Building] WARN  o.a.m.s.f.DefaultMavenResourcesFiltering - Using platform encoding (UTF-8 actually) to copy filtered resources, i.e. build is platform dependent!
2025-04-26 19:03:35,943 [Worker-24: Building] INFO  o.a.m.s.f.DefaultMavenResourcesFiltering - Copying 0 resource from src\test\resources to target\test-classes
2025-04-26 19:04:11,388 [Worker-3: Building] WARN  o.a.m.s.f.DefaultMavenResourcesFiltering - Using platform encoding (UTF-8 actually) to copy filtered resources, i.e. build is platform dependent!
2025-04-26 19:04:11,390 [Worker-3: Building] INFO  o.a.m.s.f.DefaultMavenResourcesFiltering - Copying 0 resource from src\main\resources to target\classes
2025-04-26 19:04:11,397 [Worker-3: Building] WARN  o.a.m.s.f.DefaultMavenResourcesFiltering - Using platform encoding (UTF-8 actually) to copy filtered resources, i.e. build is platform dependent!
2025-04-26 19:04:11,400 [Worker-3: Building] INFO  o.a.m.s.f.DefaultMavenResourcesFiltering - Copying 0 resource from src\test\resources to target\test-classes
2025-04-26 19:04:45,804 [Worker-45: Building] WARN  o.a.m.s.f.DefaultMavenResourcesFiltering - Using platform encoding (UTF-8 actually) to copy filtered resources, i.e. build is platform dependent!
2025-04-26 19:04:45,807 [Worker-45: Building] INFO  o.a.m.s.f.DefaultMavenResourcesFiltering - Copying 0 resource from src\main\resources to target\classes
2025-04-26 19:04:45,811 [Worker-45: Building] WARN  o.a.m.s.f.DefaultMavenResourcesFiltering - Using platform encoding (UTF-8 actually) to copy filtered resources, i.e. build is platform dependent!
2025-04-26 19:04:45,813 [Worker-45: Building] INFO  o.a.m.s.f.DefaultMavenResourcesFiltering - Copying 0 resource from src\test\resources to target\test-classes
2025-04-26 19:05:01,545 [Worker-28: Building] WARN  o.a.m.s.f.DefaultMavenResourcesFiltering - Using platform encoding (UTF-8 actually) to copy filtered resources, i.e. build is platform dependent!
2025-04-26 19:05:01,547 [Worker-28: Building] INFO  o.a.m.s.f.DefaultMavenResourcesFiltering - Copying 0 resource from src\main\resources to target\classes
2025-04-26 19:05:01,550 [Worker-28: Building] WARN  o.a.m.s.f.DefaultMavenResourcesFiltering - Using platform encoding (UTF-8 actually) to copy filtered resources, i.e. build is platform dependent!
2025-04-26 19:05:01,551 [Worker-28: Building] INFO  o.a.m.s.f.DefaultMavenResourcesFiltering - Copying 0 resource from src\test\resources to target\test-classes
2025-04-26 19:05:20,473 [Worker-28: Building] WARN  o.a.m.s.f.DefaultMavenResourcesFiltering - Using platform encoding (UTF-8 actually) to copy filtered resources, i.e. build is platform dependent!
2025-04-26 19:05:20,475 [Worker-28: Building] INFO  o.a.m.s.f.DefaultMavenResourcesFiltering - Copying 0 resource from src\main\resources to target\classes
2025-04-26 19:05:20,478 [Worker-28: Building] WARN  o.a.m.s.f.DefaultMavenResourcesFiltering - Using platform encoding (UTF-8 actually) to copy filtered resources, i.e. build is platform dependent!
2025-04-26 19:05:20,479 [Worker-28: Building] INFO  o.a.m.s.f.DefaultMavenResourcesFiltering - Copying 0 resource from src\test\resources to target\test-classes
2025-04-26 19:05:41,967 [Worker-10: Building] WARN  o.a.m.s.f.DefaultMavenResourcesFiltering - Using platform encoding (UTF-8 actually) to copy filtered resources, i.e. build is platform dependent!
2025-04-26 19:05:41,968 [Worker-10: Building] INFO  o.a.m.s.f.DefaultMavenResourcesFiltering - Copying 0 resource from src\main\resources to target\classes
2025-04-26 19:05:41,971 [Worker-10: Building] WARN  o.a.m.s.f.DefaultMavenResourcesFiltering - Using platform encoding (UTF-8 actually) to copy filtered resources, i.e. build is platform dependent!
2025-04-26 19:05:41,972 [Worker-10: Building] INFO  o.a.m.s.f.DefaultMavenResourcesFiltering - Copying 0 resource from src\test\resources to target\test-classes
2025-04-26 19:05:55,706 [Worker-45: Building] WARN  o.a.m.s.f.DefaultMavenResourcesFiltering - Using platform encoding (UTF-8 actually) to copy filtered resources, i.e. build is platform dependent!
2025-04-26 19:05:55,708 [Worker-45: Building] INFO  o.a.m.s.f.DefaultMavenResourcesFiltering - Copying 0 resource from src\main\resources to target\classes
2025-04-26 19:05:55,710 [Worker-45: Building] WARN  o.a.m.s.f.DefaultMavenResourcesFiltering - Using platform encoding (UTF-8 actually) to copy filtered resources, i.e. build is platform dependent!
2025-04-26 19:05:55,711 [Worker-45: Building] INFO  o.a.m.s.f.DefaultMavenResourcesFiltering - Copying 0 resource from src\test\resources to target\test-classes
2025-04-26 19:06:18,081 [Worker-28: Building] WARN  o.a.m.s.f.DefaultMavenResourcesFiltering - Using platform encoding (UTF-8 actually) to copy filtered resources, i.e. build is platform dependent!
2025-04-26 19:06:18,083 [Worker-28: Building] INFO  o.a.m.s.f.DefaultMavenResourcesFiltering - Copying 0 resource from src\main\resources to target\classes
2025-04-26 19:06:18,085 [Worker-28: Building] WARN  o.a.m.s.f.DefaultMavenResourcesFiltering - Using platform encoding (UTF-8 actually) to copy filtered resources, i.e. build is platform dependent!
2025-04-26 19:06:18,087 [Worker-28: Building] INFO  o.a.m.s.f.DefaultMavenResourcesFiltering - Copying 0 resource from src\test\resources to target\test-classes
2025-04-26 19:06:50,882 [Worker-10: Building] WARN  o.a.m.s.f.DefaultMavenResourcesFiltering - Using platform encoding (UTF-8 actually) to copy filtered resources, i.e. build is platform dependent!
2025-04-26 19:06:50,885 [Worker-10: Building] INFO  o.a.m.s.f.DefaultMavenResourcesFiltering - Copying 0 resource from src\main\resources to target\classes
2025-04-26 19:06:50,888 [Worker-10: Building] WARN  o.a.m.s.f.DefaultMavenResourcesFiltering - Using platform encoding (UTF-8 actually) to copy filtered resources, i.e. build is platform dependent!
2025-04-26 19:06:50,890 [Worker-10: Building] INFO  o.a.m.s.f.DefaultMavenResourcesFiltering - Copying 0 resource from src\test\resources to target\test-classes
2025-04-26 19:07:56,600 [Worker-24: Building] WARN  o.a.m.s.f.DefaultMavenResourcesFiltering - Using platform encoding (UTF-8 actually) to copy filtered resources, i.e. build is platform dependent!
2025-04-26 19:07:56,603 [Worker-24: Building] INFO  o.a.m.s.f.DefaultMavenResourcesFiltering - Copying 1 resource from src\main\resources to target\classes
2025-04-26 19:07:56,629 [Worker-24: Building] WARN  o.a.m.s.f.DefaultMavenResourcesFiltering - Using platform encoding (UTF-8 actually) to copy filtered resources, i.e. build is platform dependent!
2025-04-26 19:07:56,630 [Worker-24: Building] INFO  o.a.m.s.f.DefaultMavenResourcesFiltering - Copying 0 resource from src\test\resources to target\test-classes
2025-04-26 19:07:59,779 [Worker-45: Building] WARN  o.a.m.s.f.DefaultMavenResourcesFiltering - Using platform encoding (UTF-8 actually) to copy filtered resources, i.e. build is platform dependent!
2025-04-26 19:07:59,780 [Worker-45: Building] INFO  o.a.m.s.f.DefaultMavenResourcesFiltering - Copying 1 resource from src\main\resources to target\classes
2025-04-26 19:07:59,784 [Worker-45: Building] WARN  o.a.m.s.f.DefaultMavenResourcesFiltering - Using platform encoding (UTF-8 actually) to copy filtered resources, i.e. build is platform dependent!
2025-04-26 19:07:59,785 [Worker-45: Building] INFO  o.a.m.s.f.DefaultMavenResourcesFiltering - Copying 0 resource from src\test\resources to target\test-classes
2025-04-26 19:15:09,827 [Worker-28: Building] WARN  o.a.m.s.f.DefaultMavenResourcesFiltering - Using platform encoding (UTF-8 actually) to copy filtered resources, i.e. build is platform dependent!
2025-04-26 19:15:09,863 [Worker-28: Building] INFO  o.a.m.s.f.DefaultMavenResourcesFiltering - Copying 1 resource from src\main\resources to target\classes
2025-04-26 19:15:09,869 [Worker-28: Building] WARN  o.a.m.s.f.DefaultMavenResourcesFiltering - Using platform encoding (UTF-8 actually) to copy filtered resources, i.e. build is platform dependent!
2025-04-26 19:15:09,870 [Worker-28: Building] INFO  o.a.m.s.f.DefaultMavenResourcesFiltering - Copying 0 resource from src\test\resources to target\test-classes
2025-04-26 19:16:27,756 [Worker-3: Building] WARN  o.a.m.s.f.DefaultMavenResourcesFiltering - Using platform encoding (UTF-8 actually) to copy filtered resources, i.e. build is platform dependent!
2025-04-26 19:16:27,758 [Worker-3: Building] INFO  o.a.m.s.f.DefaultMavenResourcesFiltering - Copying 1 resource from src\main\resources to target\classes
2025-04-26 19:16:27,762 [Worker-3: Building] WARN  o.a.m.s.f.DefaultMavenResourcesFiltering - Using platform encoding (UTF-8 actually) to copy filtered resources, i.e. build is platform dependent!
2025-04-26 19:16:27,764 [Worker-3: Building] INFO  o.a.m.s.f.DefaultMavenResourcesFiltering - Copying 0 resource from src\test\resources to target\test-classes
2025-04-26 19:17:31,655 [Worker-47: Building] WARN  o.a.m.s.f.DefaultMavenResourcesFiltering - Using platform encoding (UTF-8 actually) to copy filtered resources, i.e. build is platform dependent!
2025-04-26 19:17:31,657 [Worker-47: Building] INFO  o.a.m.s.f.DefaultMavenResourcesFiltering - Copying 1 resource from src\main\resources to target\classes
2025-04-26 19:17:31,661 [Worker-47: Building] WARN  o.a.m.s.f.DefaultMavenResourcesFiltering - Using platform encoding (UTF-8 actually) to copy filtered resources, i.e. build is platform dependent!
2025-04-26 19:17:31,662 [Worker-47: Building] INFO  o.a.m.s.f.DefaultMavenResourcesFiltering - Copying 0 resource from src\test\resources to target\test-classes
2025-04-26 19:19:33,774 [Worker-47: Building] WARN  o.a.m.s.f.DefaultMavenResourcesFiltering - Using platform encoding (UTF-8 actually) to copy filtered resources, i.e. build is platform dependent!
2025-04-26 19:19:33,784 [Worker-47: Building] INFO  o.a.m.s.f.DefaultMavenResourcesFiltering - Copying 1 resource from src\main\resources to target\classes
2025-04-26 19:19:33,790 [Worker-47: Building] WARN  o.a.m.s.f.DefaultMavenResourcesFiltering - Using platform encoding (UTF-8 actually) to copy filtered resources, i.e. build is platform dependent!
2025-04-26 19:19:33,793 [Worker-47: Building] INFO  o.a.m.s.f.DefaultMavenResourcesFiltering - Copying 0 resource from src\test\resources to target\test-classes
2025-04-26 19:20:23,193 [Worker-47: Building] WARN  o.a.m.s.f.DefaultMavenResourcesFiltering - Using platform encoding (UTF-8 actually) to copy filtered resources, i.e. build is platform dependent!
2025-04-26 19:20:23,196 [Worker-47: Building] INFO  o.a.m.s.f.DefaultMavenResourcesFiltering - Copying 1 resource from src\main\resources to target\classes
2025-04-26 19:20:23,199 [Worker-47: Building] WARN  o.a.m.s.f.DefaultMavenResourcesFiltering - Using platform encoding (UTF-8 actually) to copy filtered resources, i.e. build is platform dependent!
2025-04-26 19:20:23,200 [Worker-47: Building] INFO  o.a.m.s.f.DefaultMavenResourcesFiltering - Copying 0 resource from src\test\resources to target\test-classes
2025-04-26 19:22:06,700 [Worker-24: Building] WARN  o.a.m.s.f.DefaultMavenResourcesFiltering - Using platform encoding (UTF-8 actually) to copy filtered resources, i.e. build is platform dependent!
2025-04-26 19:22:06,702 [Worker-24: Building] INFO  o.a.m.s.f.DefaultMavenResourcesFiltering - Copying 1 resource from src\main\resources to target\classes
2025-04-26 19:22:06,706 [Worker-24: Building] WARN  o.a.m.s.f.DefaultMavenResourcesFiltering - Using platform encoding (UTF-8 actually) to copy filtered resources, i.e. build is platform dependent!
2025-04-26 19:22:06,708 [Worker-24: Building] INFO  o.a.m.s.f.DefaultMavenResourcesFiltering - Copying 0 resource from src\test\resources to target\test-classes
2025-04-26 19:23:49,661 [Worker-3: Building] INFO  o.e.m.c.i.l.LifecycleMappingFactory - Using org.eclipse.m2e.jdt.JarLifecycleMapping lifecycle mapping for MavenProject: Linkedin_Automation_Framework:Linkedin_Automation_Framework:0.0.1-SNAPSHOT @ D:\Software Testing Projects\Linkedin Automation Framework By Using Appium\Linkedin_Automation_Framework\pom.xml.
2025-04-26 19:23:51,601 [Worker-3: Building] WARN  o.a.m.s.f.DefaultMavenResourcesFiltering - Using platform encoding (UTF-8 actually) to copy filtered resources, i.e. build is platform dependent!
2025-04-26 19:23:51,606 [Worker-3: Building] INFO  o.a.m.s.f.DefaultMavenResourcesFiltering - Copying 0 resource from src\main\resources to target\classes
2025-04-26 19:23:51,612 [Worker-3: Building] WARN  o.a.m.s.f.DefaultMavenResourcesFiltering - Using platform encoding (UTF-8 actually) to copy filtered resources, i.e. build is platform dependent!
2025-04-26 19:23:51,613 [Worker-3: Building] INFO  o.a.m.s.f.DefaultMavenResourcesFiltering - Copying 0 resource from src\test\resources to target\test-classes
2025-04-26 19:23:53,966 [Worker-28: Building] WARN  o.a.m.s.f.DefaultMavenResourcesFiltering - Using platform encoding (UTF-8 actually) to copy filtered resources, i.e. build is platform dependent!
2025-04-26 19:23:53,967 [Worker-28: Building] INFO  o.a.m.s.f.DefaultMavenResourcesFiltering - Copying 1 resource from src\main\resources to target\classes
2025-04-26 19:23:53,976 [Worker-28: Building] WARN  o.a.m.s.f.DefaultMavenResourcesFiltering - Using platform encoding (UTF-8 actually) to copy filtered resources, i.e. build is platform dependent!
2025-04-26 19:23:53,977 [Worker-28: Building] INFO  o.a.m.s.f.DefaultMavenResourcesFiltering - Copying 0 resource from src\test\resources to target\test-classes
2025-04-26 19:24:13,831 [Worker-28: Updating Maven Project] INFO  o.e.m.c.i.p.ProjectConfigurationManager - Update started
2025-04-26 19:24:14,039 [Worker-28: Updating Maven Project] INFO  o.e.m.c.i.l.LifecycleMappingFactory - Using org.eclipse.m2e.jdt.JarLifecycleMapping lifecycle mapping for MavenProject: Linkedin_Automation_Framework:Linkedin_Automation_Framework:0.0.1-SNAPSHOT @ D:\Software Testing Projects\Linkedin Automation Framework By Using Appium\Linkedin_Automation_Framework\pom.xml.
2025-04-26 19:24:14,389 [Worker-28: Updating Maven Project] INFO  o.e.m.c.i.e.AbstractTransferListenerAdapter - Downloading https://repo.maven.apache.org/maven2/org/seleniumhq/selenium/selenium-api/maven-metadata.xml
2025-04-26 19:24:14,411 [Worker-28: Updating Maven Project] INFO  o.e.m.c.i.e.AbstractTransferListenerAdapter - Downloaded https://repo.maven.apache.org/maven2/org/seleniumhq/selenium/selenium-api/maven-metadata.xml
2025-04-26 19:24:14,451 [Worker-28: Updating Maven Project] INFO  o.e.m.c.i.e.AbstractTransferListenerAdapter - Downloading https://repo.maven.apache.org/maven2/org/seleniumhq/selenium/selenium-remote-driver/maven-metadata.xml
2025-04-26 19:24:14,472 [Worker-28: Updating Maven Project] INFO  o.e.m.c.i.e.AbstractTransferListenerAdapter - Downloaded https://repo.maven.apache.org/maven2/org/seleniumhq/selenium/selenium-remote-driver/maven-metadata.xml
2025-04-26 19:24:14,704 [Worker-28: Updating Maven Project] INFO  o.e.m.c.i.e.AbstractTransferListenerAdapter - Downloading https://repo.maven.apache.org/maven2/org/seleniumhq/selenium/selenium-support/maven-metadata.xml
2025-04-26 19:24:14,724 [Worker-28: Updating Maven Project] INFO  o.e.m.c.i.e.AbstractTransferListenerAdapter - Downloaded https://repo.maven.apache.org/maven2/org/seleniumhq/selenium/selenium-support/maven-metadata.xml
2025-04-26 19:24:14,941 [Worker-28: Updating Maven Project] INFO  o.e.m.j.i.AbstractJavaProjectConfigurator - Adding source folder /Linkedin_Automation_Framework/src/main/java
2025-04-26 19:24:14,941 [Worker-28: Updating Maven Project] INFO  o.e.m.j.i.AbstractJavaProjectConfigurator - Adding resource folder /Linkedin_Automation_Framework/src/main/resources
2025-04-26 19:24:14,942 [Worker-28: Updating Maven Project] INFO  o.e.m.j.i.AbstractJavaProjectConfigurator - Adding source folder /Linkedin_Automation_Framework/src/test/java
2025-04-26 19:24:14,943 [Worker-28: Updating Maven Project] INFO  o.e.m.j.i.AbstractJavaProjectConfigurator - Adding resource folder /Linkedin_Automation_Framework/src/test/resources
2025-04-26 19:24:15,067 [Worker-28: Updating Maven Project] INFO  o.e.m.c.i.p.ProjectConfigurationManager - Update completed for 1 poms: local refresh takes 0.00 sec, refresh facades takes 1.00 sec, update config takes 0.00 sec 
2025-04-26 19:24:15,263 [Worker-3: Building] WARN  o.a.m.s.f.DefaultMavenResourcesFiltering - Using platform encoding (UTF-8 actually) to copy filtered resources, i.e. build is platform dependent!
2025-04-26 19:24:15,265 [Worker-3: Building] INFO  o.a.m.s.f.DefaultMavenResourcesFiltering - Copying 1 resource from src\main\resources to target\classes
2025-04-26 19:24:15,272 [Worker-3: Building] WARN  o.a.m.s.f.DefaultMavenResourcesFiltering - Using platform encoding (UTF-8 actually) to copy filtered resources, i.e. build is platform dependent!
2025-04-26 19:24:15,273 [Worker-3: Building] INFO  o.a.m.s.f.DefaultMavenResourcesFiltering - Copying 0 resource from src\test\resources to target\test-classes
2025-04-26 19:24:24,602 [Worker-50: Building] WARN  o.a.m.s.f.DefaultMavenResourcesFiltering - Using platform encoding (UTF-8 actually) to copy filtered resources, i.e. build is platform dependent!
2025-04-26 19:24:24,603 [Worker-50: Building] INFO  o.a.m.s.f.DefaultMavenResourcesFiltering - Copying 1 resource from src\main\resources to target\classes
2025-04-26 19:24:24,625 [Worker-50: Building] WARN  o.a.m.s.f.DefaultMavenResourcesFiltering - Using platform encoding (UTF-8 actually) to copy filtered resources, i.e. build is platform dependent!
2025-04-26 19:24:24,626 [Worker-50: Building] INFO  o.a.m.s.f.DefaultMavenResourcesFiltering - Copying 0 resource from src\test\resources to target\test-classes
2025-04-26 19:24:40,636 [Worker-3: Building] WARN  o.a.m.s.f.DefaultMavenResourcesFiltering - Using platform encoding (UTF-8 actually) to copy filtered resources, i.e. build is platform dependent!
2025-04-26 19:24:40,637 [Worker-3: Building] INFO  o.a.m.s.f.DefaultMavenResourcesFiltering - Copying 1 resource from src\main\resources to target\classes
2025-04-26 19:24:40,639 [Worker-3: Building] WARN  o.a.m.s.f.DefaultMavenResourcesFiltering - Using platform encoding (UTF-8 actually) to copy filtered resources, i.e. build is platform dependent!
2025-04-26 19:24:40,641 [Worker-3: Building] INFO  o.a.m.s.f.DefaultMavenResourcesFiltering - Copying 0 resource from src\test\resources to target\test-classes
2025-04-26 19:27:01,928 [Worker-24: Building] INFO  o.e.m.c.i.l.LifecycleMappingFactory - Using org.eclipse.m2e.jdt.JarLifecycleMapping lifecycle mapping for MavenProject: Linkedin_Automation_Framework:Linkedin_Automation_Framework:0.0.1-SNAPSHOT @ D:\Software Testing Projects\Linkedin Automation Framework By Using Appium\Linkedin_Automation_Framework\pom.xml.
2025-04-26 19:27:03,907 [Worker-24: Building] WARN  o.a.m.s.f.DefaultMavenResourcesFiltering - Using platform encoding (UTF-8 actually) to copy filtered resources, i.e. build is platform dependent!
2025-04-26 19:27:03,915 [Worker-24: Building] INFO  o.a.m.s.f.DefaultMavenResourcesFiltering - Copying 0 resource from src\main\resources to target\classes
2025-04-26 19:27:03,922 [Worker-24: Building] WARN  o.a.m.s.f.DefaultMavenResourcesFiltering - Using platform encoding (UTF-8 actually) to copy filtered resources, i.e. build is platform dependent!
2025-04-26 19:27:03,924 [Worker-24: Building] INFO  o.a.m.s.f.DefaultMavenResourcesFiltering - Copying 0 resource from src\test\resources to target\test-classes
2025-04-26 19:27:04,566 [Worker-51: Updating Maven Project] INFO  o.e.m.c.i.p.ProjectConfigurationManager - Update started
2025-04-26 19:27:04,804 [Worker-51: Updating Maven Project] INFO  o.e.m.c.i.l.LifecycleMappingFactory - Using org.eclipse.m2e.jdt.JarLifecycleMapping lifecycle mapping for MavenProject: Linkedin_Automation_Framework:Linkedin_Automation_Framework:0.0.1-SNAPSHOT @ D:\Software Testing Projects\Linkedin Automation Framework By Using Appium\Linkedin_Automation_Framework\pom.xml.
2025-04-26 19:27:05,502 [Worker-51: Updating Maven Project] INFO  o.e.m.j.i.AbstractJavaProjectConfigurator - Adding source folder /Linkedin_Automation_Framework/src/main/java
2025-04-26 19:27:05,504 [Worker-51: Updating Maven Project] INFO  o.e.m.j.i.AbstractJavaProjectConfigurator - Adding resource folder /Linkedin_Automation_Framework/src/main/resources
2025-04-26 19:27:05,505 [Worker-51: Updating Maven Project] INFO  o.e.m.j.i.AbstractJavaProjectConfigurator - Adding source folder /Linkedin_Automation_Framework/src/test/java
2025-04-26 19:27:05,505 [Worker-51: Updating Maven Project] INFO  o.e.m.j.i.AbstractJavaProjectConfigurator - Adding resource folder /Linkedin_Automation_Framework/src/test/resources
2025-04-26 19:27:06,027 [Worker-51: Updating Maven Project] INFO  o.e.m.c.i.p.ProjectConfigurationManager - Update completed for 1 poms: local refresh takes 0.00 sec, refresh facades takes 0.00 sec, update config takes 0.00 sec 
2025-04-26 19:27:06,805 [Worker-49: Building] WARN  o.a.m.s.f.DefaultMavenResourcesFiltering - Using platform encoding (UTF-8 actually) to copy filtered resources, i.e. build is platform dependent!
2025-04-26 19:27:06,808 [Worker-49: Building] INFO  o.a.m.s.f.DefaultMavenResourcesFiltering - Copying 1 resource from src\main\resources to target\classes
2025-04-26 19:27:06,815 [Worker-49: Building] WARN  o.a.m.s.f.DefaultMavenResourcesFiltering - Using platform encoding (UTF-8 actually) to copy filtered resources, i.e. build is platform dependent!
2025-04-26 19:27:06,816 [Worker-49: Building] INFO  o.a.m.s.f.DefaultMavenResourcesFiltering - Copying 0 resource from src\test\resources to target\test-classes
2025-04-26 19:27:26,308 [Worker-28: Updating Maven Project] INFO  o.e.m.c.i.p.ProjectConfigurationManager - Update started
2025-04-26 19:27:26,482 [Worker-28: Updating Maven Project] INFO  o.e.m.c.i.l.LifecycleMappingFactory - Using org.eclipse.m2e.jdt.JarLifecycleMapping lifecycle mapping for MavenProject: Linkedin_Automation_Framework:Linkedin_Automation_Framework:0.0.1-SNAPSHOT @ D:\Software Testing Projects\Linkedin Automation Framework By Using Appium\Linkedin_Automation_Framework\pom.xml.
2025-04-26 19:27:26,901 [Worker-28: Updating Maven Project] INFO  o.e.m.j.i.AbstractJavaProjectConfigurator - Adding source folder /Linkedin_Automation_Framework/src/main/java
2025-04-26 19:27:26,902 [Worker-28: Updating Maven Project] INFO  o.e.m.j.i.AbstractJavaProjectConfigurator - Adding resource folder /Linkedin_Automation_Framework/src/main/resources
2025-04-26 19:27:26,902 [Worker-28: Updating Maven Project] INFO  o.e.m.j.i.AbstractJavaProjectConfigurator - Adding source folder /Linkedin_Automation_Framework/src/test/java
2025-04-26 19:27:26,902 [Worker-28: Updating Maven Project] INFO  o.e.m.j.i.AbstractJavaProjectConfigurator - Adding resource folder /Linkedin_Automation_Framework/src/test/resources
2025-04-26 19:27:26,988 [Worker-28: Updating Maven Project] INFO  o.e.m.c.i.p.ProjectConfigurationManager - Update completed for 1 poms: local refresh takes 0.00 sec, refresh facades takes 0.00 sec, update config takes 0.00 sec 
2025-04-26 19:27:27,187 [Worker-49: Building] WARN  o.a.m.s.f.DefaultMavenResourcesFiltering - Using platform encoding (UTF-8 actually) to copy filtered resources, i.e. build is platform dependent!
2025-04-26 19:27:27,187 [Worker-49: Building] INFO  o.a.m.s.f.DefaultMavenResourcesFiltering - Copying 1 resource from src\main\resources to target\classes
2025-04-26 19:27:27,193 [Worker-49: Building] WARN  o.a.m.s.f.DefaultMavenResourcesFiltering - Using platform encoding (UTF-8 actually) to copy filtered resources, i.e. build is platform dependent!
2025-04-26 19:27:27,193 [Worker-49: Building] INFO  o.a.m.s.f.DefaultMavenResourcesFiltering - Copying 0 resource from src\test\resources to target\test-classes
2025-04-26 19:31:38,381 [Worker-50: Building] WARN  o.a.m.s.f.DefaultMavenResourcesFiltering - Using platform encoding (UTF-8 actually) to copy filtered resources, i.e. build is platform dependent!
2025-04-26 19:31:38,389 [Worker-50: Building] INFO  o.a.m.s.f.DefaultMavenResourcesFiltering - Copying 1 resource from src\main\resources to target\classes
2025-04-26 19:31:38,393 [Worker-50: Building] WARN  o.a.m.s.f.DefaultMavenResourcesFiltering - Using platform encoding (UTF-8 actually) to copy filtered resources, i.e. build is platform dependent!
2025-04-26 19:31:38,395 [Worker-50: Building] INFO  o.a.m.s.f.DefaultMavenResourcesFiltering - Copying 0 resource from src\test\resources to target\test-classes
2025-04-26 19:45:17,188 [Worker-24: Building] WARN  o.a.m.s.f.DefaultMavenResourcesFiltering - Using platform encoding (UTF-8 actually) to copy filtered resources, i.e. build is platform dependent!
2025-04-26 19:45:17,196 [Worker-24: Building] INFO  o.a.m.s.f.DefaultMavenResourcesFiltering - Copying 1 resource from src\main\resources to target\classes
2025-04-26 19:45:17,197 [Worker-24: Building] WARN  o.a.m.s.f.DefaultMavenResourcesFiltering - Using platform encoding (UTF-8 actually) to copy filtered resources, i.e. build is platform dependent!
2025-04-26 19:45:17,198 [Worker-24: Building] INFO  o.a.m.s.f.DefaultMavenResourcesFiltering - Copying 0 resource from src\test\resources to target\test-classes
2025-04-26 19:50:53,017 [Worker-47: Building] WARN  o.a.m.s.f.DefaultMavenResourcesFiltering - Using platform encoding (UTF-8 actually) to copy filtered resources, i.e. build is platform dependent!
2025-04-26 19:50:53,046 [Worker-47: Building] INFO  o.a.m.s.f.DefaultMavenResourcesFiltering - Copying 0 resource from src\main\resources to target\classes
2025-04-26 19:50:53,050 [Worker-47: Building] WARN  o.a.m.s.f.DefaultMavenResourcesFiltering - Using platform encoding (UTF-8 actually) to copy filtered resources, i.e. build is platform dependent!
2025-04-26 19:50:53,051 [Worker-47: Building] INFO  o.a.m.s.f.DefaultMavenResourcesFiltering - Copying 0 resource from src\test\resources to target\test-classes
2025-04-26 19:52:04,334 [Worker-24: Building] WARN  o.a.m.s.f.DefaultMavenResourcesFiltering - Using platform encoding (UTF-8 actually) to copy filtered resources, i.e. build is platform dependent!
2025-04-26 19:52:04,336 [Worker-24: Building] INFO  o.a.m.s.f.DefaultMavenResourcesFiltering - Copying 0 resource from src\main\resources to target\classes
2025-04-26 19:52:04,339 [Worker-24: Building] WARN  o.a.m.s.f.DefaultMavenResourcesFiltering - Using platform encoding (UTF-8 actually) to copy filtered resources, i.e. build is platform dependent!
2025-04-26 19:52:04,340 [Worker-24: Building] INFO  o.a.m.s.f.DefaultMavenResourcesFiltering - Copying 0 resource from src\test\resources to target\test-classes
2025-04-26 19:53:42,227 [Worker-28: Building] WARN  o.a.m.s.f.DefaultMavenResourcesFiltering - Using platform encoding (UTF-8 actually) to copy filtered resources, i.e. build is platform dependent!
2025-04-26 19:53:42,229 [Worker-28: Building] INFO  o.a.m.s.f.DefaultMavenResourcesFiltering - Copying 1 resource from src\main\resources to target\classes
2025-04-26 19:53:42,233 [Worker-28: Building] WARN  o.a.m.s.f.DefaultMavenResourcesFiltering - Using platform encoding (UTF-8 actually) to copy filtered resources, i.e. build is platform dependent!
2025-04-26 19:53:42,233 [Worker-28: Building] INFO  o.a.m.s.f.DefaultMavenResourcesFiltering - Copying 0 resource from src\test\resources to target\test-classes
2025-04-26 19:53:50,769 [Worker-3: Building] WARN  o.a.m.s.f.DefaultMavenResourcesFiltering - Using platform encoding (UTF-8 actually) to copy filtered resources, i.e. build is platform dependent!
2025-04-26 19:53:50,770 [Worker-3: Building] INFO  o.a.m.s.f.DefaultMavenResourcesFiltering - Copying 0 resource from src\main\resources to target\classes
2025-04-26 19:53:50,773 [Worker-3: Building] WARN  o.a.m.s.f.DefaultMavenResourcesFiltering - Using platform encoding (UTF-8 actually) to copy filtered resources, i.e. build is platform dependent!
2025-04-26 19:53:50,773 [Worker-3: Building] INFO  o.a.m.s.f.DefaultMavenResourcesFiltering - Copying 0 resource from src\test\resources to target\test-classes
2025-04-26 19:53:59,419 [Worker-3: Building] WARN  o.a.m.s.f.DefaultMavenResourcesFiltering - Using platform encoding (UTF-8 actually) to copy filtered resources, i.e. build is platform dependent!
2025-04-26 19:53:59,420 [Worker-3: Building] INFO  o.a.m.s.f.DefaultMavenResourcesFiltering - Copying 0 resource from src\main\resources to target\classes
2025-04-26 19:53:59,422 [Worker-3: Building] WARN  o.a.m.s.f.DefaultMavenResourcesFiltering - Using platform encoding (UTF-8 actually) to copy filtered resources, i.e. build is platform dependent!
2025-04-26 19:53:59,423 [Worker-3: Building] INFO  o.a.m.s.f.DefaultMavenResourcesFiltering - Copying 0 resource from src\test\resources to target\test-classes
2025-04-26 19:54:27,015 [main] INFO  o.e.m.jdt.internal.UnitTestSupport - Updating Linkedin_Test_Run from maven configuration
2025-04-26 19:57:03,515 [Worker-28: Building] WARN  o.a.m.s.f.DefaultMavenResourcesFiltering - Using platform encoding (UTF-8 actually) to copy filtered resources, i.e. build is platform dependent!
2025-04-26 19:57:03,529 [Worker-28: Building] INFO  o.a.m.s.f.DefaultMavenResourcesFiltering - Copying 1 resource from src\main\resources to target\classes
2025-04-26 19:57:03,532 [Worker-28: Building] WARN  o.a.m.s.f.DefaultMavenResourcesFiltering - Using platform encoding (UTF-8 actually) to copy filtered resources, i.e. build is platform dependent!
2025-04-26 19:57:03,532 [Worker-28: Building] INFO  o.a.m.s.f.DefaultMavenResourcesFiltering - Copying 0 resource from src\test\resources to target\test-classes
2025-04-26 20:00:00,734 [Worker-47: Building] WARN  o.a.m.s.f.DefaultMavenResourcesFiltering - Using platform encoding (UTF-8 actually) to copy filtered resources, i.e. build is platform dependent!
2025-04-26 20:00:00,738 [Worker-47: Building] INFO  o.a.m.s.f.DefaultMavenResourcesFiltering - Copying 1 resource from src\main\resources to target\classes
2025-04-26 20:00:00,740 [Worker-47: Building] WARN  o.a.m.s.f.DefaultMavenResourcesFiltering - Using platform encoding (UTF-8 actually) to copy filtered resources, i.e. build is platform dependent!
2025-04-26 20:00:00,741 [Worker-47: Building] INFO  o.a.m.s.f.DefaultMavenResourcesFiltering - Copying 0 resource from src\test\resources to target\test-classes
2025-04-26 20:00:44,650 [Worker-47: Building] WARN  o.a.m.s.f.DefaultMavenResourcesFiltering - Using platform encoding (UTF-8 actually) to copy filtered resources, i.e. build is platform dependent!
2025-04-26 20:00:44,651 [Worker-47: Building] INFO  o.a.m.s.f.DefaultMavenResourcesFiltering - Copying 1 resource from src\main\resources to target\classes
2025-04-26 20:00:44,654 [Worker-47: Building] WARN  o.a.m.s.f.DefaultMavenResourcesFiltering - Using platform encoding (UTF-8 actually) to copy filtered resources, i.e. build is platform dependent!
2025-04-26 20:00:44,655 [Worker-47: Building] INFO  o.a.m.s.f.DefaultMavenResourcesFiltering - Copying 0 resource from src\test\resources to target\test-classes
2025-04-26 20:04:52,885 [Worker-52: Building] WARN  o.a.m.s.f.DefaultMavenResourcesFiltering - Using platform encoding (UTF-8 actually) to copy filtered resources, i.e. build is platform dependent!
2025-04-26 20:04:52,888 [Worker-52: Building] INFO  o.a.m.s.f.DefaultMavenResourcesFiltering - Copying 1 resource from src\main\resources to target\classes
2025-04-26 20:04:52,890 [Worker-52: Building] WARN  o.a.m.s.f.DefaultMavenResourcesFiltering - Using platform encoding (UTF-8 actually) to copy filtered resources, i.e. build is platform dependent!
2025-04-26 20:04:52,891 [Worker-52: Building] INFO  o.a.m.s.f.DefaultMavenResourcesFiltering - Copying 0 resource from src\test\resources to target\test-classes
2025-04-26 20:05:16,325 [Worker-53: Building] WARN  o.a.m.s.f.DefaultMavenResourcesFiltering - Using platform encoding (UTF-8 actually) to copy filtered resources, i.e. build is platform dependent!
2025-04-26 20:05:16,327 [Worker-53: Building] INFO  o.a.m.s.f.DefaultMavenResourcesFiltering - Copying 1 resource from src\main\resources to target\classes
2025-04-26 20:05:16,330 [Worker-53: Building] WARN  o.a.m.s.f.DefaultMavenResourcesFiltering - Using platform encoding (UTF-8 actually) to copy filtered resources, i.e. build is platform dependent!
2025-04-26 20:05:16,332 [Worker-53: Building] INFO  o.a.m.s.f.DefaultMavenResourcesFiltering - Copying 0 resource from src\test\resources to target\test-classes
2025-04-26 20:06:11,302 [Worker-47: Building] WARN  o.a.m.s.f.DefaultMavenResourcesFiltering - Using platform encoding (UTF-8 actually) to copy filtered resources, i.e. build is platform dependent!
2025-04-26 20:06:11,304 [Worker-47: Building] INFO  o.a.m.s.f.DefaultMavenResourcesFiltering - Copying 1 resource from src\main\resources to target\classes
2025-04-26 20:06:11,308 [Worker-47: Building] WARN  o.a.m.s.f.DefaultMavenResourcesFiltering - Using platform encoding (UTF-8 actually) to copy filtered resources, i.e. build is platform dependent!
2025-04-26 20:06:11,309 [Worker-47: Building] INFO  o.a.m.s.f.DefaultMavenResourcesFiltering - Copying 0 resource from src\test\resources to target\test-classes
2025-04-26 20:06:20,555 [Worker-28: Building] WARN  o.a.m.s.f.DefaultMavenResourcesFiltering - Using platform encoding (UTF-8 actually) to copy filtered resources, i.e. build is platform dependent!
2025-04-26 20:06:20,557 [Worker-28: Building] INFO  o.a.m.s.f.DefaultMavenResourcesFiltering - Copying 1 resource from src\main\resources to target\classes
2025-04-26 20:06:20,561 [Worker-28: Building] WARN  o.a.m.s.f.DefaultMavenResourcesFiltering - Using platform encoding (UTF-8 actually) to copy filtered resources, i.e. build is platform dependent!
2025-04-26 20:06:20,564 [Worker-28: Building] INFO  o.a.m.s.f.DefaultMavenResourcesFiltering - Copying 0 resource from src\test\resources to target\test-classes
2025-04-26 20:06:56,007 [Worker-53: Building] WARN  o.a.m.s.f.DefaultMavenResourcesFiltering - Using platform encoding (UTF-8 actually) to copy filtered resources, i.e. build is platform dependent!
2025-04-26 20:06:56,008 [Worker-53: Building] INFO  o.a.m.s.f.DefaultMavenResourcesFiltering - Copying 0 resource from src\main\resources to target\classes
2025-04-26 20:06:56,011 [Worker-53: Building] WARN  o.a.m.s.f.DefaultMavenResourcesFiltering - Using platform encoding (UTF-8 actually) to copy filtered resources, i.e. build is platform dependent!
2025-04-26 20:06:56,012 [Worker-53: Building] INFO  o.a.m.s.f.DefaultMavenResourcesFiltering - Copying 0 resource from src\test\resources to target\test-classes
2025-04-26 20:06:59,994 [Worker-53: Building] WARN  o.a.m.s.f.DefaultMavenResourcesFiltering - Using platform encoding (UTF-8 actually) to copy filtered resources, i.e. build is platform dependent!
2025-04-26 20:06:59,996 [Worker-53: Building] INFO  o.a.m.s.f.DefaultMavenResourcesFiltering - Copying 0 resource from src\main\resources to target\classes
2025-04-26 20:06:59,998 [Worker-53: Building] WARN  o.a.m.s.f.DefaultMavenResourcesFiltering - Using platform encoding (UTF-8 actually) to copy filtered resources, i.e. build is platform dependent!
2025-04-26 20:07:00,000 [Worker-53: Building] INFO  o.a.m.s.f.DefaultMavenResourcesFiltering - Copying 0 resource from src\test\resources to target\test-classes
2025-04-26 20:08:13,789 [Worker-53: Building] WARN  o.a.m.s.f.DefaultMavenResourcesFiltering - Using platform encoding (UTF-8 actually) to copy filtered resources, i.e. build is platform dependent!
2025-04-26 20:08:13,791 [Worker-53: Building] INFO  o.a.m.s.f.DefaultMavenResourcesFiltering - Copying 0 resource from src\main\resources to target\classes
2025-04-26 20:08:13,792 [Worker-53: Building] WARN  o.a.m.s.f.DefaultMavenResourcesFiltering - Using platform encoding (UTF-8 actually) to copy filtered resources, i.e. build is platform dependent!
2025-04-26 20:08:13,793 [Worker-53: Building] INFO  o.a.m.s.f.DefaultMavenResourcesFiltering - Copying 0 resource from src\test\resources to target\test-classes
2025-04-26 20:09:19,259 [Worker-47: Building] WARN  o.a.m.s.f.DefaultMavenResourcesFiltering - Using platform encoding (UTF-8 actually) to copy filtered resources, i.e. build is platform dependent!
2025-04-26 20:09:19,261 [Worker-47: Building] INFO  o.a.m.s.f.DefaultMavenResourcesFiltering - Copying 1 resource from src\main\resources to target\classes
2025-04-26 20:09:19,264 [Worker-47: Building] WARN  o.a.m.s.f.DefaultMavenResourcesFiltering - Using platform encoding (UTF-8 actually) to copy filtered resources, i.e. build is platform dependent!
2025-04-26 20:09:19,265 [Worker-47: Building] INFO  o.a.m.s.f.DefaultMavenResourcesFiltering - Copying 0 resource from src\test\resources to target\test-classes
2025-04-26 20:09:53,945 [Worker-47: Building] WARN  o.a.m.s.f.DefaultMavenResourcesFiltering - Using platform encoding (UTF-8 actually) to copy filtered resources, i.e. build is platform dependent!
2025-04-26 20:09:53,947 [Worker-47: Building] INFO  o.a.m.s.f.DefaultMavenResourcesFiltering - Copying 1 resource from src\main\resources to target\classes
2025-04-26 20:09:53,951 [Worker-47: Building] WARN  o.a.m.s.f.DefaultMavenResourcesFiltering - Using platform encoding (UTF-8 actually) to copy filtered resources, i.e. build is platform dependent!
2025-04-26 20:09:53,953 [Worker-47: Building] INFO  o.a.m.s.f.DefaultMavenResourcesFiltering - Copying 0 resource from src\test\resources to target\test-classes
2025-04-26 20:10:44,299 [Worker-47: Building] WARN  o.a.m.s.f.DefaultMavenResourcesFiltering - Using platform encoding (UTF-8 actually) to copy filtered resources, i.e. build is platform dependent!
2025-04-26 20:10:44,301 [Worker-47: Building] INFO  o.a.m.s.f.DefaultMavenResourcesFiltering - Copying 1 resource from src\main\resources to target\classes
2025-04-26 20:10:44,304 [Worker-47: Building] WARN  o.a.m.s.f.DefaultMavenResourcesFiltering - Using platform encoding (UTF-8 actually) to copy filtered resources, i.e. build is platform dependent!
2025-04-26 20:10:44,305 [Worker-47: Building] INFO  o.a.m.s.f.DefaultMavenResourcesFiltering - Copying 0 resource from src\test\resources to target\test-classes
2025-04-26 20:10:53,689 [Worker-55: Building] WARN  o.a.m.s.f.DefaultMavenResourcesFiltering - Using platform encoding (UTF-8 actually) to copy filtered resources, i.e. build is platform dependent!
2025-04-26 20:10:53,692 [Worker-55: Building] INFO  o.a.m.s.f.DefaultMavenResourcesFiltering - Copying 0 resource from src\main\resources to target\classes
2025-04-26 20:10:53,695 [Worker-55: Building] WARN  o.a.m.s.f.DefaultMavenResourcesFiltering - Using platform encoding (UTF-8 actually) to copy filtered resources, i.e. build is platform dependent!
2025-04-26 20:10:53,696 [Worker-55: Building] INFO  o.a.m.s.f.DefaultMavenResourcesFiltering - Copying 0 resource from src\test\resources to target\test-classes
2025-04-26 20:11:16,268 [Worker-49: Building] WARN  o.a.m.s.f.DefaultMavenResourcesFiltering - Using platform encoding (UTF-8 actually) to copy filtered resources, i.e. build is platform dependent!
2025-04-26 20:11:16,271 [Worker-49: Building] INFO  o.a.m.s.f.DefaultMavenResourcesFiltering - Copying 0 resource from src\main\resources to target\classes
2025-04-26 20:11:16,274 [Worker-49: Building] WARN  o.a.m.s.f.DefaultMavenResourcesFiltering - Using platform encoding (UTF-8 actually) to copy filtered resources, i.e. build is platform dependent!
2025-04-26 20:11:16,275 [Worker-49: Building] INFO  o.a.m.s.f.DefaultMavenResourcesFiltering - Copying 0 resource from src\test\resources to target\test-classes
2025-04-26 20:12:11,164 [Worker-28: Building] WARN  o.a.m.s.f.DefaultMavenResourcesFiltering - Using platform encoding (UTF-8 actually) to copy filtered resources, i.e. build is platform dependent!
2025-04-26 20:12:11,167 [Worker-28: Building] INFO  o.a.m.s.f.DefaultMavenResourcesFiltering - Copying 0 resource from src\main\resources to target\classes
2025-04-26 20:12:11,170 [Worker-28: Building] WARN  o.a.m.s.f.DefaultMavenResourcesFiltering - Using platform encoding (UTF-8 actually) to copy filtered resources, i.e. build is platform dependent!
2025-04-26 20:12:11,171 [Worker-28: Building] INFO  o.a.m.s.f.DefaultMavenResourcesFiltering - Copying 0 resource from src\test\resources to target\test-classes
2025-04-26 20:12:59,288 [Worker-53: Building] WARN  o.a.m.s.f.DefaultMavenResourcesFiltering - Using platform encoding (UTF-8 actually) to copy filtered resources, i.e. build is platform dependent!
2025-04-26 20:12:59,290 [Worker-53: Building] INFO  o.a.m.s.f.DefaultMavenResourcesFiltering - Copying 0 resource from src\main\resources to target\classes
2025-04-26 20:12:59,292 [Worker-53: Building] WARN  o.a.m.s.f.DefaultMavenResourcesFiltering - Using platform encoding (UTF-8 actually) to copy filtered resources, i.e. build is platform dependent!
2025-04-26 20:12:59,294 [Worker-53: Building] INFO  o.a.m.s.f.DefaultMavenResourcesFiltering - Copying 0 resource from src\test\resources to target\test-classes
2025-04-26 20:40:00,127 [Worker-55: Building] WARN  o.a.m.s.f.DefaultMavenResourcesFiltering - Using platform encoding (UTF-8 actually) to copy filtered resources, i.e. build is platform dependent!
2025-04-26 20:40:00,137 [Worker-55: Building] INFO  o.a.m.s.f.DefaultMavenResourcesFiltering - Copying 1 resource from src\main\resources to target\classes
2025-04-26 20:40:00,141 [Worker-55: Building] WARN  o.a.m.s.f.DefaultMavenResourcesFiltering - Using platform encoding (UTF-8 actually) to copy filtered resources, i.e. build is platform dependent!
2025-04-26 20:40:00,142 [Worker-55: Building] INFO  o.a.m.s.f.DefaultMavenResourcesFiltering - Copying 0 resource from src\test\resources to target\test-classes
2025-04-26 20:40:15,883 [Worker-56: Building] WARN  o.a.m.s.f.DefaultMavenResourcesFiltering - Using platform encoding (UTF-8 actually) to copy filtered resources, i.e. build is platform dependent!
2025-04-26 20:40:15,885 [Worker-56: Building] INFO  o.a.m.s.f.DefaultMavenResourcesFiltering - Copying 1 resource from src\main\resources to target\classes
2025-04-26 20:40:15,889 [Worker-56: Building] WARN  o.a.m.s.f.DefaultMavenResourcesFiltering - Using platform encoding (UTF-8 actually) to copy filtered resources, i.e. build is platform dependent!
2025-04-26 20:40:15,890 [Worker-56: Building] INFO  o.a.m.s.f.DefaultMavenResourcesFiltering - Copying 0 resource from src\test\resources to target\test-classes
2025-04-26 20:40:26,736 [Worker-58: Building] WARN  o.a.m.s.f.DefaultMavenResourcesFiltering - Using platform encoding (UTF-8 actually) to copy filtered resources, i.e. build is platform dependent!
2025-04-26 20:40:26,738 [Worker-58: Building] INFO  o.a.m.s.f.DefaultMavenResourcesFiltering - Copying 0 resource from src\main\resources to target\classes
2025-04-26 20:40:26,740 [Worker-58: Building] WARN  o.a.m.s.f.DefaultMavenResourcesFiltering - Using platform encoding (UTF-8 actually) to copy filtered resources, i.e. build is platform dependent!
2025-04-26 20:40:26,741 [Worker-58: Building] INFO  o.a.m.s.f.DefaultMavenResourcesFiltering - Copying 0 resource from src\test\resources to target\test-classes
2025-04-26 20:40:31,617 [Worker-58: Building] WARN  o.a.m.s.f.DefaultMavenResourcesFiltering - Using platform encoding (UTF-8 actually) to copy filtered resources, i.e. build is platform dependent!
2025-04-26 20:40:31,618 [Worker-58: Building] INFO  o.a.m.s.f.DefaultMavenResourcesFiltering - Copying 0 resource from src\main\resources to target\classes
2025-04-26 20:40:31,621 [Worker-58: Building] WARN  o.a.m.s.f.DefaultMavenResourcesFiltering - Using platform encoding (UTF-8 actually) to copy filtered resources, i.e. build is platform dependent!
2025-04-26 20:40:31,621 [Worker-58: Building] INFO  o.a.m.s.f.DefaultMavenResourcesFiltering - Copying 0 resource from src\test\resources to target\test-classes
2025-04-26 20:41:46,322 [Worker-55: Building] WARN  o.a.m.s.f.DefaultMavenResourcesFiltering - Using platform encoding (UTF-8 actually) to copy filtered resources, i.e. build is platform dependent!
2025-04-26 20:41:46,324 [Worker-55: Building] INFO  o.a.m.s.f.DefaultMavenResourcesFiltering - Copying 1 resource from src\main\resources to target\classes
2025-04-26 20:41:46,327 [Worker-55: Building] WARN  o.a.m.s.f.DefaultMavenResourcesFiltering - Using platform encoding (UTF-8 actually) to copy filtered resources, i.e. build is platform dependent!
2025-04-26 20:41:46,328 [Worker-55: Building] INFO  o.a.m.s.f.DefaultMavenResourcesFiltering - Copying 0 resource from src\test\resources to target\test-classes
2025-04-26 20:42:38,718 [Worker-52: Building] WARN  o.a.m.s.f.DefaultMavenResourcesFiltering - Using platform encoding (UTF-8 actually) to copy filtered resources, i.e. build is platform dependent!
2025-04-26 20:42:38,719 [Worker-52: Building] INFO  o.a.m.s.f.DefaultMavenResourcesFiltering - Copying 1 resource from src\main\resources to target\classes
2025-04-26 20:42:38,724 [Worker-52: Building] WARN  o.a.m.s.f.DefaultMavenResourcesFiltering - Using platform encoding (UTF-8 actually) to copy filtered resources, i.e. build is platform dependent!
2025-04-26 20:42:38,725 [Worker-52: Building] INFO  o.a.m.s.f.DefaultMavenResourcesFiltering - Copying 0 resource from src\test\resources to target\test-classes
2025-04-26 20:43:32,729 [Worker-58: Building] WARN  o.a.m.s.f.DefaultMavenResourcesFiltering - Using platform encoding (UTF-8 actually) to copy filtered resources, i.e. build is platform dependent!
2025-04-26 20:43:32,731 [Worker-58: Building] INFO  o.a.m.s.f.DefaultMavenResourcesFiltering - Copying 1 resource from src\main\resources to target\classes
2025-04-26 20:43:32,734 [Worker-58: Building] WARN  o.a.m.s.f.DefaultMavenResourcesFiltering - Using platform encoding (UTF-8 actually) to copy filtered resources, i.e. build is platform dependent!
2025-04-26 20:43:32,736 [Worker-58: Building] INFO  o.a.m.s.f.DefaultMavenResourcesFiltering - Copying 0 resource from src\test\resources to target\test-classes
2025-04-26 20:44:28,481 [Worker-53: Building] WARN  o.a.m.s.f.DefaultMavenResourcesFiltering - Using platform encoding (UTF-8 actually) to copy filtered resources, i.e. build is platform dependent!
2025-04-26 20:44:28,483 [Worker-53: Building] INFO  o.a.m.s.f.DefaultMavenResourcesFiltering - Copying 1 resource from src\main\resources to target\classes
2025-04-26 20:44:28,486 [Worker-53: Building] WARN  o.a.m.s.f.DefaultMavenResourcesFiltering - Using platform encoding (UTF-8 actually) to copy filtered resources, i.e. build is platform dependent!
2025-04-26 20:44:28,487 [Worker-53: Building] INFO  o.a.m.s.f.DefaultMavenResourcesFiltering - Copying 0 resource from src\test\resources to target\test-classes
2025-04-26 20:45:36,384 [Worker-56: Building] WARN  o.a.m.s.f.DefaultMavenResourcesFiltering - Using platform encoding (UTF-8 actually) to copy filtered resources, i.e. build is platform dependent!
2025-04-26 20:45:36,391 [Worker-56: Building] INFO  o.a.m.s.f.DefaultMavenResourcesFiltering - Copying 1 resource from src\main\resources to target\classes
2025-04-26 20:45:36,394 [Worker-56: Building] WARN  o.a.m.s.f.DefaultMavenResourcesFiltering - Using platform encoding (UTF-8 actually) to copy filtered resources, i.e. build is platform dependent!
2025-04-26 20:45:36,395 [Worker-56: Building] INFO  o.a.m.s.f.DefaultMavenResourcesFiltering - Copying 0 resource from src\test\resources to target\test-classes
2025-04-26 20:46:49,287 [Worker-28: Building] WARN  o.a.m.s.f.DefaultMavenResourcesFiltering - Using platform encoding (UTF-8 actually) to copy filtered resources, i.e. build is platform dependent!
2025-04-26 20:46:49,289 [Worker-28: Building] INFO  o.a.m.s.f.DefaultMavenResourcesFiltering - Copying 1 resource from src\main\resources to target\classes
2025-04-26 20:46:49,304 [Worker-28: Building] WARN  o.a.m.s.f.DefaultMavenResourcesFiltering - Using platform encoding (UTF-8 actually) to copy filtered resources, i.e. build is platform dependent!
2025-04-26 20:46:49,307 [Worker-28: Building] INFO  o.a.m.s.f.DefaultMavenResourcesFiltering - Copying 0 resource from src\test\resources to target\test-classes
2025-04-26 20:47:51,833 [Worker-49: Building] WARN  o.a.m.s.f.DefaultMavenResourcesFiltering - Using platform encoding (UTF-8 actually) to copy filtered resources, i.e. build is platform dependent!
2025-04-26 20:47:51,835 [Worker-49: Building] INFO  o.a.m.s.f.DefaultMavenResourcesFiltering - Copying 1 resource from src\main\resources to target\classes
2025-04-26 20:47:51,838 [Worker-49: Building] WARN  o.a.m.s.f.DefaultMavenResourcesFiltering - Using platform encoding (UTF-8 actually) to copy filtered resources, i.e. build is platform dependent!
2025-04-26 20:47:51,839 [Worker-49: Building] INFO  o.a.m.s.f.DefaultMavenResourcesFiltering - Copying 0 resource from src\test\resources to target\test-classes
2025-04-26 20:50:38,743 [Worker-58: Building] WARN  o.a.m.s.f.DefaultMavenResourcesFiltering - Using platform encoding (UTF-8 actually) to copy filtered resources, i.e. build is platform dependent!
2025-04-26 20:50:38,744 [Worker-58: Building] INFO  o.a.m.s.f.DefaultMavenResourcesFiltering - Copying 1 resource from src\main\resources to target\classes
2025-04-26 20:50:38,747 [Worker-58: Building] WARN  o.a.m.s.f.DefaultMavenResourcesFiltering - Using platform encoding (UTF-8 actually) to copy filtered resources, i.e. build is platform dependent!
2025-04-26 20:50:38,748 [Worker-58: Building] INFO  o.a.m.s.f.DefaultMavenResourcesFiltering - Copying 0 resource from src\test\resources to target\test-classes
2025-04-26 20:51:05,457 [Worker-55: Building] WARN  o.a.m.s.f.DefaultMavenResourcesFiltering - Using platform encoding (UTF-8 actually) to copy filtered resources, i.e. build is platform dependent!
2025-04-26 20:51:05,459 [Worker-55: Building] INFO  o.a.m.s.f.DefaultMavenResourcesFiltering - Copying 1 resource from src\main\resources to target\classes
2025-04-26 20:51:05,460 [Worker-55: Building] WARN  o.a.m.s.f.DefaultMavenResourcesFiltering - Using platform encoding (UTF-8 actually) to copy filtered resources, i.e. build is platform dependent!
2025-04-26 20:51:05,461 [Worker-55: Building] INFO  o.a.m.s.f.DefaultMavenResourcesFiltering - Copying 0 resource from src\test\resources to target\test-classes
2025-04-26 20:52:30,442 [Worker-58: Building] WARN  o.a.m.s.f.DefaultMavenResourcesFiltering - Using platform encoding (UTF-8 actually) to copy filtered resources, i.e. build is platform dependent!
2025-04-26 20:52:30,449 [Worker-58: Building] INFO  o.a.m.s.f.DefaultMavenResourcesFiltering - Copying 1 resource from src\main\resources to target\classes
2025-04-26 20:52:30,453 [Worker-58: Building] WARN  o.a.m.s.f.DefaultMavenResourcesFiltering - Using platform encoding (UTF-8 actually) to copy filtered resources, i.e. build is platform dependent!
2025-04-26 20:52:30,454 [Worker-58: Building] INFO  o.a.m.s.f.DefaultMavenResourcesFiltering - Copying 0 resource from src\test\resources to target\test-classes
2025-04-26 20:56:14,732 [Worker-49: Building] WARN  o.a.m.s.f.DefaultMavenResourcesFiltering - Using platform encoding (UTF-8 actually) to copy filtered resources, i.e. build is platform dependent!
2025-04-26 20:56:14,737 [Worker-49: Building] INFO  o.a.m.s.f.DefaultMavenResourcesFiltering - Copying 1 resource from src\main\resources to target\classes
2025-04-26 20:56:14,740 [Worker-49: Building] WARN  o.a.m.s.f.DefaultMavenResourcesFiltering - Using platform encoding (UTF-8 actually) to copy filtered resources, i.e. build is platform dependent!
2025-04-26 20:56:14,741 [Worker-49: Building] INFO  o.a.m.s.f.DefaultMavenResourcesFiltering - Copying 0 resource from src\test\resources to target\test-classes
2025-04-26 20:59:09,534 [Worker-52: Building] WARN  o.a.m.s.f.DefaultMavenResourcesFiltering - Using platform encoding (UTF-8 actually) to copy filtered resources, i.e. build is platform dependent!
2025-04-26 20:59:09,539 [Worker-52: Building] INFO  o.a.m.s.f.DefaultMavenResourcesFiltering - Copying 1 resource from src\main\resources to target\classes
2025-04-26 20:59:09,543 [Worker-52: Building] WARN  o.a.m.s.f.DefaultMavenResourcesFiltering - Using platform encoding (UTF-8 actually) to copy filtered resources, i.e. build is platform dependent!
2025-04-26 20:59:09,544 [Worker-52: Building] INFO  o.a.m.s.f.DefaultMavenResourcesFiltering - Copying 0 resource from src\test\resources to target\test-classes
2025-04-26 20:59:34,594 [Worker-52: Building] WARN  o.a.m.s.f.DefaultMavenResourcesFiltering - Using platform encoding (UTF-8 actually) to copy filtered resources, i.e. build is platform dependent!
2025-04-26 20:59:34,595 [Worker-52: Building] INFO  o.a.m.s.f.DefaultMavenResourcesFiltering - Copying 1 resource from src\main\resources to target\classes
2025-04-26 20:59:34,598 [Worker-52: Building] WARN  o.a.m.s.f.DefaultMavenResourcesFiltering - Using platform encoding (UTF-8 actually) to copy filtered resources, i.e. build is platform dependent!
2025-04-26 20:59:34,599 [Worker-52: Building] INFO  o.a.m.s.f.DefaultMavenResourcesFiltering - Copying 0 resource from src\test\resources to target\test-classes
2025-04-26 21:00:23,746 [Worker-55: Building] WARN  o.a.m.s.f.DefaultMavenResourcesFiltering - Using platform encoding (UTF-8 actually) to copy filtered resources, i.e. build is platform dependent!
2025-04-26 21:00:23,747 [Worker-55: Building] INFO  o.a.m.s.f.DefaultMavenResourcesFiltering - Copying 1 resource from src\main\resources to target\classes
2025-04-26 21:00:23,750 [Worker-55: Building] WARN  o.a.m.s.f.DefaultMavenResourcesFiltering - Using platform encoding (UTF-8 actually) to copy filtered resources, i.e. build is platform dependent!
2025-04-26 21:00:23,751 [Worker-55: Building] INFO  o.a.m.s.f.DefaultMavenResourcesFiltering - Copying 0 resource from src\test\resources to target\test-classes
2025-04-26 21:00:57,353 [Worker-28: Building] WARN  o.a.m.s.f.DefaultMavenResourcesFiltering - Using platform encoding (UTF-8 actually) to copy filtered resources, i.e. build is platform dependent!
2025-04-26 21:00:57,355 [Worker-28: Building] INFO  o.a.m.s.f.DefaultMavenResourcesFiltering - Copying 1 resource from src\main\resources to target\classes
2025-04-26 21:00:57,358 [Worker-28: Building] WARN  o.a.m.s.f.DefaultMavenResourcesFiltering - Using platform encoding (UTF-8 actually) to copy filtered resources, i.e. build is platform dependent!
2025-04-26 21:00:57,358 [Worker-28: Building] INFO  o.a.m.s.f.DefaultMavenResourcesFiltering - Copying 0 resource from src\test\resources to target\test-classes
2025-04-26 21:03:36,558 [Worker-28: Building] WARN  o.a.m.s.f.DefaultMavenResourcesFiltering - Using platform encoding (UTF-8 actually) to copy filtered resources, i.e. build is platform dependent!
2025-04-26 21:03:36,562 [Worker-28: Building] INFO  o.a.m.s.f.DefaultMavenResourcesFiltering - Copying 1 resource from src\main\resources to target\classes
2025-04-26 21:03:36,565 [Worker-28: Building] WARN  o.a.m.s.f.DefaultMavenResourcesFiltering - Using platform encoding (UTF-8 actually) to copy filtered resources, i.e. build is platform dependent!
2025-04-26 21:03:36,565 [Worker-28: Building] INFO  o.a.m.s.f.DefaultMavenResourcesFiltering - Copying 0 resource from src\test\resources to target\test-classes
2025-04-26 21:04:36,970 [Worker-28: Building] WARN  o.a.m.s.f.DefaultMavenResourcesFiltering - Using platform encoding (UTF-8 actually) to copy filtered resources, i.e. build is platform dependent!
2025-04-26 21:04:36,971 [Worker-28: Building] INFO  o.a.m.s.f.DefaultMavenResourcesFiltering - Copying 1 resource from src\main\resources to target\classes
2025-04-26 21:04:36,977 [Worker-28: Building] WARN  o.a.m.s.f.DefaultMavenResourcesFiltering - Using platform encoding (UTF-8 actually) to copy filtered resources, i.e. build is platform dependent!
2025-04-26 21:04:36,978 [Worker-28: Building] INFO  o.a.m.s.f.DefaultMavenResourcesFiltering - Copying 0 resource from src\test\resources to target\test-classes
2025-04-26 21:09:16,164 [Worker-28: Building] WARN  o.a.m.s.f.DefaultMavenResourcesFiltering - Using platform encoding (UTF-8 actually) to copy filtered resources, i.e. build is platform dependent!
2025-04-26 21:09:16,175 [Worker-28: Building] INFO  o.a.m.s.f.DefaultMavenResourcesFiltering - Copying 1 resource from src\main\resources to target\classes
2025-04-26 21:09:16,179 [Worker-28: Building] WARN  o.a.m.s.f.DefaultMavenResourcesFiltering - Using platform encoding (UTF-8 actually) to copy filtered resources, i.e. build is platform dependent!
2025-04-26 21:09:16,180 [Worker-28: Building] INFO  o.a.m.s.f.DefaultMavenResourcesFiltering - Copying 0 resource from src\test\resources to target\test-classes
2025-04-26 21:11:22,406 [Worker-60: Building] WARN  o.a.m.s.f.DefaultMavenResourcesFiltering - Using platform encoding (UTF-8 actually) to copy filtered resources, i.e. build is platform dependent!
2025-04-26 21:11:22,413 [Worker-60: Building] INFO  o.a.m.s.f.DefaultMavenResourcesFiltering - Copying 1 resource from src\main\resources to target\classes
2025-04-26 21:11:22,416 [Worker-60: Building] WARN  o.a.m.s.f.DefaultMavenResourcesFiltering - Using platform encoding (UTF-8 actually) to copy filtered resources, i.e. build is platform dependent!
2025-04-26 21:11:22,416 [Worker-60: Building] INFO  o.a.m.s.f.DefaultMavenResourcesFiltering - Copying 0 resource from src\test\resources to target\test-classes
2025-04-26 21:12:16,245 [Worker-62: Building] WARN  o.a.m.s.f.DefaultMavenResourcesFiltering - Using platform encoding (UTF-8 actually) to copy filtered resources, i.e. build is platform dependent!
2025-04-26 21:12:16,246 [Worker-62: Building] INFO  o.a.m.s.f.DefaultMavenResourcesFiltering - Copying 1 resource from src\main\resources to target\classes
2025-04-26 21:12:16,248 [Worker-62: Building] WARN  o.a.m.s.f.DefaultMavenResourcesFiltering - Using platform encoding (UTF-8 actually) to copy filtered resources, i.e. build is platform dependent!
2025-04-26 21:12:16,249 [Worker-62: Building] INFO  o.a.m.s.f.DefaultMavenResourcesFiltering - Copying 0 resource from src\test\resources to target\test-classes
2025-04-26 21:12:22,567 [Worker-47: Building] WARN  o.a.m.s.f.DefaultMavenResourcesFiltering - Using platform encoding (UTF-8 actually) to copy filtered resources, i.e. build is platform dependent!
2025-04-26 21:12:22,569 [Worker-47: Building] INFO  o.a.m.s.f.DefaultMavenResourcesFiltering - Copying 1 resource from src\main\resources to target\classes
2025-04-26 21:12:22,573 [Worker-47: Building] WARN  o.a.m.s.f.DefaultMavenResourcesFiltering - Using platform encoding (UTF-8 actually) to copy filtered resources, i.e. build is platform dependent!
2025-04-26 21:12:22,574 [Worker-47: Building] INFO  o.a.m.s.f.DefaultMavenResourcesFiltering - Copying 0 resource from src\test\resources to target\test-classes
2025-04-26 21:12:34,367 [Worker-62: Building] WARN  o.a.m.s.f.DefaultMavenResourcesFiltering - Using platform encoding (UTF-8 actually) to copy filtered resources, i.e. build is platform dependent!
2025-04-26 21:12:34,368 [Worker-62: Building] INFO  o.a.m.s.f.DefaultMavenResourcesFiltering - Copying 1 resource from src\main\resources to target\classes
2025-04-26 21:12:34,371 [Worker-62: Building] WARN  o.a.m.s.f.DefaultMavenResourcesFiltering - Using platform encoding (UTF-8 actually) to copy filtered resources, i.e. build is platform dependent!
2025-04-26 21:12:34,372 [Worker-62: Building] INFO  o.a.m.s.f.DefaultMavenResourcesFiltering - Copying 0 resource from src\test\resources to target\test-classes
2025-04-26 21:14:05,670 [Worker-49: Building] WARN  o.a.m.s.f.DefaultMavenResourcesFiltering - Using platform encoding (UTF-8 actually) to copy filtered resources, i.e. build is platform dependent!
2025-04-26 21:14:05,673 [Worker-49: Building] INFO  o.a.m.s.f.DefaultMavenResourcesFiltering - Copying 1 resource from src\main\resources to target\classes
2025-04-26 21:14:05,675 [Worker-49: Building] WARN  o.a.m.s.f.DefaultMavenResourcesFiltering - Using platform encoding (UTF-8 actually) to copy filtered resources, i.e. build is platform dependent!
2025-04-26 21:14:05,677 [Worker-49: Building] INFO  o.a.m.s.f.DefaultMavenResourcesFiltering - Copying 0 resource from src\test\resources to target\test-classes
2025-04-26 21:15:14,787 [Worker-60: Building] WARN  o.a.m.s.f.DefaultMavenResourcesFiltering - Using platform encoding (UTF-8 actually) to copy filtered resources, i.e. build is platform dependent!
2025-04-26 21:15:14,788 [Worker-60: Building] INFO  o.a.m.s.f.DefaultMavenResourcesFiltering - Copying 1 resource from src\main\resources to target\classes
2025-04-26 21:15:14,789 [Worker-60: Building] WARN  o.a.m.s.f.DefaultMavenResourcesFiltering - Using platform encoding (UTF-8 actually) to copy filtered resources, i.e. build is platform dependent!
2025-04-26 21:15:14,790 [Worker-60: Building] INFO  o.a.m.s.f.DefaultMavenResourcesFiltering - Copying 0 resource from src\test\resources to target\test-classes
2025-04-26 21:16:33,910 [Worker-28: Building] WARN  o.a.m.s.f.DefaultMavenResourcesFiltering - Using platform encoding (UTF-8 actually) to copy filtered resources, i.e. build is platform dependent!
2025-04-26 21:16:33,912 [Worker-28: Building] INFO  o.a.m.s.f.DefaultMavenResourcesFiltering - Copying 1 resource from src\main\resources to target\classes
2025-04-26 21:16:33,914 [Worker-28: Building] WARN  o.a.m.s.f.DefaultMavenResourcesFiltering - Using platform encoding (UTF-8 actually) to copy filtered resources, i.e. build is platform dependent!
2025-04-26 21:16:33,915 [Worker-28: Building] INFO  o.a.m.s.f.DefaultMavenResourcesFiltering - Copying 0 resource from src\test\resources to target\test-classes
2025-04-26 21:17:11,812 [Worker-49: Building] WARN  o.a.m.s.f.DefaultMavenResourcesFiltering - Using platform encoding (UTF-8 actually) to copy filtered resources, i.e. build is platform dependent!
2025-04-26 21:17:11,813 [Worker-49: Building] INFO  o.a.m.s.f.DefaultMavenResourcesFiltering - Copying 1 resource from src\main\resources to target\classes
2025-04-26 21:17:11,817 [Worker-49: Building] WARN  o.a.m.s.f.DefaultMavenResourcesFiltering - Using platform encoding (UTF-8 actually) to copy filtered resources, i.e. build is platform dependent!
2025-04-26 21:17:11,818 [Worker-49: Building] INFO  o.a.m.s.f.DefaultMavenResourcesFiltering - Copying 0 resource from src\test\resources to target\test-classes
2025-04-26 21:18:03,796 [Worker-52: Building] WARN  o.a.m.s.f.DefaultMavenResourcesFiltering - Using platform encoding (UTF-8 actually) to copy filtered resources, i.e. build is platform dependent!
2025-04-26 21:18:03,797 [Worker-52: Building] INFO  o.a.m.s.f.DefaultMavenResourcesFiltering - Copying 1 resource from src\main\resources to target\classes
2025-04-26 21:18:03,799 [Worker-52: Building] WARN  o.a.m.s.f.DefaultMavenResourcesFiltering - Using platform encoding (UTF-8 actually) to copy filtered resources, i.e. build is platform dependent!
2025-04-26 21:18:03,800 [Worker-52: Building] INFO  o.a.m.s.f.DefaultMavenResourcesFiltering - Copying 0 resource from src\test\resources to target\test-classes
2025-04-26 21:21:19,027 [Worker-62: Building] WARN  o.a.m.s.f.DefaultMavenResourcesFiltering - Using platform encoding (UTF-8 actually) to copy filtered resources, i.e. build is platform dependent!
2025-04-26 21:21:19,033 [Worker-62: Building] INFO  o.a.m.s.f.DefaultMavenResourcesFiltering - Copying 1 resource from src\main\resources to target\classes
2025-04-26 21:21:19,037 [Worker-62: Building] WARN  o.a.m.s.f.DefaultMavenResourcesFiltering - Using platform encoding (UTF-8 actually) to copy filtered resources, i.e. build is platform dependent!
2025-04-26 21:21:19,038 [Worker-62: Building] INFO  o.a.m.s.f.DefaultMavenResourcesFiltering - Copying 0 resource from src\test\resources to target\test-classes
2025-04-26 21:22:57,132 [Worker-61: Building] WARN  o.a.m.s.f.DefaultMavenResourcesFiltering - Using platform encoding (UTF-8 actually) to copy filtered resources, i.e. build is platform dependent!
2025-04-26 21:22:57,133 [Worker-61: Building] INFO  o.a.m.s.f.DefaultMavenResourcesFiltering - Copying 1 resource from src\main\resources to target\classes
2025-04-26 21:22:57,136 [Worker-61: Building] WARN  o.a.m.s.f.DefaultMavenResourcesFiltering - Using platform encoding (UTF-8 actually) to copy filtered resources, i.e. build is platform dependent!
2025-04-26 21:22:57,137 [Worker-61: Building] INFO  o.a.m.s.f.DefaultMavenResourcesFiltering - Copying 0 resource from src\test\resources to target\test-classes
2025-04-26 21:23:25,586 [Worker-62: Building] WARN  o.a.m.s.f.DefaultMavenResourcesFiltering - Using platform encoding (UTF-8 actually) to copy filtered resources, i.e. build is platform dependent!
2025-04-26 21:23:25,587 [Worker-62: Building] INFO  o.a.m.s.f.DefaultMavenResourcesFiltering - Copying 1 resource from src\main\resources to target\classes
2025-04-26 21:23:25,589 [Worker-62: Building] WARN  o.a.m.s.f.DefaultMavenResourcesFiltering - Using platform encoding (UTF-8 actually) to copy filtered resources, i.e. build is platform dependent!
2025-04-26 21:23:25,590 [Worker-62: Building] INFO  o.a.m.s.f.DefaultMavenResourcesFiltering - Copying 0 resource from src\test\resources to target\test-classes
2025-04-26 21:23:49,658 [Worker-60: Building] WARN  o.a.m.s.f.DefaultMavenResourcesFiltering - Using platform encoding (UTF-8 actually) to copy filtered resources, i.e. build is platform dependent!
2025-04-26 21:23:49,659 [Worker-60: Building] INFO  o.a.m.s.f.DefaultMavenResourcesFiltering - Copying 1 resource from src\main\resources to target\classes
2025-04-26 21:23:49,661 [Worker-60: Building] WARN  o.a.m.s.f.DefaultMavenResourcesFiltering - Using platform encoding (UTF-8 actually) to copy filtered resources, i.e. build is platform dependent!
2025-04-26 21:23:49,662 [Worker-60: Building] INFO  o.a.m.s.f.DefaultMavenResourcesFiltering - Copying 0 resource from src\test\resources to target\test-classes
2025-04-27 22:21:32,602 [Worker-5: Loading available Gradle versions] INFO  o.e.b.c.i.u.g.PublishedGradleVersions - Gradle version information cache is out-of-date. Trying to update.
2025-04-27 22:25:41,503 [Worker-18: Building] WARN  o.a.m.s.f.DefaultMavenResourcesFiltering - Using platform encoding (UTF-8 actually) to copy filtered resources, i.e. build is platform dependent!
2025-04-27 22:25:41,514 [Worker-18: Building] INFO  o.a.m.s.f.DefaultMavenResourcesFiltering - Copying 1 resource from src\main\resources to target\classes
2025-04-27 22:25:41,523 [Worker-18: Building] WARN  o.a.m.s.f.DefaultMavenResourcesFiltering - Using platform encoding (UTF-8 actually) to copy filtered resources, i.e. build is platform dependent!
2025-04-27 22:25:41,525 [Worker-18: Building] INFO  o.a.m.s.f.DefaultMavenResourcesFiltering - Copying 0 resource from src\test\resources to target\test-classes
2025-04-27 22:27:28,391 [Worker-37: Building] WARN  o.a.m.s.f.DefaultMavenResourcesFiltering - Using platform encoding (UTF-8 actually) to copy filtered resources, i.e. build is platform dependent!
2025-04-27 22:27:28,396 [Worker-37: Building] INFO  o.a.m.s.f.DefaultMavenResourcesFiltering - Copying 1 resource from src\main\resources to target\classes
2025-04-27 22:27:28,399 [Worker-37: Building] WARN  o.a.m.s.f.DefaultMavenResourcesFiltering - Using platform encoding (UTF-8 actually) to copy filtered resources, i.e. build is platform dependent!
2025-04-27 22:27:28,401 [Worker-37: Building] INFO  o.a.m.s.f.DefaultMavenResourcesFiltering - Copying 0 resource from src\test\resources to target\test-classes
2025-04-27 22:28:55,123 [Worker-36: Building] WARN  o.a.m.s.f.DefaultMavenResourcesFiltering - Using platform encoding (UTF-8 actually) to copy filtered resources, i.e. build is platform dependent!
2025-04-27 22:28:55,124 [Worker-36: Building] INFO  o.a.m.s.f.DefaultMavenResourcesFiltering - Copying 1 resource from src\main\resources to target\classes
2025-04-27 22:28:55,126 [Worker-36: Building] WARN  o.a.m.s.f.DefaultMavenResourcesFiltering - Using platform encoding (UTF-8 actually) to copy filtered resources, i.e. build is platform dependent!
2025-04-27 22:28:55,128 [Worker-36: Building] INFO  o.a.m.s.f.DefaultMavenResourcesFiltering - Copying 0 resource from src\test\resources to target\test-classes
2025-04-27 22:29:43,396 [Worker-37: Building] WARN  o.a.m.s.f.DefaultMavenResourcesFiltering - Using platform encoding (UTF-8 actually) to copy filtered resources, i.e. build is platform dependent!
2025-04-27 22:29:43,398 [Worker-37: Building] INFO  o.a.m.s.f.DefaultMavenResourcesFiltering - Copying 1 resource from src\main\resources to target\classes
2025-04-27 22:29:43,400 [Worker-37: Building] WARN  o.a.m.s.f.DefaultMavenResourcesFiltering - Using platform encoding (UTF-8 actually) to copy filtered resources, i.e. build is platform dependent!
2025-04-27 22:29:43,401 [Worker-37: Building] INFO  o.a.m.s.f.DefaultMavenResourcesFiltering - Copying 0 resource from src\test\resources to target\test-classes
2025-04-27 22:46:41,861 [Worker-37: Building] WARN  o.a.m.s.f.DefaultMavenResourcesFiltering - Using platform encoding (UTF-8 actually) to copy filtered resources, i.e. build is platform dependent!
2025-04-27 22:46:41,865 [Worker-37: Building] INFO  o.a.m.s.f.DefaultMavenResourcesFiltering - Copying 1 resource from src\main\resources to target\classes
2025-04-27 22:46:41,867 [Worker-37: Building] WARN  o.a.m.s.f.DefaultMavenResourcesFiltering - Using platform encoding (UTF-8 actually) to copy filtered resources, i.e. build is platform dependent!
2025-04-27 22:46:41,868 [Worker-37: Building] INFO  o.a.m.s.f.DefaultMavenResourcesFiltering - Copying 0 resource from src\test\resources to target\test-classes
2025-04-27 22:49:24,584 [Worker-8: Building] WARN  o.a.m.s.f.DefaultMavenResourcesFiltering - Using platform encoding (UTF-8 actually) to copy filtered resources, i.e. build is platform dependent!
2025-04-27 22:49:24,586 [Worker-8: Building] INFO  o.a.m.s.f.DefaultMavenResourcesFiltering - Copying 1 resource from src\main\resources to target\classes
2025-04-27 22:49:24,591 [Worker-8: Building] WARN  o.a.m.s.f.DefaultMavenResourcesFiltering - Using platform encoding (UTF-8 actually) to copy filtered resources, i.e. build is platform dependent!
2025-04-27 22:49:24,593 [Worker-8: Building] INFO  o.a.m.s.f.DefaultMavenResourcesFiltering - Copying 0 resource from src\test\resources to target\test-classes
2025-04-27 22:53:55,250 [Worker-22: Building] WARN  o.a.m.s.f.DefaultMavenResourcesFiltering - Using platform encoding (UTF-8 actually) to copy filtered resources, i.e. build is platform dependent!
2025-04-27 22:53:55,252 [Worker-22: Building] INFO  o.a.m.s.f.DefaultMavenResourcesFiltering - Copying 1 resource from src\main\resources to target\classes
2025-04-27 22:53:55,255 [Worker-22: Building] WARN  o.a.m.s.f.DefaultMavenResourcesFiltering - Using platform encoding (UTF-8 actually) to copy filtered resources, i.e. build is platform dependent!
2025-04-27 22:53:55,256 [Worker-22: Building] INFO  o.a.m.s.f.DefaultMavenResourcesFiltering - Copying 0 resource from src\test\resources to target\test-classes
2025-04-27 22:54:04,659 [Worker-2: Building] WARN  o.a.m.s.f.DefaultMavenResourcesFiltering - Using platform encoding (UTF-8 actually) to copy filtered resources, i.e. build is platform dependent!
2025-04-27 22:54:04,660 [Worker-2: Building] INFO  o.a.m.s.f.DefaultMavenResourcesFiltering - Copying 1 resource from src\main\resources to target\classes
2025-04-27 22:54:04,662 [Worker-2: Building] WARN  o.a.m.s.f.DefaultMavenResourcesFiltering - Using platform encoding (UTF-8 actually) to copy filtered resources, i.e. build is platform dependent!
2025-04-27 22:54:04,664 [Worker-2: Building] INFO  o.a.m.s.f.DefaultMavenResourcesFiltering - Copying 0 resource from src\test\resources to target\test-classes
2025-04-27 22:55:27,910 [Worker-8: Building] WARN  o.a.m.s.f.DefaultMavenResourcesFiltering - Using platform encoding (UTF-8 actually) to copy filtered resources, i.e. build is platform dependent!
2025-04-27 22:55:27,911 [Worker-8: Building] INFO  o.a.m.s.f.DefaultMavenResourcesFiltering - Copying 1 resource from src\main\resources to target\classes
2025-04-27 22:55:27,915 [Worker-8: Building] WARN  o.a.m.s.f.DefaultMavenResourcesFiltering - Using platform encoding (UTF-8 actually) to copy filtered resources, i.e. build is platform dependent!
2025-04-27 22:55:27,916 [Worker-8: Building] INFO  o.a.m.s.f.DefaultMavenResourcesFiltering - Copying 0 resource from src\test\resources to target\test-classes
2025-04-27 22:55:30,996 [Worker-19: Building] WARN  o.a.m.s.f.DefaultMavenResourcesFiltering - Using platform encoding (UTF-8 actually) to copy filtered resources, i.e. build is platform dependent!
2025-04-27 22:55:30,998 [Worker-19: Building] INFO  o.a.m.s.f.DefaultMavenResourcesFiltering - Copying 1 resource from src\main\resources to target\classes
2025-04-27 22:55:31,000 [Worker-19: Building] WARN  o.a.m.s.f.DefaultMavenResourcesFiltering - Using platform encoding (UTF-8 actually) to copy filtered resources, i.e. build is platform dependent!
2025-04-27 22:55:31,002 [Worker-19: Building] INFO  o.a.m.s.f.DefaultMavenResourcesFiltering - Copying 0 resource from src\test\resources to target\test-classes
2025-04-27 22:55:35,513 [Worker-19: Building] WARN  o.a.m.s.f.DefaultMavenResourcesFiltering - Using platform encoding (UTF-8 actually) to copy filtered resources, i.e. build is platform dependent!
2025-04-27 22:55:35,514 [Worker-19: Building] INFO  o.a.m.s.f.DefaultMavenResourcesFiltering - Copying 1 resource from src\main\resources to target\classes
2025-04-27 22:55:35,517 [Worker-19: Building] WARN  o.a.m.s.f.DefaultMavenResourcesFiltering - Using platform encoding (UTF-8 actually) to copy filtered resources, i.e. build is platform dependent!
2025-04-27 22:55:35,518 [Worker-19: Building] INFO  o.a.m.s.f.DefaultMavenResourcesFiltering - Copying 0 resource from src\test\resources to target\test-classes
2025-04-27 22:56:11,023 [Worker-22: Building] WARN  o.a.m.s.f.DefaultMavenResourcesFiltering - Using platform encoding (UTF-8 actually) to copy filtered resources, i.e. build is platform dependent!
2025-04-27 22:56:11,025 [Worker-22: Building] INFO  o.a.m.s.f.DefaultMavenResourcesFiltering - Copying 1 resource from src\main\resources to target\classes
2025-04-27 22:56:11,027 [Worker-22: Building] WARN  o.a.m.s.f.DefaultMavenResourcesFiltering - Using platform encoding (UTF-8 actually) to copy filtered resources, i.e. build is platform dependent!
2025-04-27 22:56:11,028 [Worker-22: Building] INFO  o.a.m.s.f.DefaultMavenResourcesFiltering - Copying 0 resource from src\test\resources to target\test-classes
2025-04-27 22:56:14,876 [Worker-22: Building] WARN  o.a.m.s.f.DefaultMavenResourcesFiltering - Using platform encoding (UTF-8 actually) to copy filtered resources, i.e. build is platform dependent!
2025-04-27 22:56:14,877 [Worker-22: Building] INFO  o.a.m.s.f.DefaultMavenResourcesFiltering - Copying 1 resource from src\main\resources to target\classes
2025-04-27 22:56:14,879 [Worker-22: Building] WARN  o.a.m.s.f.DefaultMavenResourcesFiltering - Using platform encoding (UTF-8 actually) to copy filtered resources, i.e. build is platform dependent!
2025-04-27 22:56:14,880 [Worker-22: Building] INFO  o.a.m.s.f.DefaultMavenResourcesFiltering - Copying 0 resource from src\test\resources to target\test-classes
2025-04-27 22:57:16,436 [Worker-19: Building] WARN  o.a.m.s.f.DefaultMavenResourcesFiltering - Using platform encoding (UTF-8 actually) to copy filtered resources, i.e. build is platform dependent!
2025-04-27 22:57:16,437 [Worker-19: Building] INFO  o.a.m.s.f.DefaultMavenResourcesFiltering - Copying 1 resource from src\main\resources to target\classes
2025-04-27 22:57:16,439 [Worker-19: Building] WARN  o.a.m.s.f.DefaultMavenResourcesFiltering - Using platform encoding (UTF-8 actually) to copy filtered resources, i.e. build is platform dependent!
2025-04-27 22:57:16,440 [Worker-19: Building] INFO  o.a.m.s.f.DefaultMavenResourcesFiltering - Copying 0 resource from src\test\resources to target\test-classes
2025-04-27 22:58:02,491 [Worker-8: Building] WARN  o.a.m.s.f.DefaultMavenResourcesFiltering - Using platform encoding (UTF-8 actually) to copy filtered resources, i.e. build is platform dependent!
2025-04-27 22:58:02,493 [Worker-8: Building] INFO  o.a.m.s.f.DefaultMavenResourcesFiltering - Copying 1 resource from src\main\resources to target\classes
2025-04-27 22:58:02,496 [Worker-8: Building] WARN  o.a.m.s.f.DefaultMavenResourcesFiltering - Using platform encoding (UTF-8 actually) to copy filtered resources, i.e. build is platform dependent!
2025-04-27 22:58:02,497 [Worker-8: Building] INFO  o.a.m.s.f.DefaultMavenResourcesFiltering - Copying 0 resource from src\test\resources to target\test-classes
2025-04-27 23:03:53,485 [Worker-37: Building] WARN  o.a.m.s.f.DefaultMavenResourcesFiltering - Using platform encoding (UTF-8 actually) to copy filtered resources, i.e. build is platform dependent!
2025-04-27 23:03:53,487 [Worker-37: Building] INFO  o.a.m.s.f.DefaultMavenResourcesFiltering - Copying 1 resource from src\main\resources to target\classes
2025-04-27 23:03:53,490 [Worker-37: Building] WARN  o.a.m.s.f.DefaultMavenResourcesFiltering - Using platform encoding (UTF-8 actually) to copy filtered resources, i.e. build is platform dependent!
2025-04-27 23:03:53,492 [Worker-37: Building] INFO  o.a.m.s.f.DefaultMavenResourcesFiltering - Copying 0 resource from src\test\resources to target\test-classes
2025-04-27 23:04:34,043 [Worker-19: Building] WARN  o.a.m.s.f.DefaultMavenResourcesFiltering - Using platform encoding (UTF-8 actually) to copy filtered resources, i.e. build is platform dependent!
2025-04-27 23:04:34,044 [Worker-19: Building] INFO  o.a.m.s.f.DefaultMavenResourcesFiltering - Copying 1 resource from src\main\resources to target\classes
2025-04-27 23:04:34,046 [Worker-19: Building] WARN  o.a.m.s.f.DefaultMavenResourcesFiltering - Using platform encoding (UTF-8 actually) to copy filtered resources, i.e. build is platform dependent!
2025-04-27 23:04:34,047 [Worker-19: Building] INFO  o.a.m.s.f.DefaultMavenResourcesFiltering - Copying 0 resource from src\test\resources to target\test-classes
2025-04-27 23:05:11,763 [Worker-2: Building] WARN  o.a.m.s.f.DefaultMavenResourcesFiltering - Using platform encoding (UTF-8 actually) to copy filtered resources, i.e. build is platform dependent!
2025-04-27 23:05:11,764 [Worker-2: Building] INFO  o.a.m.s.f.DefaultMavenResourcesFiltering - Copying 0 resource from src\main\resources to target\classes
2025-04-27 23:05:11,766 [Worker-2: Building] WARN  o.a.m.s.f.DefaultMavenResourcesFiltering - Using platform encoding (UTF-8 actually) to copy filtered resources, i.e. build is platform dependent!
2025-04-27 23:05:11,767 [Worker-2: Building] INFO  o.a.m.s.f.DefaultMavenResourcesFiltering - Copying 0 resource from src\test\resources to target\test-classes
2025-04-27 23:06:38,286 [Worker-37: Building] WARN  o.a.m.s.f.DefaultMavenResourcesFiltering - Using platform encoding (UTF-8 actually) to copy filtered resources, i.e. build is platform dependent!
2025-04-27 23:06:38,287 [Worker-37: Building] INFO  o.a.m.s.f.DefaultMavenResourcesFiltering - Copying 1 resource from src\main\resources to target\classes
2025-04-27 23:06:38,289 [Worker-37: Building] WARN  o.a.m.s.f.DefaultMavenResourcesFiltering - Using platform encoding (UTF-8 actually) to copy filtered resources, i.e. build is platform dependent!
2025-04-27 23:06:38,290 [Worker-37: Building] INFO  o.a.m.s.f.DefaultMavenResourcesFiltering - Copying 0 resource from src\test\resources to target\test-classes
2025-04-27 23:07:14,298 [Worker-8: Building] WARN  o.a.m.s.f.DefaultMavenResourcesFiltering - Using platform encoding (UTF-8 actually) to copy filtered resources, i.e. build is platform dependent!
2025-04-27 23:07:14,299 [Worker-8: Building] INFO  o.a.m.s.f.DefaultMavenResourcesFiltering - Copying 1 resource from src\main\resources to target\classes
2025-04-27 23:07:14,301 [Worker-8: Building] WARN  o.a.m.s.f.DefaultMavenResourcesFiltering - Using platform encoding (UTF-8 actually) to copy filtered resources, i.e. build is platform dependent!
2025-04-27 23:07:14,301 [Worker-8: Building] INFO  o.a.m.s.f.DefaultMavenResourcesFiltering - Copying 0 resource from src\test\resources to target\test-classes
2025-04-27 23:08:47,941 [Worker-19: Building] WARN  o.a.m.s.f.DefaultMavenResourcesFiltering - Using platform encoding (UTF-8 actually) to copy filtered resources, i.e. build is platform dependent!
2025-04-27 23:08:47,949 [Worker-19: Building] INFO  o.a.m.s.f.DefaultMavenResourcesFiltering - Copying 1 resource from src\main\resources to target\classes
2025-04-27 23:08:47,970 [Worker-19: Building] WARN  o.a.m.s.f.DefaultMavenResourcesFiltering - Using platform encoding (UTF-8 actually) to copy filtered resources, i.e. build is platform dependent!
2025-04-27 23:08:47,971 [Worker-19: Building] INFO  o.a.m.s.f.DefaultMavenResourcesFiltering - Copying 0 resource from src\test\resources to target\test-classes
2025-04-27 23:11:52,754 [Worker-23: Building] WARN  o.a.m.s.f.DefaultMavenResourcesFiltering - Using platform encoding (UTF-8 actually) to copy filtered resources, i.e. build is platform dependent!
2025-04-27 23:11:52,757 [Worker-23: Building] INFO  o.a.m.s.f.DefaultMavenResourcesFiltering - Copying 1 resource from src\main\resources to target\classes
2025-04-27 23:11:52,760 [Worker-23: Building] WARN  o.a.m.s.f.DefaultMavenResourcesFiltering - Using platform encoding (UTF-8 actually) to copy filtered resources, i.e. build is platform dependent!
2025-04-27 23:11:52,761 [Worker-23: Building] INFO  o.a.m.s.f.DefaultMavenResourcesFiltering - Copying 0 resource from src\test\resources to target\test-classes
2025-04-27 23:22:57,462 [Worker-19: Building] WARN  o.a.m.s.f.DefaultMavenResourcesFiltering - Using platform encoding (UTF-8 actually) to copy filtered resources, i.e. build is platform dependent!
2025-04-27 23:22:57,467 [Worker-19: Building] INFO  o.a.m.s.f.DefaultMavenResourcesFiltering - Copying 1 resource from src\main\resources to target\classes
2025-04-27 23:22:57,469 [Worker-19: Building] WARN  o.a.m.s.f.DefaultMavenResourcesFiltering - Using platform encoding (UTF-8 actually) to copy filtered resources, i.e. build is platform dependent!
2025-04-27 23:22:57,470 [Worker-19: Building] INFO  o.a.m.s.f.DefaultMavenResourcesFiltering - Copying 0 resource from src\test\resources to target\test-classes
2025-04-27 23:24:29,096 [Worker-41: Building] WARN  o.a.m.s.f.DefaultMavenResourcesFiltering - Using platform encoding (UTF-8 actually) to copy filtered resources, i.e. build is platform dependent!
2025-04-27 23:24:29,096 [Worker-41: Building] INFO  o.a.m.s.f.DefaultMavenResourcesFiltering - Copying 1 resource from src\main\resources to target\classes
2025-04-27 23:24:29,100 [Worker-41: Building] WARN  o.a.m.s.f.DefaultMavenResourcesFiltering - Using platform encoding (UTF-8 actually) to copy filtered resources, i.e. build is platform dependent!
2025-04-27 23:24:29,100 [Worker-41: Building] INFO  o.a.m.s.f.DefaultMavenResourcesFiltering - Copying 0 resource from src\test\resources to target\test-classes
2025-04-27 23:25:11,846 [Worker-40: Building] WARN  o.a.m.s.f.DefaultMavenResourcesFiltering - Using platform encoding (UTF-8 actually) to copy filtered resources, i.e. build is platform dependent!
2025-04-27 23:25:11,847 [Worker-40: Building] INFO  o.a.m.s.f.DefaultMavenResourcesFiltering - Copying 1 resource from src\main\resources to target\classes
2025-04-27 23:25:11,849 [Worker-40: Building] WARN  o.a.m.s.f.DefaultMavenResourcesFiltering - Using platform encoding (UTF-8 actually) to copy filtered resources, i.e. build is platform dependent!
2025-04-27 23:25:11,850 [Worker-40: Building] INFO  o.a.m.s.f.DefaultMavenResourcesFiltering - Copying 0 resource from src\test\resources to target\test-classes
2025-04-27 23:26:49,795 [Worker-34: Building] WARN  o.a.m.s.f.DefaultMavenResourcesFiltering - Using platform encoding (UTF-8 actually) to copy filtered resources, i.e. build is platform dependent!
2025-04-27 23:26:49,799 [Worker-34: Building] INFO  o.a.m.s.f.DefaultMavenResourcesFiltering - Copying 1 resource from src\main\resources to target\classes
2025-04-27 23:26:49,803 [Worker-34: Building] WARN  o.a.m.s.f.DefaultMavenResourcesFiltering - Using platform encoding (UTF-8 actually) to copy filtered resources, i.e. build is platform dependent!
2025-04-27 23:26:49,804 [Worker-34: Building] INFO  o.a.m.s.f.DefaultMavenResourcesFiltering - Copying 0 resource from src\test\resources to target\test-classes
2025-04-27 23:29:45,237 [Worker-37: Building] WARN  o.a.m.s.f.DefaultMavenResourcesFiltering - Using platform encoding (UTF-8 actually) to copy filtered resources, i.e. build is platform dependent!
2025-04-27 23:29:45,238 [Worker-37: Building] INFO  o.a.m.s.f.DefaultMavenResourcesFiltering - Copying 0 resource from src\main\resources to target\classes
2025-04-27 23:29:45,240 [Worker-37: Building] WARN  o.a.m.s.f.DefaultMavenResourcesFiltering - Using platform encoding (UTF-8 actually) to copy filtered resources, i.e. build is platform dependent!
2025-04-27 23:29:45,241 [Worker-37: Building] INFO  o.a.m.s.f.DefaultMavenResourcesFiltering - Copying 0 resource from src\test\resources to target\test-classes
2025-04-27 23:30:18,104 [Worker-37: Building] WARN  o.a.m.s.f.DefaultMavenResourcesFiltering - Using platform encoding (UTF-8 actually) to copy filtered resources, i.e. build is platform dependent!
2025-04-27 23:30:18,105 [Worker-37: Building] INFO  o.a.m.s.f.DefaultMavenResourcesFiltering - Copying 0 resource from src\main\resources to target\classes
2025-04-27 23:30:18,108 [Worker-37: Building] WARN  o.a.m.s.f.DefaultMavenResourcesFiltering - Using platform encoding (UTF-8 actually) to copy filtered resources, i.e. build is platform dependent!
2025-04-27 23:30:18,109 [Worker-37: Building] INFO  o.a.m.s.f.DefaultMavenResourcesFiltering - Copying 0 resource from src\test\resources to target\test-classes
2025-04-27 23:32:22,223 [Worker-42: Building] WARN  o.a.m.s.f.DefaultMavenResourcesFiltering - Using platform encoding (UTF-8 actually) to copy filtered resources, i.e. build is platform dependent!
2025-04-27 23:32:22,226 [Worker-42: Building] INFO  o.a.m.s.f.DefaultMavenResourcesFiltering - Copying 1 resource from src\main\resources to target\classes
2025-04-27 23:32:22,228 [Worker-42: Building] WARN  o.a.m.s.f.DefaultMavenResourcesFiltering - Using platform encoding (UTF-8 actually) to copy filtered resources, i.e. build is platform dependent!
2025-04-27 23:32:22,229 [Worker-42: Building] INFO  o.a.m.s.f.DefaultMavenResourcesFiltering - Copying 0 resource from src\test\resources to target\test-classes
2025-04-27 23:32:24,296 [Worker-19: Building] WARN  o.a.m.s.f.DefaultMavenResourcesFiltering - Using platform encoding (UTF-8 actually) to copy filtered resources, i.e. build is platform dependent!
2025-04-27 23:32:24,297 [Worker-19: Building] INFO  o.a.m.s.f.DefaultMavenResourcesFiltering - Copying 1 resource from src\main\resources to target\classes
2025-04-27 23:32:24,299 [Worker-19: Building] WARN  o.a.m.s.f.DefaultMavenResourcesFiltering - Using platform encoding (UTF-8 actually) to copy filtered resources, i.e. build is platform dependent!
2025-04-27 23:32:24,299 [Worker-19: Building] INFO  o.a.m.s.f.DefaultMavenResourcesFiltering - Copying 0 resource from src\test\resources to target\test-classes
2025-04-27 23:35:50,767 [Worker-42: Building] WARN  o.a.m.s.f.DefaultMavenResourcesFiltering - Using platform encoding (UTF-8 actually) to copy filtered resources, i.e. build is platform dependent!
2025-04-27 23:35:50,776 [Worker-42: Building] INFO  o.a.m.s.f.DefaultMavenResourcesFiltering - Copying 0 resource from src\main\resources to target\classes
2025-04-27 23:35:50,780 [Worker-42: Building] WARN  o.a.m.s.f.DefaultMavenResourcesFiltering - Using platform encoding (UTF-8 actually) to copy filtered resources, i.e. build is platform dependent!
2025-04-27 23:35:50,781 [Worker-42: Building] INFO  o.a.m.s.f.DefaultMavenResourcesFiltering - Copying 0 resource from src\test\resources to target\test-classes
2025-04-27 23:38:18,594 [Worker-42: Building] WARN  o.a.m.s.f.DefaultMavenResourcesFiltering - Using platform encoding (UTF-8 actually) to copy filtered resources, i.e. build is platform dependent!
2025-04-27 23:38:18,596 [Worker-42: Building] INFO  o.a.m.s.f.DefaultMavenResourcesFiltering - Copying 1 resource from src\main\resources to target\classes
2025-04-27 23:38:18,599 [Worker-42: Building] WARN  o.a.m.s.f.DefaultMavenResourcesFiltering - Using platform encoding (UTF-8 actually) to copy filtered resources, i.e. build is platform dependent!
2025-04-27 23:38:18,600 [Worker-42: Building] INFO  o.a.m.s.f.DefaultMavenResourcesFiltering - Copying 0 resource from src\test\resources to target\test-classes
2025-04-27 23:39:55,939 [Worker-34: Building] WARN  o.a.m.s.f.DefaultMavenResourcesFiltering - Using platform encoding (UTF-8 actually) to copy filtered resources, i.e. build is platform dependent!
2025-04-27 23:39:55,940 [Worker-34: Building] INFO  o.a.m.s.f.DefaultMavenResourcesFiltering - Copying 1 resource from src\main\resources to target\classes
2025-04-27 23:39:55,942 [Worker-34: Building] WARN  o.a.m.s.f.DefaultMavenResourcesFiltering - Using platform encoding (UTF-8 actually) to copy filtered resources, i.e. build is platform dependent!
2025-04-27 23:39:55,943 [Worker-34: Building] INFO  o.a.m.s.f.DefaultMavenResourcesFiltering - Copying 0 resource from src\test\resources to target\test-classes
2025-04-27 23:40:02,467 [Worker-41: Building] WARN  o.a.m.s.f.DefaultMavenResourcesFiltering - Using platform encoding (UTF-8 actually) to copy filtered resources, i.e. build is platform dependent!
2025-04-27 23:40:02,469 [Worker-41: Building] INFO  o.a.m.s.f.DefaultMavenResourcesFiltering - Copying 1 resource from src\main\resources to target\classes
2025-04-27 23:40:02,472 [Worker-41: Building] WARN  o.a.m.s.f.DefaultMavenResourcesFiltering - Using platform encoding (UTF-8 actually) to copy filtered resources, i.e. build is platform dependent!
2025-04-27 23:40:02,473 [Worker-41: Building] INFO  o.a.m.s.f.DefaultMavenResourcesFiltering - Copying 0 resource from src\test\resources to target\test-classes
2025-04-27 23:41:46,113 [Worker-19: Building] WARN  o.a.m.s.f.DefaultMavenResourcesFiltering - Using platform encoding (UTF-8 actually) to copy filtered resources, i.e. build is platform dependent!
2025-04-27 23:41:46,115 [Worker-19: Building] INFO  o.a.m.s.f.DefaultMavenResourcesFiltering - Copying 1 resource from src\main\resources to target\classes
2025-04-27 23:41:46,118 [Worker-19: Building] WARN  o.a.m.s.f.DefaultMavenResourcesFiltering - Using platform encoding (UTF-8 actually) to copy filtered resources, i.e. build is platform dependent!
2025-04-27 23:41:46,120 [Worker-19: Building] INFO  o.a.m.s.f.DefaultMavenResourcesFiltering - Copying 0 resource from src\test\resources to target\test-classes
2025-04-27 23:44:01,890 [Worker-41: Building] WARN  o.a.m.s.f.DefaultMavenResourcesFiltering - Using platform encoding (UTF-8 actually) to copy filtered resources, i.e. build is platform dependent!
2025-04-27 23:44:01,893 [Worker-41: Building] INFO  o.a.m.s.f.DefaultMavenResourcesFiltering - Copying 1 resource from src\main\resources to target\classes
2025-04-27 23:44:01,897 [Worker-41: Building] WARN  o.a.m.s.f.DefaultMavenResourcesFiltering - Using platform encoding (UTF-8 actually) to copy filtered resources, i.e. build is platform dependent!
2025-04-27 23:44:01,898 [Worker-41: Building] INFO  o.a.m.s.f.DefaultMavenResourcesFiltering - Copying 0 resource from src\test\resources to target\test-classes
2025-04-27 23:49:23,744 [Worker-34: Building] WARN  o.a.m.s.f.DefaultMavenResourcesFiltering - Using platform encoding (UTF-8 actually) to copy filtered resources, i.e. build is platform dependent!
2025-04-27 23:49:23,751 [Worker-34: Building] INFO  o.a.m.s.f.DefaultMavenResourcesFiltering - Copying 1 resource from src\main\resources to target\classes
2025-04-27 23:49:23,753 [Worker-34: Building] WARN  o.a.m.s.f.DefaultMavenResourcesFiltering - Using platform encoding (UTF-8 actually) to copy filtered resources, i.e. build is platform dependent!
2025-04-27 23:49:23,754 [Worker-34: Building] INFO  o.a.m.s.f.DefaultMavenResourcesFiltering - Copying 0 resource from src\test\resources to target\test-classes
2025-04-27 23:49:39,428 [Worker-34: Building] WARN  o.a.m.s.f.DefaultMavenResourcesFiltering - Using platform encoding (UTF-8 actually) to copy filtered resources, i.e. build is platform dependent!
2025-04-27 23:49:39,430 [Worker-34: Building] INFO  o.a.m.s.f.DefaultMavenResourcesFiltering - Copying 0 resource from src\main\resources to target\classes
2025-04-27 23:49:39,431 [Worker-34: Building] WARN  o.a.m.s.f.DefaultMavenResourcesFiltering - Using platform encoding (UTF-8 actually) to copy filtered resources, i.e. build is platform dependent!
2025-04-27 23:49:39,433 [Worker-34: Building] INFO  o.a.m.s.f.DefaultMavenResourcesFiltering - Copying 0 resource from src\test\resources to target\test-classes
2025-04-27 23:50:02,647 [Worker-42: Building] WARN  o.a.m.s.f.DefaultMavenResourcesFiltering - Using platform encoding (UTF-8 actually) to copy filtered resources, i.e. build is platform dependent!
2025-04-27 23:50:02,649 [Worker-42: Building] INFO  o.a.m.s.f.DefaultMavenResourcesFiltering - Copying 1 resource from src\main\resources to target\classes
2025-04-27 23:50:02,653 [Worker-42: Building] WARN  o.a.m.s.f.DefaultMavenResourcesFiltering - Using platform encoding (UTF-8 actually) to copy filtered resources, i.e. build is platform dependent!
2025-04-27 23:50:02,655 [Worker-42: Building] INFO  o.a.m.s.f.DefaultMavenResourcesFiltering - Copying 0 resource from src\test\resources to target\test-classes
2025-04-28 00:04:53,988 [Worker-47: Building] WARN  o.a.m.s.f.DefaultMavenResourcesFiltering - Using platform encoding (UTF-8 actually) to copy filtered resources, i.e. build is platform dependent!
2025-04-28 00:04:53,994 [Worker-47: Building] INFO  o.a.m.s.f.DefaultMavenResourcesFiltering - Copying 1 resource from src\main\resources to target\classes
2025-04-28 00:04:54,000 [Worker-47: Building] WARN  o.a.m.s.f.DefaultMavenResourcesFiltering - Using platform encoding (UTF-8 actually) to copy filtered resources, i.e. build is platform dependent!
2025-04-28 00:04:54,003 [Worker-47: Building] INFO  o.a.m.s.f.DefaultMavenResourcesFiltering - Copying 0 resource from src\test\resources to target\test-classes
2025-04-28 00:05:08,263 [Worker-47: Building] WARN  o.a.m.s.f.DefaultMavenResourcesFiltering - Using platform encoding (UTF-8 actually) to copy filtered resources, i.e. build is platform dependent!
2025-04-28 00:05:08,267 [Worker-47: Building] INFO  o.a.m.s.f.DefaultMavenResourcesFiltering - Copying 1 resource from src\main\resources to target\classes
2025-04-28 00:05:08,270 [Worker-47: Building] WARN  o.a.m.s.f.DefaultMavenResourcesFiltering - Using platform encoding (UTF-8 actually) to copy filtered resources, i.e. build is platform dependent!
2025-04-28 00:05:08,271 [Worker-47: Building] INFO  o.a.m.s.f.DefaultMavenResourcesFiltering - Copying 0 resource from src\test\resources to target\test-classes
2025-04-28 00:07:24,219 [Worker-43: Building] WARN  o.a.m.s.f.DefaultMavenResourcesFiltering - Using platform encoding (UTF-8 actually) to copy filtered resources, i.e. build is platform dependent!
2025-04-28 00:07:24,223 [Worker-43: Building] INFO  o.a.m.s.f.DefaultMavenResourcesFiltering - Copying 1 resource from src\main\resources to target\classes
2025-04-28 00:07:24,227 [Worker-43: Building] WARN  o.a.m.s.f.DefaultMavenResourcesFiltering - Using platform encoding (UTF-8 actually) to copy filtered resources, i.e. build is platform dependent!
2025-04-28 00:07:24,228 [Worker-43: Building] INFO  o.a.m.s.f.DefaultMavenResourcesFiltering - Copying 0 resource from src\test\resources to target\test-classes
2025-04-28 00:09:24,251 [Worker-43: Building] WARN  o.a.m.s.f.DefaultMavenResourcesFiltering - Using platform encoding (UTF-8 actually) to copy filtered resources, i.e. build is platform dependent!
2025-04-28 00:09:24,253 [Worker-43: Building] INFO  o.a.m.s.f.DefaultMavenResourcesFiltering - Copying 1 resource from src\main\resources to target\classes
2025-04-28 00:09:24,257 [Worker-43: Building] WARN  o.a.m.s.f.DefaultMavenResourcesFiltering - Using platform encoding (UTF-8 actually) to copy filtered resources, i.e. build is platform dependent!
2025-04-28 00:09:24,258 [Worker-43: Building] INFO  o.a.m.s.f.DefaultMavenResourcesFiltering - Copying 0 resource from src\test\resources to target\test-classes
2025-04-28 00:10:24,636 [Worker-49: Building] WARN  o.a.m.s.f.DefaultMavenResourcesFiltering - Using platform encoding (UTF-8 actually) to copy filtered resources, i.e. build is platform dependent!
2025-04-28 00:10:24,639 [Worker-49: Building] INFO  o.a.m.s.f.DefaultMavenResourcesFiltering - Copying 1 resource from src\main\resources to target\classes
2025-04-28 00:10:24,645 [Worker-49: Building] WARN  o.a.m.s.f.DefaultMavenResourcesFiltering - Using platform encoding (UTF-8 actually) to copy filtered resources, i.e. build is platform dependent!
2025-04-28 00:10:24,646 [Worker-49: Building] INFO  o.a.m.s.f.DefaultMavenResourcesFiltering - Copying 0 resource from src\test\resources to target\test-classes
2025-04-28 00:11:24,353 [Worker-50: Building] WARN  o.a.m.s.f.DefaultMavenResourcesFiltering - Using platform encoding (UTF-8 actually) to copy filtered resources, i.e. build is platform dependent!
2025-04-28 00:11:24,354 [Worker-50: Building] INFO  o.a.m.s.f.DefaultMavenResourcesFiltering - Copying 1 resource from src\main\resources to target\classes
2025-04-28 00:11:24,358 [Worker-50: Building] WARN  o.a.m.s.f.DefaultMavenResourcesFiltering - Using platform encoding (UTF-8 actually) to copy filtered resources, i.e. build is platform dependent!
2025-04-28 00:11:24,359 [Worker-50: Building] INFO  o.a.m.s.f.DefaultMavenResourcesFiltering - Copying 0 resource from src\test\resources to target\test-classes
2025-04-28 00:11:55,440 [Worker-48: Building] WARN  o.a.m.s.f.DefaultMavenResourcesFiltering - Using platform encoding (UTF-8 actually) to copy filtered resources, i.e. build is platform dependent!
2025-04-28 00:11:55,442 [Worker-48: Building] INFO  o.a.m.s.f.DefaultMavenResourcesFiltering - Copying 1 resource from src\main\resources to target\classes
2025-04-28 00:11:55,498 [Worker-48: Building] WARN  o.a.m.s.f.DefaultMavenResourcesFiltering - Using platform encoding (UTF-8 actually) to copy filtered resources, i.e. build is platform dependent!
2025-04-28 00:11:55,500 [Worker-48: Building] INFO  o.a.m.s.f.DefaultMavenResourcesFiltering - Copying 0 resource from src\test\resources to target\test-classes
2025-04-28 00:12:02,918 [Worker-47: Building] WARN  o.a.m.s.f.DefaultMavenResourcesFiltering - Using platform encoding (UTF-8 actually) to copy filtered resources, i.e. build is platform dependent!
2025-04-28 00:12:02,921 [Worker-47: Building] INFO  o.a.m.s.f.DefaultMavenResourcesFiltering - Copying 0 resource from src\main\resources to target\classes
2025-04-28 00:12:02,926 [Worker-47: Building] WARN  o.a.m.s.f.DefaultMavenResourcesFiltering - Using platform encoding (UTF-8 actually) to copy filtered resources, i.e. build is platform dependent!
2025-04-28 00:12:02,928 [Worker-47: Building] INFO  o.a.m.s.f.DefaultMavenResourcesFiltering - Copying 0 resource from src\test\resources to target\test-classes
2025-04-28 00:14:12,734 [Worker-48: Building] WARN  o.a.m.s.f.DefaultMavenResourcesFiltering - Using platform encoding (UTF-8 actually) to copy filtered resources, i.e. build is platform dependent!
2025-04-28 00:14:12,748 [Worker-48: Building] INFO  o.a.m.s.f.DefaultMavenResourcesFiltering - Copying 1 resource from src\main\resources to target\classes
2025-04-28 00:14:12,752 [Worker-48: Building] WARN  o.a.m.s.f.DefaultMavenResourcesFiltering - Using platform encoding (UTF-8 actually) to copy filtered resources, i.e. build is platform dependent!
2025-04-28 00:14:12,753 [Worker-48: Building] INFO  o.a.m.s.f.DefaultMavenResourcesFiltering - Copying 0 resource from src\test\resources to target\test-classes
2025-04-28 00:14:56,682 [Worker-47: Building] WARN  o.a.m.s.f.DefaultMavenResourcesFiltering - Using platform encoding (UTF-8 actually) to copy filtered resources, i.e. build is platform dependent!
2025-04-28 00:14:56,683 [Worker-47: Building] INFO  o.a.m.s.f.DefaultMavenResourcesFiltering - Copying 1 resource from src\main\resources to target\classes
2025-04-28 00:14:56,687 [Worker-47: Building] WARN  o.a.m.s.f.DefaultMavenResourcesFiltering - Using platform encoding (UTF-8 actually) to copy filtered resources, i.e. build is platform dependent!
2025-04-28 00:14:56,687 [Worker-47: Building] INFO  o.a.m.s.f.DefaultMavenResourcesFiltering - Copying 0 resource from src\test\resources to target\test-classes
2025-04-28 00:16:01,130 [Worker-50: Building] WARN  o.a.m.s.f.DefaultMavenResourcesFiltering - Using platform encoding (UTF-8 actually) to copy filtered resources, i.e. build is platform dependent!
2025-04-28 00:16:01,132 [Worker-50: Building] INFO  o.a.m.s.f.DefaultMavenResourcesFiltering - Copying 1 resource from src\main\resources to target\classes
2025-04-28 00:16:01,136 [Worker-50: Building] WARN  o.a.m.s.f.DefaultMavenResourcesFiltering - Using platform encoding (UTF-8 actually) to copy filtered resources, i.e. build is platform dependent!
2025-04-28 00:16:01,138 [Worker-50: Building] INFO  o.a.m.s.f.DefaultMavenResourcesFiltering - Copying 0 resource from src\test\resources to target\test-classes
2025-04-28 00:16:16,056 [Worker-49: Building] WARN  o.a.m.s.f.DefaultMavenResourcesFiltering - Using platform encoding (UTF-8 actually) to copy filtered resources, i.e. build is platform dependent!
2025-04-28 00:16:16,058 [Worker-49: Building] INFO  o.a.m.s.f.DefaultMavenResourcesFiltering - Copying 1 resource from src\main\resources to target\classes
2025-04-28 00:16:16,061 [Worker-49: Building] WARN  o.a.m.s.f.DefaultMavenResourcesFiltering - Using platform encoding (UTF-8 actually) to copy filtered resources, i.e. build is platform dependent!
2025-04-28 00:16:16,062 [Worker-49: Building] INFO  o.a.m.s.f.DefaultMavenResourcesFiltering - Copying 0 resource from src\test\resources to target\test-classes
2025-04-28 00:18:50,993 [Worker-49: Building] WARN  o.a.m.s.f.DefaultMavenResourcesFiltering - Using platform encoding (UTF-8 actually) to copy filtered resources, i.e. build is platform dependent!
2025-04-28 00:18:51,002 [Worker-49: Building] INFO  o.a.m.s.f.DefaultMavenResourcesFiltering - Copying 1 resource from src\main\resources to target\classes
2025-04-28 00:18:51,006 [Worker-49: Building] WARN  o.a.m.s.f.DefaultMavenResourcesFiltering - Using platform encoding (UTF-8 actually) to copy filtered resources, i.e. build is platform dependent!
2025-04-28 00:18:51,007 [Worker-49: Building] INFO  o.a.m.s.f.DefaultMavenResourcesFiltering - Copying 0 resource from src\test\resources to target\test-classes
2025-04-28 00:20:14,667 [Worker-48: Building] WARN  o.a.m.s.f.DefaultMavenResourcesFiltering - Using platform encoding (UTF-8 actually) to copy filtered resources, i.e. build is platform dependent!
2025-04-28 00:20:14,668 [Worker-48: Building] INFO  o.a.m.s.f.DefaultMavenResourcesFiltering - Copying 1 resource from src\main\resources to target\classes
2025-04-28 00:20:14,672 [Worker-48: Building] WARN  o.a.m.s.f.DefaultMavenResourcesFiltering - Using platform encoding (UTF-8 actually) to copy filtered resources, i.e. build is platform dependent!
2025-04-28 00:20:14,673 [Worker-48: Building] INFO  o.a.m.s.f.DefaultMavenResourcesFiltering - Copying 0 resource from src\test\resources to target\test-classes
2025-04-28 00:22:02,074 [Worker-48: Building] WARN  o.a.m.s.f.DefaultMavenResourcesFiltering - Using platform encoding (UTF-8 actually) to copy filtered resources, i.e. build is platform dependent!
2025-04-28 00:22:02,078 [Worker-48: Building] INFO  o.a.m.s.f.DefaultMavenResourcesFiltering - Copying 1 resource from src\main\resources to target\classes
2025-04-28 00:22:02,081 [Worker-48: Building] WARN  o.a.m.s.f.DefaultMavenResourcesFiltering - Using platform encoding (UTF-8 actually) to copy filtered resources, i.e. build is platform dependent!
2025-04-28 00:22:02,083 [Worker-48: Building] INFO  o.a.m.s.f.DefaultMavenResourcesFiltering - Copying 0 resource from src\test\resources to target\test-classes
2025-04-28 00:22:06,507 [Worker-52: Building] WARN  o.a.m.s.f.DefaultMavenResourcesFiltering - Using platform encoding (UTF-8 actually) to copy filtered resources, i.e. build is platform dependent!
2025-04-28 00:22:06,509 [Worker-52: Building] INFO  o.a.m.s.f.DefaultMavenResourcesFiltering - Copying 1 resource from src\main\resources to target\classes
2025-04-28 00:22:06,514 [Worker-52: Building] WARN  o.a.m.s.f.DefaultMavenResourcesFiltering - Using platform encoding (UTF-8 actually) to copy filtered resources, i.e. build is platform dependent!
2025-04-28 00:22:06,516 [Worker-52: Building] INFO  o.a.m.s.f.DefaultMavenResourcesFiltering - Copying 0 resource from src\test\resources to target\test-classes
2025-04-28 00:24:21,968 [Worker-49: Building] WARN  o.a.m.s.f.DefaultMavenResourcesFiltering - Using platform encoding (UTF-8 actually) to copy filtered resources, i.e. build is platform dependent!
2025-04-28 00:24:21,971 [Worker-49: Building] INFO  o.a.m.s.f.DefaultMavenResourcesFiltering - Copying 1 resource from src\main\resources to target\classes
2025-04-28 00:24:21,974 [Worker-49: Building] WARN  o.a.m.s.f.DefaultMavenResourcesFiltering - Using platform encoding (UTF-8 actually) to copy filtered resources, i.e. build is platform dependent!
2025-04-28 00:24:21,975 [Worker-49: Building] INFO  o.a.m.s.f.DefaultMavenResourcesFiltering - Copying 0 resource from src\test\resources to target\test-classes
2025-04-28 00:25:27,884 [Worker-49: Building] WARN  o.a.m.s.f.DefaultMavenResourcesFiltering - Using platform encoding (UTF-8 actually) to copy filtered resources, i.e. build is platform dependent!
2025-04-28 00:25:27,886 [Worker-49: Building] INFO  o.a.m.s.f.DefaultMavenResourcesFiltering - Copying 1 resource from src\main\resources to target\classes
2025-04-28 00:25:27,888 [Worker-49: Building] WARN  o.a.m.s.f.DefaultMavenResourcesFiltering - Using platform encoding (UTF-8 actually) to copy filtered resources, i.e. build is platform dependent!
2025-04-28 00:25:27,890 [Worker-49: Building] INFO  o.a.m.s.f.DefaultMavenResourcesFiltering - Copying 0 resource from src\test\resources to target\test-classes
2025-04-28 00:28:43,817 [Worker-37: Building] WARN  o.a.m.s.f.DefaultMavenResourcesFiltering - Using platform encoding (UTF-8 actually) to copy filtered resources, i.e. build is platform dependent!
2025-04-28 00:28:43,822 [Worker-37: Building] INFO  o.a.m.s.f.DefaultMavenResourcesFiltering - Copying 1 resource from src\main\resources to target\classes
2025-04-28 00:28:43,826 [Worker-37: Building] WARN  o.a.m.s.f.DefaultMavenResourcesFiltering - Using platform encoding (UTF-8 actually) to copy filtered resources, i.e. build is platform dependent!
2025-04-28 00:28:43,828 [Worker-37: Building] INFO  o.a.m.s.f.DefaultMavenResourcesFiltering - Copying 0 resource from src\test\resources to target\test-classes
2025-04-28 00:31:11,474 [Worker-50: Building] WARN  o.a.m.s.f.DefaultMavenResourcesFiltering - Using platform encoding (UTF-8 actually) to copy filtered resources, i.e. build is platform dependent!
2025-04-28 00:31:11,479 [Worker-50: Building] INFO  o.a.m.s.f.DefaultMavenResourcesFiltering - Copying 1 resource from src\main\resources to target\classes
2025-04-28 00:31:11,483 [Worker-50: Building] WARN  o.a.m.s.f.DefaultMavenResourcesFiltering - Using platform encoding (UTF-8 actually) to copy filtered resources, i.e. build is platform dependent!
2025-04-28 00:31:11,485 [Worker-50: Building] INFO  o.a.m.s.f.DefaultMavenResourcesFiltering - Copying 0 resource from src\test\resources to target\test-classes
2025-04-28 00:31:19,350 [Worker-47: Building] WARN  o.a.m.s.f.DefaultMavenResourcesFiltering - Using platform encoding (UTF-8 actually) to copy filtered resources, i.e. build is platform dependent!
2025-04-28 00:31:19,352 [Worker-47: Building] INFO  o.a.m.s.f.DefaultMavenResourcesFiltering - Copying 1 resource from src\main\resources to target\classes
2025-04-28 00:31:19,354 [Worker-47: Building] WARN  o.a.m.s.f.DefaultMavenResourcesFiltering - Using platform encoding (UTF-8 actually) to copy filtered resources, i.e. build is platform dependent!
2025-04-28 00:31:19,356 [Worker-47: Building] INFO  o.a.m.s.f.DefaultMavenResourcesFiltering - Copying 0 resource from src\test\resources to target\test-classes
2025-04-28 00:31:28,491 [Worker-37: Building] WARN  o.a.m.s.f.DefaultMavenResourcesFiltering - Using platform encoding (UTF-8 actually) to copy filtered resources, i.e. build is platform dependent!
2025-04-28 00:31:28,493 [Worker-37: Building] INFO  o.a.m.s.f.DefaultMavenResourcesFiltering - Copying 0 resource from src\main\resources to target\classes
2025-04-28 00:31:28,495 [Worker-37: Building] WARN  o.a.m.s.f.DefaultMavenResourcesFiltering - Using platform encoding (UTF-8 actually) to copy filtered resources, i.e. build is platform dependent!
2025-04-28 00:31:28,497 [Worker-37: Building] INFO  o.a.m.s.f.DefaultMavenResourcesFiltering - Copying 0 resource from src\test\resources to target\test-classes
2025-04-28 00:33:40,184 [Worker-47: Building] WARN  o.a.m.s.f.DefaultMavenResourcesFiltering - Using platform encoding (UTF-8 actually) to copy filtered resources, i.e. build is platform dependent!
2025-04-28 00:33:40,188 [Worker-47: Building] INFO  o.a.m.s.f.DefaultMavenResourcesFiltering - Copying 1 resource from src\main\resources to target\classes
2025-04-28 00:33:40,192 [Worker-47: Building] WARN  o.a.m.s.f.DefaultMavenResourcesFiltering - Using platform encoding (UTF-8 actually) to copy filtered resources, i.e. build is platform dependent!
2025-04-28 00:33:40,193 [Worker-47: Building] INFO  o.a.m.s.f.DefaultMavenResourcesFiltering - Copying 0 resource from src\test\resources to target\test-classes
2025-04-28 00:35:17,138 [Worker-47: Building] WARN  o.a.m.s.f.DefaultMavenResourcesFiltering - Using platform encoding (UTF-8 actually) to copy filtered resources, i.e. build is platform dependent!
2025-04-28 00:35:17,140 [Worker-47: Building] INFO  o.a.m.s.f.DefaultMavenResourcesFiltering - Copying 1 resource from src\main\resources to target\classes
2025-04-28 00:35:17,144 [Worker-47: Building] WARN  o.a.m.s.f.DefaultMavenResourcesFiltering - Using platform encoding (UTF-8 actually) to copy filtered resources, i.e. build is platform dependent!
2025-04-28 00:35:17,145 [Worker-47: Building] INFO  o.a.m.s.f.DefaultMavenResourcesFiltering - Copying 0 resource from src\test\resources to target\test-classes
2025-04-28 00:35:26,809 [Worker-52: Building] WARN  o.a.m.s.f.DefaultMavenResourcesFiltering - Using platform encoding (UTF-8 actually) to copy filtered resources, i.e. build is platform dependent!
2025-04-28 00:35:26,812 [Worker-52: Building] INFO  o.a.m.s.f.DefaultMavenResourcesFiltering - Copying 0 resource from src\main\resources to target\classes
2025-04-28 00:35:26,840 [Worker-52: Building] WARN  o.a.m.s.f.DefaultMavenResourcesFiltering - Using platform encoding (UTF-8 actually) to copy filtered resources, i.e. build is platform dependent!
2025-04-28 00:35:26,844 [Worker-52: Building] INFO  o.a.m.s.f.DefaultMavenResourcesFiltering - Copying 0 resource from src\test\resources to target\test-classes
2025-04-28 00:36:44,570 [Worker-52: Building] WARN  o.a.m.s.f.DefaultMavenResourcesFiltering - Using platform encoding (UTF-8 actually) to copy filtered resources, i.e. build is platform dependent!
2025-04-28 00:36:44,573 [Worker-52: Building] INFO  o.a.m.s.f.DefaultMavenResourcesFiltering - Copying 1 resource from src\main\resources to target\classes
2025-04-28 00:36:44,576 [Worker-52: Building] WARN  o.a.m.s.f.DefaultMavenResourcesFiltering - Using platform encoding (UTF-8 actually) to copy filtered resources, i.e. build is platform dependent!
2025-04-28 00:36:44,578 [Worker-52: Building] INFO  o.a.m.s.f.DefaultMavenResourcesFiltering - Copying 0 resource from src\test\resources to target\test-classes
2025-04-28 00:36:47,464 [Worker-50: Building] WARN  o.a.m.s.f.DefaultMavenResourcesFiltering - Using platform encoding (UTF-8 actually) to copy filtered resources, i.e. build is platform dependent!
2025-04-28 00:36:47,466 [Worker-50: Building] INFO  o.a.m.s.f.DefaultMavenResourcesFiltering - Copying 0 resource from src\main\resources to target\classes
2025-04-28 00:36:47,467 [Worker-50: Building] WARN  o.a.m.s.f.DefaultMavenResourcesFiltering - Using platform encoding (UTF-8 actually) to copy filtered resources, i.e. build is platform dependent!
2025-04-28 00:36:47,468 [Worker-50: Building] INFO  o.a.m.s.f.DefaultMavenResourcesFiltering - Copying 0 resource from src\test\resources to target\test-classes
2025-04-28 00:40:21,696 [Worker-54: Building] WARN  o.a.m.s.f.DefaultMavenResourcesFiltering - Using platform encoding (UTF-8 actually) to copy filtered resources, i.e. build is platform dependent!
2025-04-28 00:40:21,698 [Worker-54: Building] INFO  o.a.m.s.f.DefaultMavenResourcesFiltering - Copying 1 resource from src\main\resources to target\classes
2025-04-28 00:40:21,700 [Worker-54: Building] WARN  o.a.m.s.f.DefaultMavenResourcesFiltering - Using platform encoding (UTF-8 actually) to copy filtered resources, i.e. build is platform dependent!
2025-04-28 00:40:21,701 [Worker-54: Building] INFO  o.a.m.s.f.DefaultMavenResourcesFiltering - Copying 0 resource from src\test\resources to target\test-classes
2025-04-28 00:40:52,053 [Worker-54: Building] WARN  o.a.m.s.f.DefaultMavenResourcesFiltering - Using platform encoding (UTF-8 actually) to copy filtered resources, i.e. build is platform dependent!
2025-04-28 00:40:52,057 [Worker-54: Building] INFO  o.a.m.s.f.DefaultMavenResourcesFiltering - Copying 0 resource from src\main\resources to target\classes
2025-04-28 00:40:52,061 [Worker-54: Building] WARN  o.a.m.s.f.DefaultMavenResourcesFiltering - Using platform encoding (UTF-8 actually) to copy filtered resources, i.e. build is platform dependent!
2025-04-28 00:40:52,063 [Worker-54: Building] INFO  o.a.m.s.f.DefaultMavenResourcesFiltering - Copying 0 resource from src\test\resources to target\test-classes
2025-04-28 00:41:05,506 [Worker-47: Building] WARN  o.a.m.s.f.DefaultMavenResourcesFiltering - Using platform encoding (UTF-8 actually) to copy filtered resources, i.e. build is platform dependent!
2025-04-28 00:41:05,507 [Worker-47: Building] INFO  o.a.m.s.f.DefaultMavenResourcesFiltering - Copying 0 resource from src\main\resources to target\classes
2025-04-28 00:41:05,508 [Worker-47: Building] WARN  o.a.m.s.f.DefaultMavenResourcesFiltering - Using platform encoding (UTF-8 actually) to copy filtered resources, i.e. build is platform dependent!
2025-04-28 00:41:05,509 [Worker-47: Building] INFO  o.a.m.s.f.DefaultMavenResourcesFiltering - Copying 0 resource from src\test\resources to target\test-classes
2025-04-28 00:43:46,379 [Worker-51: Building] WARN  o.a.m.s.f.DefaultMavenResourcesFiltering - Using platform encoding (UTF-8 actually) to copy filtered resources, i.e. build is platform dependent!
2025-04-28 00:43:46,380 [Worker-51: Building] INFO  o.a.m.s.f.DefaultMavenResourcesFiltering - Copying 1 resource from src\main\resources to target\classes
2025-04-28 00:43:46,382 [Worker-51: Building] WARN  o.a.m.s.f.DefaultMavenResourcesFiltering - Using platform encoding (UTF-8 actually) to copy filtered resources, i.e. build is platform dependent!
2025-04-28 00:43:46,383 [Worker-51: Building] INFO  o.a.m.s.f.DefaultMavenResourcesFiltering - Copying 0 resource from src\test\resources to target\test-classes
2025-04-28 00:44:06,544 [Worker-51: Building] WARN  o.a.m.s.f.DefaultMavenResourcesFiltering - Using platform encoding (UTF-8 actually) to copy filtered resources, i.e. build is platform dependent!
2025-04-28 00:44:06,578 [Worker-51: Building] INFO  o.a.m.s.f.DefaultMavenResourcesFiltering - Copying 0 resource from src\main\resources to target\classes
2025-04-28 00:44:06,583 [Worker-51: Building] WARN  o.a.m.s.f.DefaultMavenResourcesFiltering - Using platform encoding (UTF-8 actually) to copy filtered resources, i.e. build is platform dependent!
2025-04-28 00:44:06,585 [Worker-51: Building] INFO  o.a.m.s.f.DefaultMavenResourcesFiltering - Copying 0 resource from src\test\resources to target\test-classes
2025-04-28 22:17:56,709 [Worker-1: Loading available Gradle versions] INFO  o.e.b.c.i.u.g.PublishedGradleVersions - Gradle version information cache is up-to-date. Trying to read.
2025-04-28 23:04:56,289 [Worker-41: Launching Linkedin_Test_Run] INFO  o.e.m.c.i.e.AbstractTransferListenerAdapter - Downloading https://repo.maven.apache.org/maven2/org/seleniumhq/selenium/selenium-api/maven-metadata.xml
2025-04-28 23:04:56,327 [Worker-41: Launching Linkedin_Test_Run] INFO  o.e.m.c.i.e.AbstractTransferListenerAdapter - Downloaded https://repo.maven.apache.org/maven2/org/seleniumhq/selenium/selenium-api/maven-metadata.xml
2025-04-28 23:04:56,573 [Worker-41: Launching Linkedin_Test_Run] INFO  o.e.m.c.i.e.AbstractTransferListenerAdapter - Downloading https://repo.maven.apache.org/maven2/org/seleniumhq/selenium/selenium-remote-driver/maven-metadata.xml
2025-04-28 23:04:56,632 [Worker-41: Launching Linkedin_Test_Run] INFO  o.e.m.c.i.e.AbstractTransferListenerAdapter - Downloaded https://repo.maven.apache.org/maven2/org/seleniumhq/selenium/selenium-remote-driver/maven-metadata.xml
2025-04-28 23:04:59,852 [Worker-41: Launching Linkedin_Test_Run] INFO  o.e.m.c.i.e.AbstractTransferListenerAdapter - Downloading https://repo.maven.apache.org/maven2/org/seleniumhq/selenium/selenium-support/maven-metadata.xml
2025-04-28 23:04:59,893 [Worker-41: Launching Linkedin_Test_Run] INFO  o.e.m.c.i.e.AbstractTransferListenerAdapter - Downloaded https://repo.maven.apache.org/maven2/org/seleniumhq/selenium/selenium-support/maven-metadata.xml
2025-04-28 23:15:56,416 [Worker-42: Building] WARN  o.a.m.s.f.DefaultMavenResourcesFiltering - Using platform encoding (UTF-8 actually) to copy filtered resources, i.e. build is platform dependent!
2025-04-28 23:15:56,422 [Worker-42: Building] INFO  o.a.m.s.f.DefaultMavenResourcesFiltering - Copying 1 resource from src\main\resources to target\classes
2025-04-28 23:15:56,432 [Worker-42: Building] WARN  o.a.m.s.f.DefaultMavenResourcesFiltering - Using platform encoding (UTF-8 actually) to copy filtered resources, i.e. build is platform dependent!
2025-04-28 23:15:56,433 [Worker-42: Building] INFO  o.a.m.s.f.DefaultMavenResourcesFiltering - Copying 0 resource from src\test\resources to target\test-classes
2025-04-28 23:16:20,960 [Worker-46: Building] WARN  o.a.m.s.f.DefaultMavenResourcesFiltering - Using platform encoding (UTF-8 actually) to copy filtered resources, i.e. build is platform dependent!
2025-04-28 23:16:20,963 [Worker-46: Building] INFO  o.a.m.s.f.DefaultMavenResourcesFiltering - Copying 0 resource from src\main\resources to target\classes
2025-04-28 23:16:20,967 [Worker-46: Building] WARN  o.a.m.s.f.DefaultMavenResourcesFiltering - Using platform encoding (UTF-8 actually) to copy filtered resources, i.e. build is platform dependent!
2025-04-28 23:16:20,968 [Worker-46: Building] INFO  o.a.m.s.f.DefaultMavenResourcesFiltering - Copying 0 resource from src\test\resources to target\test-classes
2025-04-28 23:17:25,241 [Worker-46: Building] WARN  o.a.m.s.f.DefaultMavenResourcesFiltering - Using platform encoding (UTF-8 actually) to copy filtered resources, i.e. build is platform dependent!
2025-04-28 23:17:25,243 [Worker-46: Building] INFO  o.a.m.s.f.DefaultMavenResourcesFiltering - Copying 1 resource from src\main\resources to target\classes
2025-04-28 23:17:25,246 [Worker-46: Building] WARN  o.a.m.s.f.DefaultMavenResourcesFiltering - Using platform encoding (UTF-8 actually) to copy filtered resources, i.e. build is platform dependent!
2025-04-28 23:17:25,248 [Worker-46: Building] INFO  o.a.m.s.f.DefaultMavenResourcesFiltering - Copying 0 resource from src\test\resources to target\test-classes
2025-04-28 23:26:43,585 [Worker-51: Building] WARN  o.a.m.s.f.DefaultMavenResourcesFiltering - Using platform encoding (UTF-8 actually) to copy filtered resources, i.e. build is platform dependent!
2025-04-28 23:26:43,586 [Worker-51: Building] INFO  o.a.m.s.f.DefaultMavenResourcesFiltering - Copying 1 resource from src\main\resources to target\classes
2025-04-28 23:26:43,589 [Worker-51: Building] WARN  o.a.m.s.f.DefaultMavenResourcesFiltering - Using platform encoding (UTF-8 actually) to copy filtered resources, i.e. build is platform dependent!
2025-04-28 23:26:43,591 [Worker-51: Building] INFO  o.a.m.s.f.DefaultMavenResourcesFiltering - Copying 0 resource from src\test\resources to target\test-classes
2025-04-28 23:26:53,647 [Worker-50: Building] WARN  o.a.m.s.f.DefaultMavenResourcesFiltering - Using platform encoding (UTF-8 actually) to copy filtered resources, i.e. build is platform dependent!
2025-04-28 23:26:53,649 [Worker-50: Building] INFO  o.a.m.s.f.DefaultMavenResourcesFiltering - Copying 0 resource from src\main\resources to target\classes
2025-04-28 23:26:53,652 [Worker-50: Building] WARN  o.a.m.s.f.DefaultMavenResourcesFiltering - Using platform encoding (UTF-8 actually) to copy filtered resources, i.e. build is platform dependent!
2025-04-28 23:26:53,654 [Worker-50: Building] INFO  o.a.m.s.f.DefaultMavenResourcesFiltering - Copying 0 resource from src\test\resources to target\test-classes
2025-04-28 23:29:17,430 [Worker-52: Building] WARN  o.a.m.s.f.DefaultMavenResourcesFiltering - Using platform encoding (UTF-8 actually) to copy filtered resources, i.e. build is platform dependent!
2025-04-28 23:29:17,431 [Worker-52: Building] INFO  o.a.m.s.f.DefaultMavenResourcesFiltering - Copying 1 resource from src\main\resources to target\classes
2025-04-28 23:29:17,435 [Worker-52: Building] WARN  o.a.m.s.f.DefaultMavenResourcesFiltering - Using platform encoding (UTF-8 actually) to copy filtered resources, i.e. build is platform dependent!
2025-04-28 23:29:17,436 [Worker-52: Building] INFO  o.a.m.s.f.DefaultMavenResourcesFiltering - Copying 0 resource from src\test\resources to target\test-classes
2025-04-28 23:30:11,084 [Worker-48: Building] WARN  o.a.m.s.f.DefaultMavenResourcesFiltering - Using platform encoding (UTF-8 actually) to copy filtered resources, i.e. build is platform dependent!
2025-04-28 23:30:11,087 [Worker-48: Building] INFO  o.a.m.s.f.DefaultMavenResourcesFiltering - Copying 1 resource from src\main\resources to target\classes
2025-04-28 23:30:11,091 [Worker-48: Building] WARN  o.a.m.s.f.DefaultMavenResourcesFiltering - Using platform encoding (UTF-8 actually) to copy filtered resources, i.e. build is platform dependent!
2025-04-28 23:30:11,093 [Worker-48: Building] INFO  o.a.m.s.f.DefaultMavenResourcesFiltering - Copying 0 resource from src\test\resources to target\test-classes
2025-04-28 23:32:20,324 [Worker-17: Building] WARN  o.a.m.s.f.DefaultMavenResourcesFiltering - Using platform encoding (UTF-8 actually) to copy filtered resources, i.e. build is platform dependent!
2025-04-28 23:32:20,325 [Worker-17: Building] INFO  o.a.m.s.f.DefaultMavenResourcesFiltering - Copying 1 resource from src\main\resources to target\classes
2025-04-28 23:32:20,329 [Worker-17: Building] WARN  o.a.m.s.f.DefaultMavenResourcesFiltering - Using platform encoding (UTF-8 actually) to copy filtered resources, i.e. build is platform dependent!
2025-04-28 23:32:20,330 [Worker-17: Building] INFO  o.a.m.s.f.DefaultMavenResourcesFiltering - Copying 0 resource from src\test\resources to target\test-classes
2025-04-28 23:33:15,292 [Worker-46: Building] WARN  o.a.m.s.f.DefaultMavenResourcesFiltering - Using platform encoding (UTF-8 actually) to copy filtered resources, i.e. build is platform dependent!
2025-04-28 23:33:15,294 [Worker-46: Building] INFO  o.a.m.s.f.DefaultMavenResourcesFiltering - Copying 1 resource from src\main\resources to target\classes
2025-04-28 23:33:15,296 [Worker-46: Building] WARN  o.a.m.s.f.DefaultMavenResourcesFiltering - Using platform encoding (UTF-8 actually) to copy filtered resources, i.e. build is platform dependent!
2025-04-28 23:33:15,298 [Worker-46: Building] INFO  o.a.m.s.f.DefaultMavenResourcesFiltering - Copying 0 resource from src\test\resources to target\test-classes
2025-04-28 23:33:34,429 [Worker-17: Building] WARN  o.a.m.s.f.DefaultMavenResourcesFiltering - Using platform encoding (UTF-8 actually) to copy filtered resources, i.e. build is platform dependent!
2025-04-28 23:33:34,431 [Worker-17: Building] INFO  o.a.m.s.f.DefaultMavenResourcesFiltering - Copying 0 resource from src\main\resources to target\classes
2025-04-28 23:33:34,449 [Worker-17: Building] WARN  o.a.m.s.f.DefaultMavenResourcesFiltering - Using platform encoding (UTF-8 actually) to copy filtered resources, i.e. build is platform dependent!
2025-04-28 23:33:34,451 [Worker-17: Building] INFO  o.a.m.s.f.DefaultMavenResourcesFiltering - Copying 0 resource from src\test\resources to target\test-classes
2025-04-28 23:33:42,617 [Worker-51: Building] WARN  o.a.m.s.f.DefaultMavenResourcesFiltering - Using platform encoding (UTF-8 actually) to copy filtered resources, i.e. build is platform dependent!
2025-04-28 23:33:42,619 [Worker-51: Building] INFO  o.a.m.s.f.DefaultMavenResourcesFiltering - Copying 1 resource from src\main\resources to target\classes
2025-04-28 23:33:42,623 [Worker-51: Building] WARN  o.a.m.s.f.DefaultMavenResourcesFiltering - Using platform encoding (UTF-8 actually) to copy filtered resources, i.e. build is platform dependent!
2025-04-28 23:33:42,625 [Worker-51: Building] INFO  o.a.m.s.f.DefaultMavenResourcesFiltering - Copying 0 resource from src\test\resources to target\test-classes
2025-04-28 23:33:47,457 [Worker-52: Building] WARN  o.a.m.s.f.DefaultMavenResourcesFiltering - Using platform encoding (UTF-8 actually) to copy filtered resources, i.e. build is platform dependent!
2025-04-28 23:33:47,459 [Worker-52: Building] INFO  o.a.m.s.f.DefaultMavenResourcesFiltering - Copying 0 resource from src\main\resources to target\classes
2025-04-28 23:33:47,461 [Worker-52: Building] WARN  o.a.m.s.f.DefaultMavenResourcesFiltering - Using platform encoding (UTF-8 actually) to copy filtered resources, i.e. build is platform dependent!
2025-04-28 23:33:47,462 [Worker-52: Building] INFO  o.a.m.s.f.DefaultMavenResourcesFiltering - Copying 0 resource from src\test\resources to target\test-classes
2025-04-28 23:42:55,725 [Worker-54: Building] WARN  o.a.m.s.f.DefaultMavenResourcesFiltering - Using platform encoding (UTF-8 actually) to copy filtered resources, i.e. build is platform dependent!
2025-04-28 23:42:55,728 [Worker-54: Building] INFO  o.a.m.s.f.DefaultMavenResourcesFiltering - Copying 1 resource from src\main\resources to target\classes
2025-04-28 23:42:55,733 [Worker-54: Building] WARN  o.a.m.s.f.DefaultMavenResourcesFiltering - Using platform encoding (UTF-8 actually) to copy filtered resources, i.e. build is platform dependent!
2025-04-28 23:42:55,734 [Worker-54: Building] INFO  o.a.m.s.f.DefaultMavenResourcesFiltering - Copying 0 resource from src\test\resources to target\test-classes
2025-04-28 23:43:01,502 [Worker-17: Building] WARN  o.a.m.s.f.DefaultMavenResourcesFiltering - Using platform encoding (UTF-8 actually) to copy filtered resources, i.e. build is platform dependent!
2025-04-28 23:43:01,503 [Worker-17: Building] INFO  o.a.m.s.f.DefaultMavenResourcesFiltering - Copying 1 resource from src\main\resources to target\classes
2025-04-28 23:43:01,507 [Worker-17: Building] WARN  o.a.m.s.f.DefaultMavenResourcesFiltering - Using platform encoding (UTF-8 actually) to copy filtered resources, i.e. build is platform dependent!
2025-04-28 23:43:01,508 [Worker-17: Building] INFO  o.a.m.s.f.DefaultMavenResourcesFiltering - Copying 0 resource from src\test\resources to target\test-classes
2025-04-28 23:43:06,662 [Worker-17: Building] WARN  o.a.m.s.f.DefaultMavenResourcesFiltering - Using platform encoding (UTF-8 actually) to copy filtered resources, i.e. build is platform dependent!
2025-04-28 23:43:06,664 [Worker-17: Building] INFO  o.a.m.s.f.DefaultMavenResourcesFiltering - Copying 0 resource from src\main\resources to target\classes
2025-04-28 23:43:06,668 [Worker-17: Building] WARN  o.a.m.s.f.DefaultMavenResourcesFiltering - Using platform encoding (UTF-8 actually) to copy filtered resources, i.e. build is platform dependent!
2025-04-28 23:43:06,670 [Worker-17: Building] INFO  o.a.m.s.f.DefaultMavenResourcesFiltering - Copying 0 resource from src\test\resources to target\test-classes
2025-04-28 23:44:35,707 [Worker-55: Building] WARN  o.a.m.s.f.DefaultMavenResourcesFiltering - Using platform encoding (UTF-8 actually) to copy filtered resources, i.e. build is platform dependent!
2025-04-28 23:44:35,709 [Worker-55: Building] INFO  o.a.m.s.f.DefaultMavenResourcesFiltering - Copying 1 resource from src\main\resources to target\classes
2025-04-28 23:44:35,712 [Worker-55: Building] WARN  o.a.m.s.f.DefaultMavenResourcesFiltering - Using platform encoding (UTF-8 actually) to copy filtered resources, i.e. build is platform dependent!
2025-04-28 23:44:35,714 [Worker-55: Building] INFO  o.a.m.s.f.DefaultMavenResourcesFiltering - Copying 0 resource from src\test\resources to target\test-classes
2025-04-28 23:46:10,741 [Worker-55: Building] WARN  o.a.m.s.f.DefaultMavenResourcesFiltering - Using platform encoding (UTF-8 actually) to copy filtered resources, i.e. build is platform dependent!
2025-04-28 23:46:10,746 [Worker-55: Building] INFO  o.a.m.s.f.DefaultMavenResourcesFiltering - Copying 1 resource from src\main\resources to target\classes
2025-04-28 23:46:10,750 [Worker-55: Building] WARN  o.a.m.s.f.DefaultMavenResourcesFiltering - Using platform encoding (UTF-8 actually) to copy filtered resources, i.e. build is platform dependent!
2025-04-28 23:46:10,751 [Worker-55: Building] INFO  o.a.m.s.f.DefaultMavenResourcesFiltering - Copying 0 resource from src\test\resources to target\test-classes
2025-04-28 23:47:08,391 [Worker-54: Building] WARN  o.a.m.s.f.DefaultMavenResourcesFiltering - Using platform encoding (UTF-8 actually) to copy filtered resources, i.e. build is platform dependent!
2025-04-28 23:47:08,393 [Worker-54: Building] INFO  o.a.m.s.f.DefaultMavenResourcesFiltering - Copying 1 resource from src\main\resources to target\classes
2025-04-28 23:47:08,395 [Worker-54: Building] WARN  o.a.m.s.f.DefaultMavenResourcesFiltering - Using platform encoding (UTF-8 actually) to copy filtered resources, i.e. build is platform dependent!
2025-04-28 23:47:08,397 [Worker-54: Building] INFO  o.a.m.s.f.DefaultMavenResourcesFiltering - Copying 0 resource from src\test\resources to target\test-classes
2025-04-28 23:47:12,492 [Worker-55: Building] WARN  o.a.m.s.f.DefaultMavenResourcesFiltering - Using platform encoding (UTF-8 actually) to copy filtered resources, i.e. build is platform dependent!
2025-04-28 23:47:12,493 [Worker-55: Building] INFO  o.a.m.s.f.DefaultMavenResourcesFiltering - Copying 1 resource from src\main\resources to target\classes
2025-04-28 23:47:12,496 [Worker-55: Building] WARN  o.a.m.s.f.DefaultMavenResourcesFiltering - Using platform encoding (UTF-8 actually) to copy filtered resources, i.e. build is platform dependent!
2025-04-28 23:47:12,498 [Worker-55: Building] INFO  o.a.m.s.f.DefaultMavenResourcesFiltering - Copying 0 resource from src\test\resources to target\test-classes
2025-04-28 23:47:26,086 [Worker-54: Building] WARN  o.a.m.s.f.DefaultMavenResourcesFiltering - Using platform encoding (UTF-8 actually) to copy filtered resources, i.e. build is platform dependent!
2025-04-28 23:47:26,088 [Worker-54: Building] INFO  o.a.m.s.f.DefaultMavenResourcesFiltering - Copying 0 resource from src\main\resources to target\classes
2025-04-28 23:47:26,093 [Worker-54: Building] WARN  o.a.m.s.f.DefaultMavenResourcesFiltering - Using platform encoding (UTF-8 actually) to copy filtered resources, i.e. build is platform dependent!
2025-04-28 23:47:26,094 [Worker-54: Building] INFO  o.a.m.s.f.DefaultMavenResourcesFiltering - Copying 0 resource from src\test\resources to target\test-classes
2025-04-28 23:47:43,081 [Worker-54: Building] WARN  o.a.m.s.f.DefaultMavenResourcesFiltering - Using platform encoding (UTF-8 actually) to copy filtered resources, i.e. build is platform dependent!
2025-04-28 23:47:43,083 [Worker-54: Building] INFO  o.a.m.s.f.DefaultMavenResourcesFiltering - Copying 1 resource from src\main\resources to target\classes
2025-04-28 23:47:43,087 [Worker-54: Building] WARN  o.a.m.s.f.DefaultMavenResourcesFiltering - Using platform encoding (UTF-8 actually) to copy filtered resources, i.e. build is platform dependent!
2025-04-28 23:47:43,088 [Worker-54: Building] INFO  o.a.m.s.f.DefaultMavenResourcesFiltering - Copying 0 resource from src\test\resources to target\test-classes
2025-04-28 23:49:20,936 [Worker-55: Building] WARN  o.a.m.s.f.DefaultMavenResourcesFiltering - Using platform encoding (UTF-8 actually) to copy filtered resources, i.e. build is platform dependent!
2025-04-28 23:49:20,938 [Worker-55: Building] INFO  o.a.m.s.f.DefaultMavenResourcesFiltering - Copying 1 resource from src\main\resources to target\classes
2025-04-28 23:49:20,940 [Worker-55: Building] WARN  o.a.m.s.f.DefaultMavenResourcesFiltering - Using platform encoding (UTF-8 actually) to copy filtered resources, i.e. build is platform dependent!
2025-04-28 23:49:20,942 [Worker-55: Building] INFO  o.a.m.s.f.DefaultMavenResourcesFiltering - Copying 0 resource from src\test\resources to target\test-classes
2025-04-28 23:49:57,816 [Worker-56: Building] WARN  o.a.m.s.f.DefaultMavenResourcesFiltering - Using platform encoding (UTF-8 actually) to copy filtered resources, i.e. build is platform dependent!
2025-04-28 23:49:57,818 [Worker-56: Building] INFO  o.a.m.s.f.DefaultMavenResourcesFiltering - Copying 1 resource from src\main\resources to target\classes
2025-04-28 23:49:57,821 [Worker-56: Building] WARN  o.a.m.s.f.DefaultMavenResourcesFiltering - Using platform encoding (UTF-8 actually) to copy filtered resources, i.e. build is platform dependent!
2025-04-28 23:49:57,823 [Worker-56: Building] INFO  o.a.m.s.f.DefaultMavenResourcesFiltering - Copying 0 resource from src\test\resources to target\test-classes
2025-04-28 23:51:31,119 [Worker-56: Building] WARN  o.a.m.s.f.DefaultMavenResourcesFiltering - Using platform encoding (UTF-8 actually) to copy filtered resources, i.e. build is platform dependent!
2025-04-28 23:51:31,121 [Worker-56: Building] INFO  o.a.m.s.f.DefaultMavenResourcesFiltering - Copying 1 resource from src\main\resources to target\classes
2025-04-28 23:51:31,125 [Worker-56: Building] WARN  o.a.m.s.f.DefaultMavenResourcesFiltering - Using platform encoding (UTF-8 actually) to copy filtered resources, i.e. build is platform dependent!
2025-04-28 23:51:31,126 [Worker-56: Building] INFO  o.a.m.s.f.DefaultMavenResourcesFiltering - Copying 0 resource from src\test\resources to target\test-classes
2025-04-28 23:53:15,242 [Worker-17: Building] WARN  o.a.m.s.f.DefaultMavenResourcesFiltering - Using platform encoding (UTF-8 actually) to copy filtered resources, i.e. build is platform dependent!
2025-04-28 23:53:15,245 [Worker-17: Building] INFO  o.a.m.s.f.DefaultMavenResourcesFiltering - Copying 1 resource from src\main\resources to target\classes
2025-04-28 23:53:15,248 [Worker-17: Building] WARN  o.a.m.s.f.DefaultMavenResourcesFiltering - Using platform encoding (UTF-8 actually) to copy filtered resources, i.e. build is platform dependent!
2025-04-28 23:53:15,249 [Worker-17: Building] INFO  o.a.m.s.f.DefaultMavenResourcesFiltering - Copying 0 resource from src\test\resources to target\test-classes
2025-04-28 23:54:26,058 [Worker-54: Building] WARN  o.a.m.s.f.DefaultMavenResourcesFiltering - Using platform encoding (UTF-8 actually) to copy filtered resources, i.e. build is platform dependent!
2025-04-28 23:54:26,061 [Worker-54: Building] INFO  o.a.m.s.f.DefaultMavenResourcesFiltering - Copying 1 resource from src\main\resources to target\classes
2025-04-28 23:54:26,064 [Worker-54: Building] WARN  o.a.m.s.f.DefaultMavenResourcesFiltering - Using platform encoding (UTF-8 actually) to copy filtered resources, i.e. build is platform dependent!
2025-04-28 23:54:26,066 [Worker-54: Building] INFO  o.a.m.s.f.DefaultMavenResourcesFiltering - Copying 0 resource from src\test\resources to target\test-classes
2025-04-28 23:54:29,689 [Worker-17: Building] WARN  o.a.m.s.f.DefaultMavenResourcesFiltering - Using platform encoding (UTF-8 actually) to copy filtered resources, i.e. build is platform dependent!
2025-04-28 23:54:29,691 [Worker-17: Building] INFO  o.a.m.s.f.DefaultMavenResourcesFiltering - Copying 1 resource from src\main\resources to target\classes
2025-04-28 23:54:29,694 [Worker-17: Building] WARN  o.a.m.s.f.DefaultMavenResourcesFiltering - Using platform encoding (UTF-8 actually) to copy filtered resources, i.e. build is platform dependent!
2025-04-28 23:54:29,696 [Worker-17: Building] INFO  o.a.m.s.f.DefaultMavenResourcesFiltering - Copying 0 resource from src\test\resources to target\test-classes
2025-04-28 23:55:15,408 [Worker-17: Building] WARN  o.a.m.s.f.DefaultMavenResourcesFiltering - Using platform encoding (UTF-8 actually) to copy filtered resources, i.e. build is platform dependent!
2025-04-28 23:55:15,410 [Worker-17: Building] INFO  o.a.m.s.f.DefaultMavenResourcesFiltering - Copying 1 resource from src\main\resources to target\classes
2025-04-28 23:55:15,412 [Worker-17: Building] WARN  o.a.m.s.f.DefaultMavenResourcesFiltering - Using platform encoding (UTF-8 actually) to copy filtered resources, i.e. build is platform dependent!
2025-04-28 23:55:15,413 [Worker-17: Building] INFO  o.a.m.s.f.DefaultMavenResourcesFiltering - Copying 0 resource from src\test\resources to target\test-classes
2025-04-28 23:57:16,888 [Worker-17: Building] WARN  o.a.m.s.f.DefaultMavenResourcesFiltering - Using platform encoding (UTF-8 actually) to copy filtered resources, i.e. build is platform dependent!
2025-04-28 23:57:16,890 [Worker-17: Building] INFO  o.a.m.s.f.DefaultMavenResourcesFiltering - Copying 1 resource from src\main\resources to target\classes
2025-04-28 23:57:16,893 [Worker-17: Building] WARN  o.a.m.s.f.DefaultMavenResourcesFiltering - Using platform encoding (UTF-8 actually) to copy filtered resources, i.e. build is platform dependent!
2025-04-28 23:57:16,894 [Worker-17: Building] INFO  o.a.m.s.f.DefaultMavenResourcesFiltering - Copying 0 resource from src\test\resources to target\test-classes
2025-04-28 23:57:28,126 [Worker-17: Building] WARN  o.a.m.s.f.DefaultMavenResourcesFiltering - Using platform encoding (UTF-8 actually) to copy filtered resources, i.e. build is platform dependent!
2025-04-28 23:57:28,128 [Worker-17: Building] INFO  o.a.m.s.f.DefaultMavenResourcesFiltering - Copying 1 resource from src\main\resources to target\classes
2025-04-28 23:57:28,131 [Worker-17: Building] WARN  o.a.m.s.f.DefaultMavenResourcesFiltering - Using platform encoding (UTF-8 actually) to copy filtered resources, i.e. build is platform dependent!
2025-04-28 23:57:28,133 [Worker-17: Building] INFO  o.a.m.s.f.DefaultMavenResourcesFiltering - Copying 0 resource from src\test\resources to target\test-classes
2025-04-28 23:57:35,154 [Worker-57: Building] WARN  o.a.m.s.f.DefaultMavenResourcesFiltering - Using platform encoding (UTF-8 actually) to copy filtered resources, i.e. build is platform dependent!
2025-04-28 23:57:35,155 [Worker-57: Building] INFO  o.a.m.s.f.DefaultMavenResourcesFiltering - Copying 1 resource from src\main\resources to target\classes
2025-04-28 23:57:35,159 [Worker-57: Building] WARN  o.a.m.s.f.DefaultMavenResourcesFiltering - Using platform encoding (UTF-8 actually) to copy filtered resources, i.e. build is platform dependent!
2025-04-28 23:57:35,162 [Worker-57: Building] INFO  o.a.m.s.f.DefaultMavenResourcesFiltering - Copying 0 resource from src\test\resources to target\test-classes
2025-04-29 00:00:07,633 [Worker-54: Building] WARN  o.a.m.s.f.DefaultMavenResourcesFiltering - Using platform encoding (UTF-8 actually) to copy filtered resources, i.e. build is platform dependent!
2025-04-29 00:00:07,636 [Worker-54: Building] INFO  o.a.m.s.f.DefaultMavenResourcesFiltering - Copying 1 resource from src\main\resources to target\classes
2025-04-29 00:00:07,640 [Worker-54: Building] WARN  o.a.m.s.f.DefaultMavenResourcesFiltering - Using platform encoding (UTF-8 actually) to copy filtered resources, i.e. build is platform dependent!
2025-04-29 00:00:07,641 [Worker-54: Building] INFO  o.a.m.s.f.DefaultMavenResourcesFiltering - Copying 0 resource from src\test\resources to target\test-classes
2025-04-29 00:01:56,958 [Worker-54: Building] WARN  o.a.m.s.f.DefaultMavenResourcesFiltering - Using platform encoding (UTF-8 actually) to copy filtered resources, i.e. build is platform dependent!
2025-04-29 00:01:56,960 [Worker-54: Building] INFO  o.a.m.s.f.DefaultMavenResourcesFiltering - Copying 1 resource from src\main\resources to target\classes
2025-04-29 00:01:56,963 [Worker-54: Building] WARN  o.a.m.s.f.DefaultMavenResourcesFiltering - Using platform encoding (UTF-8 actually) to copy filtered resources, i.e. build is platform dependent!
2025-04-29 00:01:56,965 [Worker-54: Building] INFO  o.a.m.s.f.DefaultMavenResourcesFiltering - Copying 0 resource from src\test\resources to target\test-classes
2025-04-29 00:03:01,959 [Worker-58: Building] WARN  o.a.m.s.f.DefaultMavenResourcesFiltering - Using platform encoding (UTF-8 actually) to copy filtered resources, i.e. build is platform dependent!
2025-04-29 00:03:01,960 [Worker-58: Building] INFO  o.a.m.s.f.DefaultMavenResourcesFiltering - Copying 1 resource from src\main\resources to target\classes
2025-04-29 00:03:01,962 [Worker-58: Building] WARN  o.a.m.s.f.DefaultMavenResourcesFiltering - Using platform encoding (UTF-8 actually) to copy filtered resources, i.e. build is platform dependent!
2025-04-29 00:03:01,962 [Worker-58: Building] INFO  o.a.m.s.f.DefaultMavenResourcesFiltering - Copying 0 resource from src\test\resources to target\test-classes
2025-04-29 00:04:25,108 [Worker-57: Building] WARN  o.a.m.s.f.DefaultMavenResourcesFiltering - Using platform encoding (UTF-8 actually) to copy filtered resources, i.e. build is platform dependent!
2025-04-29 00:04:25,110 [Worker-57: Building] INFO  o.a.m.s.f.DefaultMavenResourcesFiltering - Copying 1 resource from src\main\resources to target\classes
2025-04-29 00:04:25,112 [Worker-57: Building] WARN  o.a.m.s.f.DefaultMavenResourcesFiltering - Using platform encoding (UTF-8 actually) to copy filtered resources, i.e. build is platform dependent!
2025-04-29 00:04:25,113 [Worker-57: Building] INFO  o.a.m.s.f.DefaultMavenResourcesFiltering - Copying 0 resource from src\test\resources to target\test-classes
2025-04-29 00:10:17,925 [Worker-58: Building] WARN  o.a.m.s.f.DefaultMavenResourcesFiltering - Using platform encoding (UTF-8 actually) to copy filtered resources, i.e. build is platform dependent!
2025-04-29 00:10:17,926 [Worker-58: Building] INFO  o.a.m.s.f.DefaultMavenResourcesFiltering - Copying 1 resource from src\main\resources to target\classes
2025-04-29 00:10:17,929 [Worker-58: Building] WARN  o.a.m.s.f.DefaultMavenResourcesFiltering - Using platform encoding (UTF-8 actually) to copy filtered resources, i.e. build is platform dependent!
2025-04-29 00:10:17,930 [Worker-58: Building] INFO  o.a.m.s.f.DefaultMavenResourcesFiltering - Copying 0 resource from src\test\resources to target\test-classes
2025-04-29 00:10:38,635 [Worker-54: Building] WARN  o.a.m.s.f.DefaultMavenResourcesFiltering - Using platform encoding (UTF-8 actually) to copy filtered resources, i.e. build is platform dependent!
2025-04-29 00:10:38,638 [Worker-54: Building] INFO  o.a.m.s.f.DefaultMavenResourcesFiltering - Copying 0 resource from src\main\resources to target\classes
2025-04-29 00:10:38,641 [Worker-54: Building] WARN  o.a.m.s.f.DefaultMavenResourcesFiltering - Using platform encoding (UTF-8 actually) to copy filtered resources, i.e. build is platform dependent!
2025-04-29 00:10:38,641 [Worker-54: Building] INFO  o.a.m.s.f.DefaultMavenResourcesFiltering - Copying 0 resource from src\test\resources to target\test-classes
2025-04-29 00:13:03,313 [Worker-57: Building] WARN  o.a.m.s.f.DefaultMavenResourcesFiltering - Using platform encoding (UTF-8 actually) to copy filtered resources, i.e. build is platform dependent!
2025-04-29 00:13:03,315 [Worker-57: Building] INFO  o.a.m.s.f.DefaultMavenResourcesFiltering - Copying 1 resource from src\main\resources to target\classes
2025-04-29 00:13:03,317 [Worker-57: Building] WARN  o.a.m.s.f.DefaultMavenResourcesFiltering - Using platform encoding (UTF-8 actually) to copy filtered resources, i.e. build is platform dependent!
2025-04-29 00:13:03,318 [Worker-57: Building] INFO  o.a.m.s.f.DefaultMavenResourcesFiltering - Copying 0 resource from src\test\resources to target\test-classes
2025-04-29 00:15:48,074 [Worker-59: Building] WARN  o.a.m.s.f.DefaultMavenResourcesFiltering - Using platform encoding (UTF-8 actually) to copy filtered resources, i.e. build is platform dependent!
2025-04-29 00:15:48,076 [Worker-59: Building] INFO  o.a.m.s.f.DefaultMavenResourcesFiltering - Copying 1 resource from src\main\resources to target\classes
2025-04-29 00:15:48,078 [Worker-59: Building] WARN  o.a.m.s.f.DefaultMavenResourcesFiltering - Using platform encoding (UTF-8 actually) to copy filtered resources, i.e. build is platform dependent!
2025-04-29 00:15:48,079 [Worker-59: Building] INFO  o.a.m.s.f.DefaultMavenResourcesFiltering - Copying 0 resource from src\test\resources to target\test-classes
2025-04-29 00:16:20,837 [Worker-57: Building] WARN  o.a.m.s.f.DefaultMavenResourcesFiltering - Using platform encoding (UTF-8 actually) to copy filtered resources, i.e. build is platform dependent!
2025-04-29 00:16:20,838 [Worker-57: Building] INFO  o.a.m.s.f.DefaultMavenResourcesFiltering - Copying 1 resource from src\main\resources to target\classes
2025-04-29 00:16:20,840 [Worker-57: Building] WARN  o.a.m.s.f.DefaultMavenResourcesFiltering - Using platform encoding (UTF-8 actually) to copy filtered resources, i.e. build is platform dependent!
2025-04-29 00:16:20,841 [Worker-57: Building] INFO  o.a.m.s.f.DefaultMavenResourcesFiltering - Copying 0 resource from src\test\resources to target\test-classes
2025-04-29 00:18:34,495 [Worker-59: Building] WARN  o.a.m.s.f.DefaultMavenResourcesFiltering - Using platform encoding (UTF-8 actually) to copy filtered resources, i.e. build is platform dependent!
2025-04-29 00:18:34,496 [Worker-59: Building] INFO  o.a.m.s.f.DefaultMavenResourcesFiltering - Copying 1 resource from src\main\resources to target\classes
2025-04-29 00:18:34,500 [Worker-59: Building] WARN  o.a.m.s.f.DefaultMavenResourcesFiltering - Using platform encoding (UTF-8 actually) to copy filtered resources, i.e. build is platform dependent!
2025-04-29 00:18:34,501 [Worker-59: Building] INFO  o.a.m.s.f.DefaultMavenResourcesFiltering - Copying 0 resource from src\test\resources to target\test-classes
2025-04-29 00:18:38,730 [Worker-59: Building] WARN  o.a.m.s.f.DefaultMavenResourcesFiltering - Using platform encoding (UTF-8 actually) to copy filtered resources, i.e. build is platform dependent!
2025-04-29 00:18:38,732 [Worker-59: Building] INFO  o.a.m.s.f.DefaultMavenResourcesFiltering - Copying 1 resource from src\main\resources to target\classes
2025-04-29 00:18:38,734 [Worker-59: Building] WARN  o.a.m.s.f.DefaultMavenResourcesFiltering - Using platform encoding (UTF-8 actually) to copy filtered resources, i.e. build is platform dependent!
2025-04-29 00:18:38,735 [Worker-59: Building] INFO  o.a.m.s.f.DefaultMavenResourcesFiltering - Copying 0 resource from src\test\resources to target\test-classes
2025-04-29 00:18:44,044 [Worker-57: Building] WARN  o.a.m.s.f.DefaultMavenResourcesFiltering - Using platform encoding (UTF-8 actually) to copy filtered resources, i.e. build is platform dependent!
2025-04-29 00:18:44,046 [Worker-57: Building] INFO  o.a.m.s.f.DefaultMavenResourcesFiltering - Copying 0 resource from src\main\resources to target\classes
2025-04-29 00:18:44,049 [Worker-57: Building] WARN  o.a.m.s.f.DefaultMavenResourcesFiltering - Using platform encoding (UTF-8 actually) to copy filtered resources, i.e. build is platform dependent!
2025-04-29 00:18:44,050 [Worker-57: Building] INFO  o.a.m.s.f.DefaultMavenResourcesFiltering - Copying 0 resource from src\test\resources to target\test-classes
2025-04-29 00:18:55,696 [Worker-46: Building] WARN  o.a.m.s.f.DefaultMavenResourcesFiltering - Using platform encoding (UTF-8 actually) to copy filtered resources, i.e. build is platform dependent!
2025-04-29 00:18:55,697 [Worker-46: Building] INFO  o.a.m.s.f.DefaultMavenResourcesFiltering - Copying 1 resource from src\main\resources to target\classes
2025-04-29 00:18:55,700 [Worker-46: Building] WARN  o.a.m.s.f.DefaultMavenResourcesFiltering - Using platform encoding (UTF-8 actually) to copy filtered resources, i.e. build is platform dependent!
2025-04-29 00:18:55,701 [Worker-46: Building] INFO  o.a.m.s.f.DefaultMavenResourcesFiltering - Copying 0 resource from src\test\resources to target\test-classes
2025-04-29 00:21:50,493 [Worker-57: Building] WARN  o.a.m.s.f.DefaultMavenResourcesFiltering - Using platform encoding (UTF-8 actually) to copy filtered resources, i.e. build is platform dependent!
2025-04-29 00:21:50,494 [Worker-57: Building] INFO  o.a.m.s.f.DefaultMavenResourcesFiltering - Copying 0 resource from src\main\resources to target\classes
2025-04-29 00:21:50,496 [Worker-57: Building] WARN  o.a.m.s.f.DefaultMavenResourcesFiltering - Using platform encoding (UTF-8 actually) to copy filtered resources, i.e. build is platform dependent!
2025-04-29 00:21:50,497 [Worker-57: Building] INFO  o.a.m.s.f.DefaultMavenResourcesFiltering - Copying 0 resource from src\test\resources to target\test-classes
2025-04-29 00:22:50,056 [Worker-54: Building] WARN  o.a.m.s.f.DefaultMavenResourcesFiltering - Using platform encoding (UTF-8 actually) to copy filtered resources, i.e. build is platform dependent!
2025-04-29 00:22:50,057 [Worker-54: Building] INFO  o.a.m.s.f.DefaultMavenResourcesFiltering - Copying 0 resource from src\main\resources to target\classes
2025-04-29 00:22:50,059 [Worker-54: Building] WARN  o.a.m.s.f.DefaultMavenResourcesFiltering - Using platform encoding (UTF-8 actually) to copy filtered resources, i.e. build is platform dependent!
2025-04-29 00:22:50,060 [Worker-54: Building] INFO  o.a.m.s.f.DefaultMavenResourcesFiltering - Copying 0 resource from src\test\resources to target\test-classes
2025-04-29 00:22:59,531 [Worker-46: Building] WARN  o.a.m.s.f.DefaultMavenResourcesFiltering - Using platform encoding (UTF-8 actually) to copy filtered resources, i.e. build is platform dependent!
2025-04-29 00:22:59,532 [Worker-46: Building] INFO  o.a.m.s.f.DefaultMavenResourcesFiltering - Copying 1 resource from src\main\resources to target\classes
2025-04-29 00:22:59,535 [Worker-46: Building] WARN  o.a.m.s.f.DefaultMavenResourcesFiltering - Using platform encoding (UTF-8 actually) to copy filtered resources, i.e. build is platform dependent!
2025-04-29 00:22:59,536 [Worker-46: Building] INFO  o.a.m.s.f.DefaultMavenResourcesFiltering - Copying 0 resource from src\test\resources to target\test-classes
2025-04-29 00:24:11,157 [Worker-59: Building] WARN  o.a.m.s.f.DefaultMavenResourcesFiltering - Using platform encoding (UTF-8 actually) to copy filtered resources, i.e. build is platform dependent!
2025-04-29 00:24:11,159 [Worker-59: Building] INFO  o.a.m.s.f.DefaultMavenResourcesFiltering - Copying 1 resource from src\main\resources to target\classes
2025-04-29 00:24:11,162 [Worker-59: Building] WARN  o.a.m.s.f.DefaultMavenResourcesFiltering - Using platform encoding (UTF-8 actually) to copy filtered resources, i.e. build is platform dependent!
2025-04-29 00:24:11,164 [Worker-59: Building] INFO  o.a.m.s.f.DefaultMavenResourcesFiltering - Copying 0 resource from src\test\resources to target\test-classes
2025-04-29 00:24:15,692 [Worker-57: Building] WARN  o.a.m.s.f.DefaultMavenResourcesFiltering - Using platform encoding (UTF-8 actually) to copy filtered resources, i.e. build is platform dependent!
2025-04-29 00:24:15,693 [Worker-57: Building] INFO  o.a.m.s.f.DefaultMavenResourcesFiltering - Copying 1 resource from src\main\resources to target\classes
2025-04-29 00:24:15,695 [Worker-57: Building] WARN  o.a.m.s.f.DefaultMavenResourcesFiltering - Using platform encoding (UTF-8 actually) to copy filtered resources, i.e. build is platform dependent!
2025-04-29 00:24:15,696 [Worker-57: Building] INFO  o.a.m.s.f.DefaultMavenResourcesFiltering - Copying 0 resource from src\test\resources to target\test-classes
2025-04-29 00:26:58,083 [Worker-54: Building] WARN  o.a.m.s.f.DefaultMavenResourcesFiltering - Using platform encoding (UTF-8 actually) to copy filtered resources, i.e. build is platform dependent!
2025-04-29 00:26:58,085 [Worker-54: Building] INFO  o.a.m.s.f.DefaultMavenResourcesFiltering - Copying 1 resource from src\main\resources to target\classes
2025-04-29 00:26:58,088 [Worker-54: Building] WARN  o.a.m.s.f.DefaultMavenResourcesFiltering - Using platform encoding (UTF-8 actually) to copy filtered resources, i.e. build is platform dependent!
2025-04-29 00:26:58,089 [Worker-54: Building] INFO  o.a.m.s.f.DefaultMavenResourcesFiltering - Copying 0 resource from src\test\resources to target\test-classes
2025-04-29 00:27:37,228 [Worker-17: Building] WARN  o.a.m.s.f.DefaultMavenResourcesFiltering - Using platform encoding (UTF-8 actually) to copy filtered resources, i.e. build is platform dependent!
2025-04-29 00:27:37,229 [Worker-17: Building] INFO  o.a.m.s.f.DefaultMavenResourcesFiltering - Copying 1 resource from src\main\resources to target\classes
2025-04-29 00:27:37,232 [Worker-17: Building] WARN  o.a.m.s.f.DefaultMavenResourcesFiltering - Using platform encoding (UTF-8 actually) to copy filtered resources, i.e. build is platform dependent!
2025-04-29 00:27:37,232 [Worker-17: Building] INFO  o.a.m.s.f.DefaultMavenResourcesFiltering - Copying 0 resource from src\test\resources to target\test-classes
2025-04-29 00:30:25,715 [Worker-58: Building] WARN  o.a.m.s.f.DefaultMavenResourcesFiltering - Using platform encoding (UTF-8 actually) to copy filtered resources, i.e. build is platform dependent!
2025-04-29 00:30:25,716 [Worker-58: Building] INFO  o.a.m.s.f.DefaultMavenResourcesFiltering - Copying 1 resource from src\main\resources to target\classes
2025-04-29 00:30:25,718 [Worker-58: Building] WARN  o.a.m.s.f.DefaultMavenResourcesFiltering - Using platform encoding (UTF-8 actually) to copy filtered resources, i.e. build is platform dependent!
2025-04-29 00:30:25,719 [Worker-58: Building] INFO  o.a.m.s.f.DefaultMavenResourcesFiltering - Copying 0 resource from src\test\resources to target\test-classes
2025-04-29 00:30:40,129 [Worker-57: Building] WARN  o.a.m.s.f.DefaultMavenResourcesFiltering - Using platform encoding (UTF-8 actually) to copy filtered resources, i.e. build is platform dependent!
2025-04-29 00:30:40,130 [Worker-57: Building] INFO  o.a.m.s.f.DefaultMavenResourcesFiltering - Copying 1 resource from src\main\resources to target\classes
2025-04-29 00:30:40,133 [Worker-57: Building] WARN  o.a.m.s.f.DefaultMavenResourcesFiltering - Using platform encoding (UTF-8 actually) to copy filtered resources, i.e. build is platform dependent!
2025-04-29 00:30:40,134 [Worker-57: Building] INFO  o.a.m.s.f.DefaultMavenResourcesFiltering - Copying 0 resource from src\test\resources to target\test-classes
2025-04-29 00:31:55,598 [Worker-58: Building] WARN  o.a.m.s.f.DefaultMavenResourcesFiltering - Using platform encoding (UTF-8 actually) to copy filtered resources, i.e. build is platform dependent!
2025-04-29 00:31:55,599 [Worker-58: Building] INFO  o.a.m.s.f.DefaultMavenResourcesFiltering - Copying 0 resource from src\main\resources to target\classes
2025-04-29 00:31:55,601 [Worker-58: Building] WARN  o.a.m.s.f.DefaultMavenResourcesFiltering - Using platform encoding (UTF-8 actually) to copy filtered resources, i.e. build is platform dependent!
2025-04-29 00:31:55,602 [Worker-58: Building] INFO  o.a.m.s.f.DefaultMavenResourcesFiltering - Copying 0 resource from src\test\resources to target\test-classes
2025-04-29 21:47:06,970 [Worker-6: Loading available Gradle versions] INFO  o.e.b.c.i.u.g.PublishedGradleVersions - Gradle version information cache is out-of-date. Trying to update.
2025-04-29 21:47:51,302 [Worker-23: Launching Linkedin_Test_Run] INFO  o.e.m.c.i.e.AbstractTransferListenerAdapter - Downloading https://repo.maven.apache.org/maven2/org/seleniumhq/selenium/selenium-api/maven-metadata.xml
2025-04-29 21:47:51,711 [Worker-23: Launching Linkedin_Test_Run] INFO  o.e.m.c.i.e.AbstractTransferListenerAdapter - Downloaded https://repo.maven.apache.org/maven2/org/seleniumhq/selenium/selenium-api/maven-metadata.xml
2025-04-29 21:47:52,430 [Worker-23: Launching Linkedin_Test_Run] INFO  o.e.m.c.i.e.AbstractTransferListenerAdapter - Downloading https://repo.maven.apache.org/maven2/org/seleniumhq/selenium/selenium-remote-driver/maven-metadata.xml
2025-04-29 21:47:52,454 [Worker-23: Launching Linkedin_Test_Run] INFO  o.e.m.c.i.e.AbstractTransferListenerAdapter - Downloaded https://repo.maven.apache.org/maven2/org/seleniumhq/selenium/selenium-remote-driver/maven-metadata.xml
2025-04-29 21:47:53,220 [Worker-23: Launching Linkedin_Test_Run] INFO  o.e.m.c.i.e.AbstractTransferListenerAdapter - Downloading https://repo.maven.apache.org/maven2/org/seleniumhq/selenium/selenium-support/maven-metadata.xml
2025-04-29 21:47:53,671 [Worker-23: Launching Linkedin_Test_Run] INFO  o.e.m.c.i.e.AbstractTransferListenerAdapter - Downloaded https://repo.maven.apache.org/maven2/org/seleniumhq/selenium/selenium-support/maven-metadata.xml
2025-04-29 22:00:51,614 [Worker-12: Building] WARN  o.a.m.s.f.DefaultMavenResourcesFiltering - Using platform encoding (UTF-8 actually) to copy filtered resources, i.e. build is platform dependent!
2025-04-29 22:00:51,626 [Worker-12: Building] INFO  o.a.m.s.f.DefaultMavenResourcesFiltering - Copying 1 resource from src\main\resources to target\classes
2025-04-29 22:00:51,636 [Worker-12: Building] WARN  o.a.m.s.f.DefaultMavenResourcesFiltering - Using platform encoding (UTF-8 actually) to copy filtered resources, i.e. build is platform dependent!
2025-04-29 22:00:51,637 [Worker-12: Building] INFO  o.a.m.s.f.DefaultMavenResourcesFiltering - Copying 0 resource from src\test\resources to target\test-classes
2025-04-29 22:02:20,256 [Worker-9: Building] WARN  o.a.m.s.f.DefaultMavenResourcesFiltering - Using platform encoding (UTF-8 actually) to copy filtered resources, i.e. build is platform dependent!
2025-04-29 22:02:20,259 [Worker-9: Building] INFO  o.a.m.s.f.DefaultMavenResourcesFiltering - Copying 0 resource from src\main\resources to target\classes
2025-04-29 22:02:20,263 [Worker-9: Building] WARN  o.a.m.s.f.DefaultMavenResourcesFiltering - Using platform encoding (UTF-8 actually) to copy filtered resources, i.e. build is platform dependent!
2025-04-29 22:02:20,264 [Worker-9: Building] INFO  o.a.m.s.f.DefaultMavenResourcesFiltering - Copying 0 resource from src\test\resources to target\test-classes
2025-04-29 22:03:07,864 [Worker-10: Building] WARN  o.a.m.s.f.DefaultMavenResourcesFiltering - Using platform encoding (UTF-8 actually) to copy filtered resources, i.e. build is platform dependent!
2025-04-29 22:03:07,867 [Worker-10: Building] INFO  o.a.m.s.f.DefaultMavenResourcesFiltering - Copying 0 resource from src\main\resources to target\classes
2025-04-29 22:03:07,870 [Worker-10: Building] WARN  o.a.m.s.f.DefaultMavenResourcesFiltering - Using platform encoding (UTF-8 actually) to copy filtered resources, i.e. build is platform dependent!
2025-04-29 22:03:07,872 [Worker-10: Building] INFO  o.a.m.s.f.DefaultMavenResourcesFiltering - Copying 0 resource from src\test\resources to target\test-classes
2025-04-29 22:09:49,139 [Worker-1: Building] WARN  o.a.m.s.f.DefaultMavenResourcesFiltering - Using platform encoding (UTF-8 actually) to copy filtered resources, i.e. build is platform dependent!
2025-04-29 22:09:49,142 [Worker-1: Building] INFO  o.a.m.s.f.DefaultMavenResourcesFiltering - Copying 1 resource from src\main\resources to target\classes
2025-04-29 22:09:49,145 [Worker-1: Building] WARN  o.a.m.s.f.DefaultMavenResourcesFiltering - Using platform encoding (UTF-8 actually) to copy filtered resources, i.e. build is platform dependent!
2025-04-29 22:09:49,147 [Worker-1: Building] INFO  o.a.m.s.f.DefaultMavenResourcesFiltering - Copying 0 resource from src\test\resources to target\test-classes
2025-04-29 22:11:11,378 [Worker-18: Building] WARN  o.a.m.s.f.DefaultMavenResourcesFiltering - Using platform encoding (UTF-8 actually) to copy filtered resources, i.e. build is platform dependent!
2025-04-29 22:11:11,379 [Worker-18: Building] INFO  o.a.m.s.f.DefaultMavenResourcesFiltering - Copying 1 resource from src\main\resources to target\classes
2025-04-29 22:11:11,382 [Worker-18: Building] WARN  o.a.m.s.f.DefaultMavenResourcesFiltering - Using platform encoding (UTF-8 actually) to copy filtered resources, i.e. build is platform dependent!
2025-04-29 22:11:11,384 [Worker-18: Building] INFO  o.a.m.s.f.DefaultMavenResourcesFiltering - Copying 0 resource from src\test\resources to target\test-classes
2025-04-29 22:48:36,065 [Worker-39: Building] WARN  o.a.m.s.f.DefaultMavenResourcesFiltering - Using platform encoding (UTF-8 actually) to copy filtered resources, i.e. build is platform dependent!
2025-04-29 22:48:36,070 [Worker-39: Building] INFO  o.a.m.s.f.DefaultMavenResourcesFiltering - Copying 1 resource from src\main\resources to target\classes
2025-04-29 22:48:36,077 [Worker-39: Building] WARN  o.a.m.s.f.DefaultMavenResourcesFiltering - Using platform encoding (UTF-8 actually) to copy filtered resources, i.e. build is platform dependent!
2025-04-29 22:48:36,079 [Worker-39: Building] INFO  o.a.m.s.f.DefaultMavenResourcesFiltering - Copying 0 resource from src\test\resources to target\test-classes
2025-04-29 23:33:10,346 [Worker-23: Building] WARN  o.a.m.s.f.DefaultMavenResourcesFiltering - Using platform encoding (UTF-8 actually) to copy filtered resources, i.e. build is platform dependent!
2025-04-29 23:33:10,349 [Worker-23: Building] INFO  o.a.m.s.f.DefaultMavenResourcesFiltering - Copying 1 resource from src\main\resources to target\classes
2025-04-29 23:33:10,354 [Worker-23: Building] WARN  o.a.m.s.f.DefaultMavenResourcesFiltering - Using platform encoding (UTF-8 actually) to copy filtered resources, i.e. build is platform dependent!
2025-04-29 23:33:10,356 [Worker-23: Building] INFO  o.a.m.s.f.DefaultMavenResourcesFiltering - Copying 0 resource from src\test\resources to target\test-classes
2025-04-29 23:34:27,850 [Worker-34: Building] WARN  o.a.m.s.f.DefaultMavenResourcesFiltering - Using platform encoding (UTF-8 actually) to copy filtered resources, i.e. build is platform dependent!
2025-04-29 23:34:27,852 [Worker-34: Building] INFO  o.a.m.s.f.DefaultMavenResourcesFiltering - Copying 0 resource from src\main\resources to target\classes
2025-04-29 23:34:27,858 [Worker-34: Building] WARN  o.a.m.s.f.DefaultMavenResourcesFiltering - Using platform encoding (UTF-8 actually) to copy filtered resources, i.e. build is platform dependent!
2025-04-29 23:34:27,859 [Worker-34: Building] INFO  o.a.m.s.f.DefaultMavenResourcesFiltering - Copying 0 resource from src\test\resources to target\test-classes
2025-04-29 23:35:56,147 [Worker-1: Building] WARN  o.a.m.s.f.DefaultMavenResourcesFiltering - Using platform encoding (UTF-8 actually) to copy filtered resources, i.e. build is platform dependent!
2025-04-29 23:35:56,148 [Worker-1: Building] INFO  o.a.m.s.f.DefaultMavenResourcesFiltering - Copying 1 resource from src\main\resources to target\classes
2025-04-29 23:35:56,152 [Worker-1: Building] WARN  o.a.m.s.f.DefaultMavenResourcesFiltering - Using platform encoding (UTF-8 actually) to copy filtered resources, i.e. build is platform dependent!
2025-04-29 23:35:56,153 [Worker-1: Building] INFO  o.a.m.s.f.DefaultMavenResourcesFiltering - Copying 0 resource from src\test\resources to target\test-classes
2025-04-29 23:36:55,901 [Worker-21: Building] WARN  o.a.m.s.f.DefaultMavenResourcesFiltering - Using platform encoding (UTF-8 actually) to copy filtered resources, i.e. build is platform dependent!
2025-04-29 23:36:55,903 [Worker-21: Building] INFO  o.a.m.s.f.DefaultMavenResourcesFiltering - Copying 1 resource from src\main\resources to target\classes
2025-04-29 23:36:55,908 [Worker-21: Building] WARN  o.a.m.s.f.DefaultMavenResourcesFiltering - Using platform encoding (UTF-8 actually) to copy filtered resources, i.e. build is platform dependent!
2025-04-29 23:36:55,909 [Worker-21: Building] INFO  o.a.m.s.f.DefaultMavenResourcesFiltering - Copying 0 resource from src\test\resources to target\test-classes
2025-04-29 23:37:18,145 [Worker-41: Building] WARN  o.a.m.s.f.DefaultMavenResourcesFiltering - Using platform encoding (UTF-8 actually) to copy filtered resources, i.e. build is platform dependent!
2025-04-29 23:37:18,147 [Worker-41: Building] INFO  o.a.m.s.f.DefaultMavenResourcesFiltering - Copying 1 resource from src\main\resources to target\classes
2025-04-29 23:37:18,149 [Worker-41: Building] WARN  o.a.m.s.f.DefaultMavenResourcesFiltering - Using platform encoding (UTF-8 actually) to copy filtered resources, i.e. build is platform dependent!
2025-04-29 23:37:18,151 [Worker-41: Building] INFO  o.a.m.s.f.DefaultMavenResourcesFiltering - Copying 0 resource from src\test\resources to target\test-classes
2025-04-29 23:42:32,224 [Worker-42: Building] WARN  o.a.m.s.f.DefaultMavenResourcesFiltering - Using platform encoding (UTF-8 actually) to copy filtered resources, i.e. build is platform dependent!
2025-04-29 23:42:32,225 [Worker-42: Building] INFO  o.a.m.s.f.DefaultMavenResourcesFiltering - Copying 1 resource from src\main\resources to target\classes
2025-04-29 23:42:32,227 [Worker-42: Building] WARN  o.a.m.s.f.DefaultMavenResourcesFiltering - Using platform encoding (UTF-8 actually) to copy filtered resources, i.e. build is platform dependent!
2025-04-29 23:42:32,228 [Worker-42: Building] INFO  o.a.m.s.f.DefaultMavenResourcesFiltering - Copying 0 resource from src\test\resources to target\test-classes
2025-04-29 23:46:23,018 [Worker-1: Building] WARN  o.a.m.s.f.DefaultMavenResourcesFiltering - Using platform encoding (UTF-8 actually) to copy filtered resources, i.e. build is platform dependent!
2025-04-29 23:46:23,020 [Worker-1: Building] INFO  o.a.m.s.f.DefaultMavenResourcesFiltering - Copying 1 resource from src\main\resources to target\classes
2025-04-29 23:46:23,023 [Worker-1: Building] WARN  o.a.m.s.f.DefaultMavenResourcesFiltering - Using platform encoding (UTF-8 actually) to copy filtered resources, i.e. build is platform dependent!
2025-04-29 23:46:23,024 [Worker-1: Building] INFO  o.a.m.s.f.DefaultMavenResourcesFiltering - Copying 0 resource from src\test\resources to target\test-classes
2025-04-29 23:47:33,239 [Worker-11: Building] WARN  o.a.m.s.f.DefaultMavenResourcesFiltering - Using platform encoding (UTF-8 actually) to copy filtered resources, i.e. build is platform dependent!
2025-04-29 23:47:33,240 [Worker-11: Building] INFO  o.a.m.s.f.DefaultMavenResourcesFiltering - Copying 1 resource from src\main\resources to target\classes
2025-04-29 23:47:33,242 [Worker-11: Building] WARN  o.a.m.s.f.DefaultMavenResourcesFiltering - Using platform encoding (UTF-8 actually) to copy filtered resources, i.e. build is platform dependent!
2025-04-29 23:47:33,243 [Worker-11: Building] INFO  o.a.m.s.f.DefaultMavenResourcesFiltering - Copying 0 resource from src\test\resources to target\test-classes
2025-04-29 23:48:41,109 [Worker-39: Building] WARN  o.a.m.s.f.DefaultMavenResourcesFiltering - Using platform encoding (UTF-8 actually) to copy filtered resources, i.e. build is platform dependent!
2025-04-29 23:48:41,111 [Worker-39: Building] INFO  o.a.m.s.f.DefaultMavenResourcesFiltering - Copying 1 resource from src\main\resources to target\classes
2025-04-29 23:48:41,114 [Worker-39: Building] WARN  o.a.m.s.f.DefaultMavenResourcesFiltering - Using platform encoding (UTF-8 actually) to copy filtered resources, i.e. build is platform dependent!
2025-04-29 23:48:41,115 [Worker-39: Building] INFO  o.a.m.s.f.DefaultMavenResourcesFiltering - Copying 0 resource from src\test\resources to target\test-classes
2025-04-29 23:51:21,470 [Worker-42: Building] WARN  o.a.m.s.f.DefaultMavenResourcesFiltering - Using platform encoding (UTF-8 actually) to copy filtered resources, i.e. build is platform dependent!
2025-04-29 23:51:21,472 [Worker-42: Building] INFO  o.a.m.s.f.DefaultMavenResourcesFiltering - Copying 1 resource from src\main\resources to target\classes
2025-04-29 23:51:21,475 [Worker-42: Building] WARN  o.a.m.s.f.DefaultMavenResourcesFiltering - Using platform encoding (UTF-8 actually) to copy filtered resources, i.e. build is platform dependent!
2025-04-29 23:51:21,477 [Worker-42: Building] INFO  o.a.m.s.f.DefaultMavenResourcesFiltering - Copying 0 resource from src\test\resources to target\test-classes
2025-04-29 23:53:19,120 [Worker-23: Building] WARN  o.a.m.s.f.DefaultMavenResourcesFiltering - Using platform encoding (UTF-8 actually) to copy filtered resources, i.e. build is platform dependent!
2025-04-29 23:53:19,123 [Worker-23: Building] INFO  o.a.m.s.f.DefaultMavenResourcesFiltering - Copying 1 resource from src\main\resources to target\classes
2025-04-29 23:53:19,127 [Worker-23: Building] WARN  o.a.m.s.f.DefaultMavenResourcesFiltering - Using platform encoding (UTF-8 actually) to copy filtered resources, i.e. build is platform dependent!
2025-04-29 23:53:19,128 [Worker-23: Building] INFO  o.a.m.s.f.DefaultMavenResourcesFiltering - Copying 0 resource from src\test\resources to target\test-classes
2025-04-29 23:56:12,831 [Worker-41: Building] WARN  o.a.m.s.f.DefaultMavenResourcesFiltering - Using platform encoding (UTF-8 actually) to copy filtered resources, i.e. build is platform dependent!
2025-04-29 23:56:12,833 [Worker-41: Building] INFO  o.a.m.s.f.DefaultMavenResourcesFiltering - Copying 1 resource from src\main\resources to target\classes
2025-04-29 23:56:12,836 [Worker-41: Building] WARN  o.a.m.s.f.DefaultMavenResourcesFiltering - Using platform encoding (UTF-8 actually) to copy filtered resources, i.e. build is platform dependent!
2025-04-29 23:56:12,838 [Worker-41: Building] INFO  o.a.m.s.f.DefaultMavenResourcesFiltering - Copying 0 resource from src\test\resources to target\test-classes
2025-04-29 23:56:41,400 [Worker-11: Building] WARN  o.a.m.s.f.DefaultMavenResourcesFiltering - Using platform encoding (UTF-8 actually) to copy filtered resources, i.e. build is platform dependent!
2025-04-29 23:56:41,401 [Worker-11: Building] INFO  o.a.m.s.f.DefaultMavenResourcesFiltering - Copying 1 resource from src\main\resources to target\classes
2025-04-29 23:56:41,405 [Worker-11: Building] WARN  o.a.m.s.f.DefaultMavenResourcesFiltering - Using platform encoding (UTF-8 actually) to copy filtered resources, i.e. build is platform dependent!
2025-04-29 23:56:41,406 [Worker-11: Building] INFO  o.a.m.s.f.DefaultMavenResourcesFiltering - Copying 0 resource from src\test\resources to target\test-classes
2025-04-29 23:57:37,609 [Worker-39: Building] WARN  o.a.m.s.f.DefaultMavenResourcesFiltering - Using platform encoding (UTF-8 actually) to copy filtered resources, i.e. build is platform dependent!
2025-04-29 23:57:37,611 [Worker-39: Building] INFO  o.a.m.s.f.DefaultMavenResourcesFiltering - Copying 1 resource from src\main\resources to target\classes
2025-04-29 23:57:37,613 [Worker-39: Building] WARN  o.a.m.s.f.DefaultMavenResourcesFiltering - Using platform encoding (UTF-8 actually) to copy filtered resources, i.e. build is platform dependent!
2025-04-29 23:57:37,615 [Worker-39: Building] INFO  o.a.m.s.f.DefaultMavenResourcesFiltering - Copying 0 resource from src\test\resources to target\test-classes
2025-04-30 00:00:25,355 [Worker-11: Building] INFO  o.e.m.c.i.l.LifecycleMappingFactory - Using org.eclipse.m2e.jdt.JarLifecycleMapping lifecycle mapping for MavenProject: Linkedin_Automation_Framework:Linkedin_Automation_Framework:0.0.1-SNAPSHOT @ D:\Software Testing Projects\Linkedin Automation Framework By Using Appium\Linkedin_Automation_Framework\pom.xml.
2025-04-30 00:00:26,821 [Worker-11: Building] INFO  o.e.m.c.i.e.AbstractTransferListenerAdapter - Downloading https://repo.maven.apache.org/maven2/org/seleniumhq/selenium/selenium-api/maven-metadata.xml
2025-04-30 00:00:26,857 [Worker-11: Building] INFO  o.e.m.c.i.e.AbstractTransferListenerAdapter - Downloaded https://repo.maven.apache.org/maven2/org/seleniumhq/selenium/selenium-api/maven-metadata.xml
2025-04-30 00:00:27,576 [Worker-11: Building] INFO  o.e.m.c.i.e.AbstractTransferListenerAdapter - Downloading https://repo.maven.apache.org/maven2/org/seleniumhq/selenium/selenium-remote-driver/maven-metadata.xml
2025-04-30 00:00:27,976 [Worker-11: Building] INFO  o.e.m.c.i.e.AbstractTransferListenerAdapter - Downloaded https://repo.maven.apache.org/maven2/org/seleniumhq/selenium/selenium-remote-driver/maven-metadata.xml
2025-04-30 00:00:36,340 [Worker-11: Building] INFO  o.e.m.c.i.e.AbstractTransferListenerAdapter - Downloading https://repo.maven.apache.org/maven2/org/seleniumhq/selenium/selenium-support/maven-metadata.xml
2025-04-30 00:00:36,365 [Worker-11: Building] INFO  o.e.m.c.i.e.AbstractTransferListenerAdapter - Downloaded https://repo.maven.apache.org/maven2/org/seleniumhq/selenium/selenium-support/maven-metadata.xml
2025-04-30 00:00:38,506 [Worker-11: Building] WARN  o.a.m.s.f.DefaultMavenResourcesFiltering - Using platform encoding (UTF-8 actually) to copy filtered resources, i.e. build is platform dependent!
2025-04-30 00:00:38,508 [Worker-11: Building] INFO  o.a.m.s.f.DefaultMavenResourcesFiltering - Copying 0 resource from src\main\resources to target\classes
2025-04-30 00:00:38,512 [Worker-11: Building] WARN  o.a.m.s.f.DefaultMavenResourcesFiltering - Using platform encoding (UTF-8 actually) to copy filtered resources, i.e. build is platform dependent!
2025-04-30 00:00:38,514 [Worker-11: Building] INFO  o.a.m.s.f.DefaultMavenResourcesFiltering - Copying 0 resource from src\test\resources to target\test-classes
2025-04-30 00:00:40,928 [Worker-43: Building] WARN  o.a.m.s.f.DefaultMavenResourcesFiltering - Using platform encoding (UTF-8 actually) to copy filtered resources, i.e. build is platform dependent!
2025-04-30 00:00:40,929 [Worker-43: Building] INFO  o.a.m.s.f.DefaultMavenResourcesFiltering - Copying 1 resource from src\main\resources to target\classes
2025-04-30 00:00:40,937 [Worker-43: Building] WARN  o.a.m.s.f.DefaultMavenResourcesFiltering - Using platform encoding (UTF-8 actually) to copy filtered resources, i.e. build is platform dependent!
2025-04-30 00:00:40,938 [Worker-43: Building] INFO  o.a.m.s.f.DefaultMavenResourcesFiltering - Copying 0 resource from src\test\resources to target\test-classes
2025-04-30 00:00:47,066 [Worker-23: Building] WARN  o.a.m.s.f.DefaultMavenResourcesFiltering - Using platform encoding (UTF-8 actually) to copy filtered resources, i.e. build is platform dependent!
2025-04-30 00:00:47,067 [Worker-23: Building] INFO  o.a.m.s.f.DefaultMavenResourcesFiltering - Copying 1 resource from src\main\resources to target\classes
2025-04-30 00:00:47,069 [Worker-23: Building] WARN  o.a.m.s.f.DefaultMavenResourcesFiltering - Using platform encoding (UTF-8 actually) to copy filtered resources, i.e. build is platform dependent!
2025-04-30 00:00:47,070 [Worker-23: Building] INFO  o.a.m.s.f.DefaultMavenResourcesFiltering - Copying 0 resource from src\test\resources to target\test-classes
2025-04-30 00:00:57,167 [Worker-42: Building] INFO  o.e.m.c.i.l.LifecycleMappingFactory - Using org.eclipse.m2e.jdt.JarLifecycleMapping lifecycle mapping for MavenProject: Linkedin_Automation_Framework:Linkedin_Automation_Framework:0.0.1-SNAPSHOT @ D:\Software Testing Projects\Linkedin Automation Framework By Using Appium\Linkedin_Automation_Framework\pom.xml.
2025-04-30 00:00:57,739 [Worker-42: Building] WARN  o.a.m.s.f.DefaultMavenResourcesFiltering - Using platform encoding (UTF-8 actually) to copy filtered resources, i.e. build is platform dependent!
2025-04-30 00:00:57,742 [Worker-42: Building] INFO  o.a.m.s.f.DefaultMavenResourcesFiltering - Copying 0 resource from src\main\resources to target\classes
2025-04-30 00:00:57,745 [Worker-42: Building] WARN  o.a.m.s.f.DefaultMavenResourcesFiltering - Using platform encoding (UTF-8 actually) to copy filtered resources, i.e. build is platform dependent!
2025-04-30 00:00:57,746 [Worker-42: Building] INFO  o.a.m.s.f.DefaultMavenResourcesFiltering - Copying 0 resource from src\test\resources to target\test-classes
2025-04-30 00:00:59,277 [Worker-34: Building] WARN  o.a.m.s.f.DefaultMavenResourcesFiltering - Using platform encoding (UTF-8 actually) to copy filtered resources, i.e. build is platform dependent!
2025-04-30 00:00:59,279 [Worker-34: Building] INFO  o.a.m.s.f.DefaultMavenResourcesFiltering - Copying 1 resource from src\main\resources to target\classes
2025-04-30 00:00:59,284 [Worker-34: Building] WARN  o.a.m.s.f.DefaultMavenResourcesFiltering - Using platform encoding (UTF-8 actually) to copy filtered resources, i.e. build is platform dependent!
2025-04-30 00:00:59,285 [Worker-34: Building] INFO  o.a.m.s.f.DefaultMavenResourcesFiltering - Copying 0 resource from src\test\resources to target\test-classes
2025-04-30 00:01:07,859 [Worker-21: Building] WARN  o.a.m.s.f.DefaultMavenResourcesFiltering - Using platform encoding (UTF-8 actually) to copy filtered resources, i.e. build is platform dependent!
2025-04-30 00:01:07,860 [Worker-21: Building] INFO  o.a.m.s.f.DefaultMavenResourcesFiltering - Copying 1 resource from src\main\resources to target\classes
2025-04-30 00:01:07,862 [Worker-21: Building] WARN  o.a.m.s.f.DefaultMavenResourcesFiltering - Using platform encoding (UTF-8 actually) to copy filtered resources, i.e. build is platform dependent!
2025-04-30 00:01:07,863 [Worker-21: Building] INFO  o.a.m.s.f.DefaultMavenResourcesFiltering - Copying 0 resource from src\test\resources to target\test-classes
2025-04-30 00:01:39,369 [Worker-43: Building] WARN  o.a.m.s.f.DefaultMavenResourcesFiltering - Using platform encoding (UTF-8 actually) to copy filtered resources, i.e. build is platform dependent!
2025-04-30 00:01:39,371 [Worker-43: Building] INFO  o.a.m.s.f.DefaultMavenResourcesFiltering - Copying 1 resource from src\main\resources to target\classes
2025-04-30 00:01:39,374 [Worker-43: Building] WARN  o.a.m.s.f.DefaultMavenResourcesFiltering - Using platform encoding (UTF-8 actually) to copy filtered resources, i.e. build is platform dependent!
2025-04-30 00:01:39,375 [Worker-43: Building] INFO  o.a.m.s.f.DefaultMavenResourcesFiltering - Copying 0 resource from src\test\resources to target\test-classes
2025-04-30 00:02:15,269 [Worker-1: Building] WARN  o.a.m.s.f.DefaultMavenResourcesFiltering - Using platform encoding (UTF-8 actually) to copy filtered resources, i.e. build is platform dependent!
2025-04-30 00:02:15,271 [Worker-1: Building] INFO  o.a.m.s.f.DefaultMavenResourcesFiltering - Copying 1 resource from src\main\resources to target\classes
2025-04-30 00:02:15,273 [Worker-1: Building] WARN  o.a.m.s.f.DefaultMavenResourcesFiltering - Using platform encoding (UTF-8 actually) to copy filtered resources, i.e. build is platform dependent!
2025-04-30 00:02:15,274 [Worker-1: Building] INFO  o.a.m.s.f.DefaultMavenResourcesFiltering - Copying 0 resource from src\test\resources to target\test-classes
2025-04-30 00:02:44,997 [Worker-42: Building] WARN  o.a.m.s.f.DefaultMavenResourcesFiltering - Using platform encoding (UTF-8 actually) to copy filtered resources, i.e. build is platform dependent!
2025-04-30 00:02:44,999 [Worker-42: Building] INFO  o.a.m.s.f.DefaultMavenResourcesFiltering - Copying 1 resource from src\main\resources to target\classes
2025-04-30 00:02:45,003 [Worker-42: Building] WARN  o.a.m.s.f.DefaultMavenResourcesFiltering - Using platform encoding (UTF-8 actually) to copy filtered resources, i.e. build is platform dependent!
2025-04-30 00:02:45,004 [Worker-42: Building] INFO  o.a.m.s.f.DefaultMavenResourcesFiltering - Copying 0 resource from src\test\resources to target\test-classes
2025-04-30 00:04:30,757 [Worker-39: Building] WARN  o.a.m.s.f.DefaultMavenResourcesFiltering - Using platform encoding (UTF-8 actually) to copy filtered resources, i.e. build is platform dependent!
2025-04-30 00:04:30,759 [Worker-39: Building] INFO  o.a.m.s.f.DefaultMavenResourcesFiltering - Copying 1 resource from src\main\resources to target\classes
2025-04-30 00:04:30,762 [Worker-39: Building] WARN  o.a.m.s.f.DefaultMavenResourcesFiltering - Using platform encoding (UTF-8 actually) to copy filtered resources, i.e. build is platform dependent!
2025-04-30 00:04:30,764 [Worker-39: Building] INFO  o.a.m.s.f.DefaultMavenResourcesFiltering - Copying 0 resource from src\test\resources to target\test-classes
2025-04-30 00:05:24,191 [Worker-43: Building] WARN  o.a.m.s.f.DefaultMavenResourcesFiltering - Using platform encoding (UTF-8 actually) to copy filtered resources, i.e. build is platform dependent!
2025-04-30 00:05:24,193 [Worker-43: Building] INFO  o.a.m.s.f.DefaultMavenResourcesFiltering - Copying 1 resource from src\main\resources to target\classes
2025-04-30 00:05:24,195 [Worker-43: Building] WARN  o.a.m.s.f.DefaultMavenResourcesFiltering - Using platform encoding (UTF-8 actually) to copy filtered resources, i.e. build is platform dependent!
2025-04-30 00:05:24,195 [Worker-43: Building] INFO  o.a.m.s.f.DefaultMavenResourcesFiltering - Copying 0 resource from src\test\resources to target\test-classes
2025-04-30 00:06:19,174 [Worker-39: Building] WARN  o.a.m.s.f.DefaultMavenResourcesFiltering - Using platform encoding (UTF-8 actually) to copy filtered resources, i.e. build is platform dependent!
2025-04-30 00:06:19,175 [Worker-39: Building] INFO  o.a.m.s.f.DefaultMavenResourcesFiltering - Copying 1 resource from src\main\resources to target\classes
2025-04-30 00:06:19,178 [Worker-39: Building] WARN  o.a.m.s.f.DefaultMavenResourcesFiltering - Using platform encoding (UTF-8 actually) to copy filtered resources, i.e. build is platform dependent!
2025-04-30 00:06:19,179 [Worker-39: Building] INFO  o.a.m.s.f.DefaultMavenResourcesFiltering - Copying 0 resource from src\test\resources to target\test-classes
2025-04-30 00:07:32,589 [Worker-39: Building] WARN  o.a.m.s.f.DefaultMavenResourcesFiltering - Using platform encoding (UTF-8 actually) to copy filtered resources, i.e. build is platform dependent!
2025-04-30 00:07:32,591 [Worker-39: Building] INFO  o.a.m.s.f.DefaultMavenResourcesFiltering - Copying 1 resource from src\main\resources to target\classes
2025-04-30 00:07:32,593 [Worker-39: Building] WARN  o.a.m.s.f.DefaultMavenResourcesFiltering - Using platform encoding (UTF-8 actually) to copy filtered resources, i.e. build is platform dependent!
2025-04-30 00:07:32,594 [Worker-39: Building] INFO  o.a.m.s.f.DefaultMavenResourcesFiltering - Copying 0 resource from src\test\resources to target\test-classes
2025-04-30 00:08:36,003 [Worker-39: Building] WARN  o.a.m.s.f.DefaultMavenResourcesFiltering - Using platform encoding (UTF-8 actually) to copy filtered resources, i.e. build is platform dependent!
2025-04-30 00:08:36,004 [Worker-39: Building] INFO  o.a.m.s.f.DefaultMavenResourcesFiltering - Copying 1 resource from src\main\resources to target\classes
2025-04-30 00:08:36,006 [Worker-39: Building] WARN  o.a.m.s.f.DefaultMavenResourcesFiltering - Using platform encoding (UTF-8 actually) to copy filtered resources, i.e. build is platform dependent!
2025-04-30 00:08:36,006 [Worker-39: Building] INFO  o.a.m.s.f.DefaultMavenResourcesFiltering - Copying 0 resource from src\test\resources to target\test-classes
2025-04-30 00:08:43,561 [Worker-1: Building] WARN  o.a.m.s.f.DefaultMavenResourcesFiltering - Using platform encoding (UTF-8 actually) to copy filtered resources, i.e. build is platform dependent!
2025-04-30 00:08:43,562 [Worker-1: Building] INFO  o.a.m.s.f.DefaultMavenResourcesFiltering - Copying 1 resource from src\main\resources to target\classes
2025-04-30 00:08:43,567 [Worker-1: Building] WARN  o.a.m.s.f.DefaultMavenResourcesFiltering - Using platform encoding (UTF-8 actually) to copy filtered resources, i.e. build is platform dependent!
2025-04-30 00:08:43,568 [Worker-1: Building] INFO  o.a.m.s.f.DefaultMavenResourcesFiltering - Copying 0 resource from src\test\resources to target\test-classes
2025-04-30 00:08:49,584 [Worker-34: Building] WARN  o.a.m.s.f.DefaultMavenResourcesFiltering - Using platform encoding (UTF-8 actually) to copy filtered resources, i.e. build is platform dependent!
2025-04-30 00:08:49,585 [Worker-34: Building] INFO  o.a.m.s.f.DefaultMavenResourcesFiltering - Copying 0 resource from src\main\resources to target\classes
2025-04-30 00:08:49,587 [Worker-34: Building] WARN  o.a.m.s.f.DefaultMavenResourcesFiltering - Using platform encoding (UTF-8 actually) to copy filtered resources, i.e. build is platform dependent!
2025-04-30 00:08:49,588 [Worker-34: Building] INFO  o.a.m.s.f.DefaultMavenResourcesFiltering - Copying 0 resource from src\test\resources to target\test-classes
2025-04-30 00:09:18,201 [Worker-41: Building] WARN  o.a.m.s.f.DefaultMavenResourcesFiltering - Using platform encoding (UTF-8 actually) to copy filtered resources, i.e. build is platform dependent!
2025-04-30 00:09:18,202 [Worker-41: Building] INFO  o.a.m.s.f.DefaultMavenResourcesFiltering - Copying 1 resource from src\main\resources to target\classes
2025-04-30 00:09:18,205 [Worker-41: Building] WARN  o.a.m.s.f.DefaultMavenResourcesFiltering - Using platform encoding (UTF-8 actually) to copy filtered resources, i.e. build is platform dependent!
2025-04-30 00:09:18,206 [Worker-41: Building] INFO  o.a.m.s.f.DefaultMavenResourcesFiltering - Copying 0 resource from src\test\resources to target\test-classes
2025-04-30 00:09:30,539 [Worker-44: Building] WARN  o.a.m.s.f.DefaultMavenResourcesFiltering - Using platform encoding (UTF-8 actually) to copy filtered resources, i.e. build is platform dependent!
2025-04-30 00:09:30,541 [Worker-44: Building] INFO  o.a.m.s.f.DefaultMavenResourcesFiltering - Copying 0 resource from src\main\resources to target\classes
2025-04-30 00:09:30,544 [Worker-44: Building] WARN  o.a.m.s.f.DefaultMavenResourcesFiltering - Using platform encoding (UTF-8 actually) to copy filtered resources, i.e. build is platform dependent!
2025-04-30 00:09:30,546 [Worker-44: Building] INFO  o.a.m.s.f.DefaultMavenResourcesFiltering - Copying 0 resource from src\test\resources to target\test-classes
2025-04-30 01:14:02,056 [Worker-4: Loading available Gradle versions] INFO  o.e.b.c.i.u.g.PublishedGradleVersions - Gradle version information cache is up-to-date. Trying to read.
2025-04-30 01:14:52,871 [Worker-17: Building] WARN  o.a.m.s.f.DefaultMavenResourcesFiltering - Using platform encoding (UTF-8 actually) to copy filtered resources, i.e. build is platform dependent!
2025-04-30 01:14:52,881 [Worker-17: Building] INFO  o.a.m.s.f.DefaultMavenResourcesFiltering - Copying 1 resource from src\main\resources to target\classes
2025-04-30 01:14:52,893 [Worker-17: Building] WARN  o.a.m.s.f.DefaultMavenResourcesFiltering - Using platform encoding (UTF-8 actually) to copy filtered resources, i.e. build is platform dependent!
2025-04-30 01:14:52,894 [Worker-17: Building] INFO  o.a.m.s.f.DefaultMavenResourcesFiltering - Copying 0 resource from src\test\resources to target\test-classes
2025-04-30 01:15:01,952 [Worker-7: Building] WARN  o.a.m.s.f.DefaultMavenResourcesFiltering - Using platform encoding (UTF-8 actually) to copy filtered resources, i.e. build is platform dependent!
2025-04-30 01:15:01,956 [Worker-7: Building] INFO  o.a.m.s.f.DefaultMavenResourcesFiltering - Copying 1 resource from src\main\resources to target\classes
2025-04-30 01:15:01,961 [Worker-7: Building] WARN  o.a.m.s.f.DefaultMavenResourcesFiltering - Using platform encoding (UTF-8 actually) to copy filtered resources, i.e. build is platform dependent!
2025-04-30 01:15:01,963 [Worker-7: Building] INFO  o.a.m.s.f.DefaultMavenResourcesFiltering - Copying 0 resource from src\test\resources to target\test-classes
2025-04-30 01:15:57,099 [Worker-34: Building] WARN  o.a.m.s.f.DefaultMavenResourcesFiltering - Using platform encoding (UTF-8 actually) to copy filtered resources, i.e. build is platform dependent!
2025-04-30 01:15:57,102 [Worker-34: Building] INFO  o.a.m.s.f.DefaultMavenResourcesFiltering - Copying 1 resource from src\main\resources to target\classes
2025-04-30 01:15:57,107 [Worker-34: Building] WARN  o.a.m.s.f.DefaultMavenResourcesFiltering - Using platform encoding (UTF-8 actually) to copy filtered resources, i.e. build is platform dependent!
2025-04-30 01:15:57,109 [Worker-34: Building] INFO  o.a.m.s.f.DefaultMavenResourcesFiltering - Copying 0 resource from src\test\resources to target\test-classes
2025-04-30 01:16:52,491 [Worker-8: Building] WARN  o.a.m.s.f.DefaultMavenResourcesFiltering - Using platform encoding (UTF-8 actually) to copy filtered resources, i.e. build is platform dependent!
2025-04-30 01:16:52,492 [Worker-8: Building] INFO  o.a.m.s.f.DefaultMavenResourcesFiltering - Copying 1 resource from src\main\resources to target\classes
2025-04-30 01:16:52,496 [Worker-8: Building] WARN  o.a.m.s.f.DefaultMavenResourcesFiltering - Using platform encoding (UTF-8 actually) to copy filtered resources, i.e. build is platform dependent!
2025-04-30 01:16:52,497 [Worker-8: Building] INFO  o.a.m.s.f.DefaultMavenResourcesFiltering - Copying 0 resource from src\test\resources to target\test-classes
2025-04-30 01:17:11,496 [Worker-9: Building] WARN  o.a.m.s.f.DefaultMavenResourcesFiltering - Using platform encoding (UTF-8 actually) to copy filtered resources, i.e. build is platform dependent!
2025-04-30 01:17:11,498 [Worker-9: Building] INFO  o.a.m.s.f.DefaultMavenResourcesFiltering - Copying 1 resource from src\main\resources to target\classes
2025-04-30 01:17:11,503 [Worker-9: Building] WARN  o.a.m.s.f.DefaultMavenResourcesFiltering - Using platform encoding (UTF-8 actually) to copy filtered resources, i.e. build is platform dependent!
2025-04-30 01:17:11,504 [Worker-9: Building] INFO  o.a.m.s.f.DefaultMavenResourcesFiltering - Copying 0 resource from src\test\resources to target\test-classes
2025-04-30 01:18:21,276 [Worker-5: Building] WARN  o.a.m.s.f.DefaultMavenResourcesFiltering - Using platform encoding (UTF-8 actually) to copy filtered resources, i.e. build is platform dependent!
2025-04-30 01:18:21,277 [Worker-5: Building] INFO  o.a.m.s.f.DefaultMavenResourcesFiltering - Copying 1 resource from src\main\resources to target\classes
2025-04-30 01:18:21,280 [Worker-5: Building] WARN  o.a.m.s.f.DefaultMavenResourcesFiltering - Using platform encoding (UTF-8 actually) to copy filtered resources, i.e. build is platform dependent!
2025-04-30 01:18:21,281 [Worker-5: Building] INFO  o.a.m.s.f.DefaultMavenResourcesFiltering - Copying 0 resource from src\test\resources to target\test-classes
2025-04-30 01:18:38,826 [Worker-9: Building] WARN  o.a.m.s.f.DefaultMavenResourcesFiltering - Using platform encoding (UTF-8 actually) to copy filtered resources, i.e. build is platform dependent!
2025-04-30 01:18:38,828 [Worker-9: Building] INFO  o.a.m.s.f.DefaultMavenResourcesFiltering - Copying 1 resource from src\main\resources to target\classes
2025-04-30 01:18:38,831 [Worker-9: Building] WARN  o.a.m.s.f.DefaultMavenResourcesFiltering - Using platform encoding (UTF-8 actually) to copy filtered resources, i.e. build is platform dependent!
2025-04-30 01:18:38,833 [Worker-9: Building] INFO  o.a.m.s.f.DefaultMavenResourcesFiltering - Copying 0 resource from src\test\resources to target\test-classes
2025-04-30 01:18:43,857 [Worker-23: Building] WARN  o.a.m.s.f.DefaultMavenResourcesFiltering - Using platform encoding (UTF-8 actually) to copy filtered resources, i.e. build is platform dependent!
2025-04-30 01:18:43,859 [Worker-23: Building] INFO  o.a.m.s.f.DefaultMavenResourcesFiltering - Copying 1 resource from src\main\resources to target\classes
2025-04-30 01:18:43,863 [Worker-23: Building] WARN  o.a.m.s.f.DefaultMavenResourcesFiltering - Using platform encoding (UTF-8 actually) to copy filtered resources, i.e. build is platform dependent!
2025-04-30 01:18:43,865 [Worker-23: Building] INFO  o.a.m.s.f.DefaultMavenResourcesFiltering - Copying 0 resource from src\test\resources to target\test-classes
2025-04-30 01:18:49,502 [Worker-23: Building] WARN  o.a.m.s.f.DefaultMavenResourcesFiltering - Using platform encoding (UTF-8 actually) to copy filtered resources, i.e. build is platform dependent!
2025-04-30 01:18:49,504 [Worker-23: Building] INFO  o.a.m.s.f.DefaultMavenResourcesFiltering - Copying 0 resource from src\main\resources to target\classes
2025-04-30 01:18:49,507 [Worker-23: Building] WARN  o.a.m.s.f.DefaultMavenResourcesFiltering - Using platform encoding (UTF-8 actually) to copy filtered resources, i.e. build is platform dependent!
2025-04-30 01:18:49,509 [Worker-23: Building] INFO  o.a.m.s.f.DefaultMavenResourcesFiltering - Copying 0 resource from src\test\resources to target\test-classes
2025-04-30 01:20:30,772 [Worker-9: Building] WARN  o.a.m.s.f.DefaultMavenResourcesFiltering - Using platform encoding (UTF-8 actually) to copy filtered resources, i.e. build is platform dependent!
2025-04-30 01:20:30,774 [Worker-9: Building] INFO  o.a.m.s.f.DefaultMavenResourcesFiltering - Copying 1 resource from src\main\resources to target\classes
2025-04-30 01:20:30,777 [Worker-9: Building] WARN  o.a.m.s.f.DefaultMavenResourcesFiltering - Using platform encoding (UTF-8 actually) to copy filtered resources, i.e. build is platform dependent!
2025-04-30 01:20:30,779 [Worker-9: Building] INFO  o.a.m.s.f.DefaultMavenResourcesFiltering - Copying 0 resource from src\test\resources to target\test-classes
2025-04-30 01:22:20,548 [Worker-32: Building] WARN  o.a.m.s.f.DefaultMavenResourcesFiltering - Using platform encoding (UTF-8 actually) to copy filtered resources, i.e. build is platform dependent!
2025-04-30 01:22:20,550 [Worker-32: Building] INFO  o.a.m.s.f.DefaultMavenResourcesFiltering - Copying 1 resource from src\main\resources to target\classes
2025-04-30 01:22:20,553 [Worker-32: Building] WARN  o.a.m.s.f.DefaultMavenResourcesFiltering - Using platform encoding (UTF-8 actually) to copy filtered resources, i.e. build is platform dependent!
2025-04-30 01:22:20,554 [Worker-32: Building] INFO  o.a.m.s.f.DefaultMavenResourcesFiltering - Copying 0 resource from src\test\resources to target\test-classes
2025-04-30 01:24:30,466 [Worker-3: Building] WARN  o.a.m.s.f.DefaultMavenResourcesFiltering - Using platform encoding (UTF-8 actually) to copy filtered resources, i.e. build is platform dependent!
2025-04-30 01:24:30,468 [Worker-3: Building] INFO  o.a.m.s.f.DefaultMavenResourcesFiltering - Copying 1 resource from src\main\resources to target\classes
2025-04-30 01:24:30,472 [Worker-3: Building] WARN  o.a.m.s.f.DefaultMavenResourcesFiltering - Using platform encoding (UTF-8 actually) to copy filtered resources, i.e. build is platform dependent!
2025-04-30 01:24:30,473 [Worker-3: Building] INFO  o.a.m.s.f.DefaultMavenResourcesFiltering - Copying 0 resource from src\test\resources to target\test-classes
2025-04-30 01:25:26,189 [Worker-23: Building] WARN  o.a.m.s.f.DefaultMavenResourcesFiltering - Using platform encoding (UTF-8 actually) to copy filtered resources, i.e. build is platform dependent!
2025-04-30 01:25:26,191 [Worker-23: Building] INFO  o.a.m.s.f.DefaultMavenResourcesFiltering - Copying 1 resource from src\main\resources to target\classes
2025-04-30 01:25:26,194 [Worker-23: Building] WARN  o.a.m.s.f.DefaultMavenResourcesFiltering - Using platform encoding (UTF-8 actually) to copy filtered resources, i.e. build is platform dependent!
2025-04-30 01:25:26,196 [Worker-23: Building] INFO  o.a.m.s.f.DefaultMavenResourcesFiltering - Copying 0 resource from src\test\resources to target\test-classes
2025-04-30 01:25:35,811 [Worker-37: Building] WARN  o.a.m.s.f.DefaultMavenResourcesFiltering - Using platform encoding (UTF-8 actually) to copy filtered resources, i.e. build is platform dependent!
2025-04-30 01:25:35,813 [Worker-37: Building] INFO  o.a.m.s.f.DefaultMavenResourcesFiltering - Copying 1 resource from src\main\resources to target\classes
2025-04-30 01:25:35,818 [Worker-37: Building] WARN  o.a.m.s.f.DefaultMavenResourcesFiltering - Using platform encoding (UTF-8 actually) to copy filtered resources, i.e. build is platform dependent!
2025-04-30 01:25:35,820 [Worker-37: Building] INFO  o.a.m.s.f.DefaultMavenResourcesFiltering - Copying 0 resource from src\test\resources to target\test-classes
2025-04-30 01:26:34,075 [Worker-37: Building] WARN  o.a.m.s.f.DefaultMavenResourcesFiltering - Using platform encoding (UTF-8 actually) to copy filtered resources, i.e. build is platform dependent!
2025-04-30 01:26:34,076 [Worker-37: Building] INFO  o.a.m.s.f.DefaultMavenResourcesFiltering - Copying 1 resource from src\main\resources to target\classes
2025-04-30 01:26:34,079 [Worker-37: Building] WARN  o.a.m.s.f.DefaultMavenResourcesFiltering - Using platform encoding (UTF-8 actually) to copy filtered resources, i.e. build is platform dependent!
2025-04-30 01:26:34,081 [Worker-37: Building] INFO  o.a.m.s.f.DefaultMavenResourcesFiltering - Copying 0 resource from src\test\resources to target\test-classes
2025-04-30 01:36:16,726 [Worker-37: Building] WARN  o.a.m.s.f.DefaultMavenResourcesFiltering - Using platform encoding (UTF-8 actually) to copy filtered resources, i.e. build is platform dependent!
2025-04-30 01:36:16,728 [Worker-37: Building] INFO  o.a.m.s.f.DefaultMavenResourcesFiltering - Copying 1 resource from src\main\resources to target\classes
2025-04-30 01:36:16,730 [Worker-37: Building] WARN  o.a.m.s.f.DefaultMavenResourcesFiltering - Using platform encoding (UTF-8 actually) to copy filtered resources, i.e. build is platform dependent!
2025-04-30 01:36:16,731 [Worker-37: Building] INFO  o.a.m.s.f.DefaultMavenResourcesFiltering - Copying 0 resource from src\test\resources to target\test-classes
2025-04-30 01:38:16,605 [Worker-33: Building] WARN  o.a.m.s.f.DefaultMavenResourcesFiltering - Using platform encoding (UTF-8 actually) to copy filtered resources, i.e. build is platform dependent!
2025-04-30 01:38:16,607 [Worker-33: Building] INFO  o.a.m.s.f.DefaultMavenResourcesFiltering - Copying 1 resource from src\main\resources to target\classes
2025-04-30 01:38:16,610 [Worker-33: Building] WARN  o.a.m.s.f.DefaultMavenResourcesFiltering - Using platform encoding (UTF-8 actually) to copy filtered resources, i.e. build is platform dependent!
2025-04-30 01:38:16,611 [Worker-33: Building] INFO  o.a.m.s.f.DefaultMavenResourcesFiltering - Copying 0 resource from src\test\resources to target\test-classes
2025-04-30 01:38:51,162 [Worker-33: Building] WARN  o.a.m.s.f.DefaultMavenResourcesFiltering - Using platform encoding (UTF-8 actually) to copy filtered resources, i.e. build is platform dependent!
2025-04-30 01:38:51,164 [Worker-33: Building] INFO  o.a.m.s.f.DefaultMavenResourcesFiltering - Copying 1 resource from src\main\resources to target\classes
2025-04-30 01:38:51,167 [Worker-33: Building] WARN  o.a.m.s.f.DefaultMavenResourcesFiltering - Using platform encoding (UTF-8 actually) to copy filtered resources, i.e. build is platform dependent!
2025-04-30 01:38:51,169 [Worker-33: Building] INFO  o.a.m.s.f.DefaultMavenResourcesFiltering - Copying 0 resource from src\test\resources to target\test-classes
2025-04-30 01:38:59,410 [Worker-33: Building] WARN  o.a.m.s.f.DefaultMavenResourcesFiltering - Using platform encoding (UTF-8 actually) to copy filtered resources, i.e. build is platform dependent!
2025-04-30 01:38:59,411 [Worker-33: Building] INFO  o.a.m.s.f.DefaultMavenResourcesFiltering - Copying 0 resource from src\main\resources to target\classes
2025-04-30 01:38:59,414 [Worker-33: Building] WARN  o.a.m.s.f.DefaultMavenResourcesFiltering - Using platform encoding (UTF-8 actually) to copy filtered resources, i.e. build is platform dependent!
2025-04-30 01:38:59,414 [Worker-33: Building] INFO  o.a.m.s.f.DefaultMavenResourcesFiltering - Copying 0 resource from src\test\resources to target\test-classes
2025-04-30 01:39:05,035 [Worker-37: Building] WARN  o.a.m.s.f.DefaultMavenResourcesFiltering - Using platform encoding (UTF-8 actually) to copy filtered resources, i.e. build is platform dependent!
2025-04-30 01:39:05,037 [Worker-37: Building] INFO  o.a.m.s.f.DefaultMavenResourcesFiltering - Copying 0 resource from src\main\resources to target\classes
2025-04-30 01:39:05,039 [Worker-37: Building] WARN  o.a.m.s.f.DefaultMavenResourcesFiltering - Using platform encoding (UTF-8 actually) to copy filtered resources, i.e. build is platform dependent!
2025-04-30 01:39:05,041 [Worker-37: Building] INFO  o.a.m.s.f.DefaultMavenResourcesFiltering - Copying 0 resource from src\test\resources to target\test-classes
2025-04-30 01:40:53,898 [Worker-32: Building] WARN  o.a.m.s.f.DefaultMavenResourcesFiltering - Using platform encoding (UTF-8 actually) to copy filtered resources, i.e. build is platform dependent!
2025-04-30 01:40:53,900 [Worker-32: Building] INFO  o.a.m.s.f.DefaultMavenResourcesFiltering - Copying 1 resource from src\main\resources to target\classes
2025-04-30 01:40:53,904 [Worker-32: Building] WARN  o.a.m.s.f.DefaultMavenResourcesFiltering - Using platform encoding (UTF-8 actually) to copy filtered resources, i.e. build is platform dependent!
2025-04-30 01:40:53,905 [Worker-32: Building] INFO  o.a.m.s.f.DefaultMavenResourcesFiltering - Copying 0 resource from src\test\resources to target\test-classes
2025-04-30 01:41:30,767 [Worker-32: Building] WARN  o.a.m.s.f.DefaultMavenResourcesFiltering - Using platform encoding (UTF-8 actually) to copy filtered resources, i.e. build is platform dependent!
2025-04-30 01:41:30,768 [Worker-32: Building] INFO  o.a.m.s.f.DefaultMavenResourcesFiltering - Copying 1 resource from src\main\resources to target\classes
2025-04-30 01:41:30,772 [Worker-32: Building] WARN  o.a.m.s.f.DefaultMavenResourcesFiltering - Using platform encoding (UTF-8 actually) to copy filtered resources, i.e. build is platform dependent!
2025-04-30 01:41:30,773 [Worker-32: Building] INFO  o.a.m.s.f.DefaultMavenResourcesFiltering - Copying 0 resource from src\test\resources to target\test-classes
2025-04-30 01:44:09,558 [Worker-39: Building] WARN  o.a.m.s.f.DefaultMavenResourcesFiltering - Using platform encoding (UTF-8 actually) to copy filtered resources, i.e. build is platform dependent!
2025-04-30 01:44:09,560 [Worker-39: Building] INFO  o.a.m.s.f.DefaultMavenResourcesFiltering - Copying 1 resource from src\main\resources to target\classes
2025-04-30 01:44:09,563 [Worker-39: Building] WARN  o.a.m.s.f.DefaultMavenResourcesFiltering - Using platform encoding (UTF-8 actually) to copy filtered resources, i.e. build is platform dependent!
2025-04-30 01:44:09,565 [Worker-39: Building] INFO  o.a.m.s.f.DefaultMavenResourcesFiltering - Copying 0 resource from src\test\resources to target\test-classes
2025-04-30 01:44:27,105 [Worker-33: Building] WARN  o.a.m.s.f.DefaultMavenResourcesFiltering - Using platform encoding (UTF-8 actually) to copy filtered resources, i.e. build is platform dependent!
2025-04-30 01:44:27,107 [Worker-33: Building] INFO  o.a.m.s.f.DefaultMavenResourcesFiltering - Copying 0 resource from src\main\resources to target\classes
2025-04-30 01:44:27,109 [Worker-33: Building] WARN  o.a.m.s.f.DefaultMavenResourcesFiltering - Using platform encoding (UTF-8 actually) to copy filtered resources, i.e. build is platform dependent!
2025-04-30 01:44:27,111 [Worker-33: Building] INFO  o.a.m.s.f.DefaultMavenResourcesFiltering - Copying 0 resource from src\test\resources to target\test-classes
2025-04-30 01:44:35,299 [Worker-31: Building] WARN  o.a.m.s.f.DefaultMavenResourcesFiltering - Using platform encoding (UTF-8 actually) to copy filtered resources, i.e. build is platform dependent!
2025-04-30 01:44:35,301 [Worker-31: Building] INFO  o.a.m.s.f.DefaultMavenResourcesFiltering - Copying 1 resource from src\main\resources to target\classes
2025-04-30 01:44:35,304 [Worker-31: Building] WARN  o.a.m.s.f.DefaultMavenResourcesFiltering - Using platform encoding (UTF-8 actually) to copy filtered resources, i.e. build is platform dependent!
2025-04-30 01:44:35,305 [Worker-31: Building] INFO  o.a.m.s.f.DefaultMavenResourcesFiltering - Copying 0 resource from src\test\resources to target\test-classes
2025-04-30 01:45:26,659 [Worker-31: Building] WARN  o.a.m.s.f.DefaultMavenResourcesFiltering - Using platform encoding (UTF-8 actually) to copy filtered resources, i.e. build is platform dependent!
2025-04-30 01:45:26,663 [Worker-31: Building] INFO  o.a.m.s.f.DefaultMavenResourcesFiltering - Copying 0 resource from src\main\resources to target\classes
2025-04-30 01:45:26,667 [Worker-31: Building] WARN  o.a.m.s.f.DefaultMavenResourcesFiltering - Using platform encoding (UTF-8 actually) to copy filtered resources, i.e. build is platform dependent!
2025-04-30 01:45:26,669 [Worker-31: Building] INFO  o.a.m.s.f.DefaultMavenResourcesFiltering - Copying 0 resource from src\test\resources to target\test-classes
2025-04-30 01:47:19,924 [Worker-40: Building] WARN  o.a.m.s.f.DefaultMavenResourcesFiltering - Using platform encoding (UTF-8 actually) to copy filtered resources, i.e. build is platform dependent!
2025-04-30 01:47:19,926 [Worker-40: Building] INFO  o.a.m.s.f.DefaultMavenResourcesFiltering - Copying 1 resource from src\main\resources to target\classes
2025-04-30 01:47:19,929 [Worker-40: Building] WARN  o.a.m.s.f.DefaultMavenResourcesFiltering - Using platform encoding (UTF-8 actually) to copy filtered resources, i.e. build is platform dependent!
2025-04-30 01:47:19,931 [Worker-40: Building] INFO  o.a.m.s.f.DefaultMavenResourcesFiltering - Copying 0 resource from src\test\resources to target\test-classes
2025-04-30 01:49:23,432 [Worker-33: Building] WARN  o.a.m.s.f.DefaultMavenResourcesFiltering - Using platform encoding (UTF-8 actually) to copy filtered resources, i.e. build is platform dependent!
2025-04-30 01:49:23,434 [Worker-33: Building] INFO  o.a.m.s.f.DefaultMavenResourcesFiltering - Copying 1 resource from src\main\resources to target\classes
2025-04-30 01:49:23,435 [Worker-33: Building] WARN  o.a.m.s.f.DefaultMavenResourcesFiltering - Using platform encoding (UTF-8 actually) to copy filtered resources, i.e. build is platform dependent!
2025-04-30 01:49:23,437 [Worker-33: Building] INFO  o.a.m.s.f.DefaultMavenResourcesFiltering - Copying 0 resource from src\test\resources to target\test-classes
2025-04-30 01:53:11,214 [Worker-40: Building] WARN  o.a.m.s.f.DefaultMavenResourcesFiltering - Using platform encoding (UTF-8 actually) to copy filtered resources, i.e. build is platform dependent!
2025-04-30 01:53:11,215 [Worker-40: Building] INFO  o.a.m.s.f.DefaultMavenResourcesFiltering - Copying 1 resource from src\main\resources to target\classes
2025-04-30 01:53:11,219 [Worker-40: Building] WARN  o.a.m.s.f.DefaultMavenResourcesFiltering - Using platform encoding (UTF-8 actually) to copy filtered resources, i.e. build is platform dependent!
2025-04-30 01:53:11,221 [Worker-40: Building] INFO  o.a.m.s.f.DefaultMavenResourcesFiltering - Copying 0 resource from src\test\resources to target\test-classes
2025-04-30 01:54:28,865 [Worker-37: Building] WARN  o.a.m.s.f.DefaultMavenResourcesFiltering - Using platform encoding (UTF-8 actually) to copy filtered resources, i.e. build is platform dependent!
2025-04-30 01:54:28,867 [Worker-37: Building] INFO  o.a.m.s.f.DefaultMavenResourcesFiltering - Copying 1 resource from src\main\resources to target\classes
2025-04-30 01:54:28,870 [Worker-37: Building] WARN  o.a.m.s.f.DefaultMavenResourcesFiltering - Using platform encoding (UTF-8 actually) to copy filtered resources, i.e. build is platform dependent!
2025-04-30 01:54:28,871 [Worker-37: Building] INFO  o.a.m.s.f.DefaultMavenResourcesFiltering - Copying 0 resource from src\test\resources to target\test-classes
2025-04-30 01:55:21,362 [Worker-40: Building] WARN  o.a.m.s.f.DefaultMavenResourcesFiltering - Using platform encoding (UTF-8 actually) to copy filtered resources, i.e. build is platform dependent!
2025-04-30 01:55:21,364 [Worker-40: Building] INFO  o.a.m.s.f.DefaultMavenResourcesFiltering - Copying 1 resource from src\main\resources to target\classes
2025-04-30 01:55:21,368 [Worker-40: Building] WARN  o.a.m.s.f.DefaultMavenResourcesFiltering - Using platform encoding (UTF-8 actually) to copy filtered resources, i.e. build is platform dependent!
2025-04-30 01:55:21,369 [Worker-40: Building] INFO  o.a.m.s.f.DefaultMavenResourcesFiltering - Copying 0 resource from src\test\resources to target\test-classes
2025-04-30 01:55:28,133 [Worker-40: Building] WARN  o.a.m.s.f.DefaultMavenResourcesFiltering - Using platform encoding (UTF-8 actually) to copy filtered resources, i.e. build is platform dependent!
2025-04-30 01:55:28,136 [Worker-40: Building] INFO  o.a.m.s.f.DefaultMavenResourcesFiltering - Copying 1 resource from src\main\resources to target\classes
2025-04-30 01:55:28,140 [Worker-40: Building] WARN  o.a.m.s.f.DefaultMavenResourcesFiltering - Using platform encoding (UTF-8 actually) to copy filtered resources, i.e. build is platform dependent!
2025-04-30 01:55:28,141 [Worker-40: Building] INFO  o.a.m.s.f.DefaultMavenResourcesFiltering - Copying 0 resource from src\test\resources to target\test-classes
2025-04-30 01:55:37,784 [Worker-41: Building] WARN  o.a.m.s.f.DefaultMavenResourcesFiltering - Using platform encoding (UTF-8 actually) to copy filtered resources, i.e. build is platform dependent!
2025-04-30 01:55:37,786 [Worker-41: Building] INFO  o.a.m.s.f.DefaultMavenResourcesFiltering - Copying 0 resource from src\main\resources to target\classes
2025-04-30 01:55:37,788 [Worker-41: Building] WARN  o.a.m.s.f.DefaultMavenResourcesFiltering - Using platform encoding (UTF-8 actually) to copy filtered resources, i.e. build is platform dependent!
2025-04-30 01:55:37,790 [Worker-41: Building] INFO  o.a.m.s.f.DefaultMavenResourcesFiltering - Copying 0 resource from src\test\resources to target\test-classes
2025-04-30 01:55:57,419 [Worker-32: Building] WARN  o.a.m.s.f.DefaultMavenResourcesFiltering - Using platform encoding (UTF-8 actually) to copy filtered resources, i.e. build is platform dependent!
2025-04-30 01:55:57,420 [Worker-32: Building] INFO  o.a.m.s.f.DefaultMavenResourcesFiltering - Copying 0 resource from src\main\resources to target\classes
2025-04-30 01:55:57,423 [Worker-32: Building] WARN  o.a.m.s.f.DefaultMavenResourcesFiltering - Using platform encoding (UTF-8 actually) to copy filtered resources, i.e. build is platform dependent!
2025-04-30 01:55:57,424 [Worker-32: Building] INFO  o.a.m.s.f.DefaultMavenResourcesFiltering - Copying 0 resource from src\test\resources to target\test-classes
2025-04-30 01:56:03,527 [Worker-41: Building] WARN  o.a.m.s.f.DefaultMavenResourcesFiltering - Using platform encoding (UTF-8 actually) to copy filtered resources, i.e. build is platform dependent!
2025-04-30 01:56:03,528 [Worker-41: Building] INFO  o.a.m.s.f.DefaultMavenResourcesFiltering - Copying 0 resource from src\main\resources to target\classes
2025-04-30 01:56:03,531 [Worker-41: Building] WARN  o.a.m.s.f.DefaultMavenResourcesFiltering - Using platform encoding (UTF-8 actually) to copy filtered resources, i.e. build is platform dependent!
2025-04-30 01:56:03,532 [Worker-41: Building] INFO  o.a.m.s.f.DefaultMavenResourcesFiltering - Copying 0 resource from src\test\resources to target\test-classes
2025-04-30 01:56:24,630 [Worker-41: Building] WARN  o.a.m.s.f.DefaultMavenResourcesFiltering - Using platform encoding (UTF-8 actually) to copy filtered resources, i.e. build is platform dependent!
2025-04-30 01:56:24,632 [Worker-41: Building] INFO  o.a.m.s.f.DefaultMavenResourcesFiltering - Copying 0 resource from src\main\resources to target\classes
2025-04-30 01:56:24,635 [Worker-41: Building] WARN  o.a.m.s.f.DefaultMavenResourcesFiltering - Using platform encoding (UTF-8 actually) to copy filtered resources, i.e. build is platform dependent!
2025-04-30 01:56:24,636 [Worker-41: Building] INFO  o.a.m.s.f.DefaultMavenResourcesFiltering - Copying 0 resource from src\test\resources to target\test-classes
2025-04-30 01:56:27,213 [Worker-32: Building] WARN  o.a.m.s.f.DefaultMavenResourcesFiltering - Using platform encoding (UTF-8 actually) to copy filtered resources, i.e. build is platform dependent!
2025-04-30 01:56:27,214 [Worker-32: Building] INFO  o.a.m.s.f.DefaultMavenResourcesFiltering - Copying 0 resource from src\main\resources to target\classes
2025-04-30 01:56:27,216 [Worker-32: Building] WARN  o.a.m.s.f.DefaultMavenResourcesFiltering - Using platform encoding (UTF-8 actually) to copy filtered resources, i.e. build is platform dependent!
2025-04-30 01:56:27,217 [Worker-32: Building] INFO  o.a.m.s.f.DefaultMavenResourcesFiltering - Copying 0 resource from src\test\resources to target\test-classes
2025-04-30 01:58:02,039 [Worker-39: Building] WARN  o.a.m.s.f.DefaultMavenResourcesFiltering - Using platform encoding (UTF-8 actually) to copy filtered resources, i.e. build is platform dependent!
2025-04-30 01:58:02,041 [Worker-39: Building] INFO  o.a.m.s.f.DefaultMavenResourcesFiltering - Copying 1 resource from src\main\resources to target\classes
2025-04-30 01:58:02,045 [Worker-39: Building] WARN  o.a.m.s.f.DefaultMavenResourcesFiltering - Using platform encoding (UTF-8 actually) to copy filtered resources, i.e. build is platform dependent!
2025-04-30 01:58:02,046 [Worker-39: Building] INFO  o.a.m.s.f.DefaultMavenResourcesFiltering - Copying 0 resource from src\test\resources to target\test-classes
2025-04-30 01:58:06,660 [Worker-33: Building] WARN  o.a.m.s.f.DefaultMavenResourcesFiltering - Using platform encoding (UTF-8 actually) to copy filtered resources, i.e. build is platform dependent!
2025-04-30 01:58:06,661 [Worker-33: Building] INFO  o.a.m.s.f.DefaultMavenResourcesFiltering - Copying 1 resource from src\main\resources to target\classes
2025-04-30 01:58:06,663 [Worker-33: Building] WARN  o.a.m.s.f.DefaultMavenResourcesFiltering - Using platform encoding (UTF-8 actually) to copy filtered resources, i.e. build is platform dependent!
2025-04-30 01:58:06,664 [Worker-33: Building] INFO  o.a.m.s.f.DefaultMavenResourcesFiltering - Copying 0 resource from src\test\resources to target\test-classes
2025-04-30 01:58:58,577 [Worker-37: Building] WARN  o.a.m.s.f.DefaultMavenResourcesFiltering - Using platform encoding (UTF-8 actually) to copy filtered resources, i.e. build is platform dependent!
2025-04-30 01:58:58,579 [Worker-37: Building] INFO  o.a.m.s.f.DefaultMavenResourcesFiltering - Copying 1 resource from src\main\resources to target\classes
2025-04-30 01:58:58,582 [Worker-37: Building] WARN  o.a.m.s.f.DefaultMavenResourcesFiltering - Using platform encoding (UTF-8 actually) to copy filtered resources, i.e. build is platform dependent!
2025-04-30 01:58:58,583 [Worker-37: Building] INFO  o.a.m.s.f.DefaultMavenResourcesFiltering - Copying 0 resource from src\test\resources to target\test-classes
2025-04-30 01:59:05,695 [Worker-41: Building] WARN  o.a.m.s.f.DefaultMavenResourcesFiltering - Using platform encoding (UTF-8 actually) to copy filtered resources, i.e. build is platform dependent!
2025-04-30 01:59:05,696 [Worker-41: Building] INFO  o.a.m.s.f.DefaultMavenResourcesFiltering - Copying 1 resource from src\main\resources to target\classes
2025-04-30 01:59:05,699 [Worker-41: Building] WARN  o.a.m.s.f.DefaultMavenResourcesFiltering - Using platform encoding (UTF-8 actually) to copy filtered resources, i.e. build is platform dependent!
2025-04-30 01:59:05,700 [Worker-41: Building] INFO  o.a.m.s.f.DefaultMavenResourcesFiltering - Copying 0 resource from src\test\resources to target\test-classes
2025-04-30 02:01:51,023 [Worker-37: Building] WARN  o.a.m.s.f.DefaultMavenResourcesFiltering - Using platform encoding (UTF-8 actually) to copy filtered resources, i.e. build is platform dependent!
2025-04-30 02:01:51,025 [Worker-37: Building] INFO  o.a.m.s.f.DefaultMavenResourcesFiltering - Copying 1 resource from src\main\resources to target\classes
2025-04-30 02:01:51,028 [Worker-37: Building] WARN  o.a.m.s.f.DefaultMavenResourcesFiltering - Using platform encoding (UTF-8 actually) to copy filtered resources, i.e. build is platform dependent!
2025-04-30 02:01:51,029 [Worker-37: Building] INFO  o.a.m.s.f.DefaultMavenResourcesFiltering - Copying 0 resource from src\test\resources to target\test-classes
2025-04-30 23:01:59,530 [Worker-5: Loading available Gradle versions] INFO  o.e.b.c.i.u.g.PublishedGradleVersions - Gradle version information cache is out-of-date. Trying to update.
2025-04-30 23:16:28,118 [Worker-20: Building] WARN  o.a.m.s.f.DefaultMavenResourcesFiltering - Using platform encoding (UTF-8 actually) to copy filtered resources, i.e. build is platform dependent!
2025-04-30 23:16:28,134 [Worker-20: Building] INFO  o.a.m.s.f.DefaultMavenResourcesFiltering - Copying 1 resource from src\main\resources to target\classes
2025-04-30 23:16:28,144 [Worker-20: Building] WARN  o.a.m.s.f.DefaultMavenResourcesFiltering - Using platform encoding (UTF-8 actually) to copy filtered resources, i.e. build is platform dependent!
2025-04-30 23:16:28,145 [Worker-20: Building] INFO  o.a.m.s.f.DefaultMavenResourcesFiltering - Copying 0 resource from src\test\resources to target\test-classes
2025-04-30 23:16:58,925 [Worker-47: Building] WARN  o.a.m.s.f.DefaultMavenResourcesFiltering - Using platform encoding (UTF-8 actually) to copy filtered resources, i.e. build is platform dependent!
2025-04-30 23:16:58,928 [Worker-47: Building] INFO  o.a.m.s.f.DefaultMavenResourcesFiltering - Copying 1 resource from src\main\resources to target\classes
2025-04-30 23:16:58,932 [Worker-47: Building] WARN  o.a.m.s.f.DefaultMavenResourcesFiltering - Using platform encoding (UTF-8 actually) to copy filtered resources, i.e. build is platform dependent!
2025-04-30 23:16:58,934 [Worker-47: Building] INFO  o.a.m.s.f.DefaultMavenResourcesFiltering - Copying 0 resource from src\test\resources to target\test-classes
2025-04-30 23:19:03,612 [Worker-17: Building] WARN  o.a.m.s.f.DefaultMavenResourcesFiltering - Using platform encoding (UTF-8 actually) to copy filtered resources, i.e. build is platform dependent!
2025-04-30 23:19:03,614 [Worker-17: Building] INFO  o.a.m.s.f.DefaultMavenResourcesFiltering - Copying 0 resource from src\main\resources to target\classes
2025-04-30 23:19:03,617 [Worker-17: Building] WARN  o.a.m.s.f.DefaultMavenResourcesFiltering - Using platform encoding (UTF-8 actually) to copy filtered resources, i.e. build is platform dependent!
2025-04-30 23:19:03,618 [Worker-17: Building] INFO  o.a.m.s.f.DefaultMavenResourcesFiltering - Copying 0 resource from src\test\resources to target\test-classes
2025-04-30 23:27:54,831 [Worker-17: Building] WARN  o.a.m.s.f.DefaultMavenResourcesFiltering - Using platform encoding (UTF-8 actually) to copy filtered resources, i.e. build is platform dependent!
2025-04-30 23:27:54,835 [Worker-17: Building] INFO  o.a.m.s.f.DefaultMavenResourcesFiltering - Copying 1 resource from src\main\resources to target\classes
2025-04-30 23:27:54,839 [Worker-17: Building] WARN  o.a.m.s.f.DefaultMavenResourcesFiltering - Using platform encoding (UTF-8 actually) to copy filtered resources, i.e. build is platform dependent!
2025-04-30 23:27:54,841 [Worker-17: Building] INFO  o.a.m.s.f.DefaultMavenResourcesFiltering - Copying 0 resource from src\test\resources to target\test-classes
2025-04-30 23:29:37,359 [Worker-50: Building] WARN  o.a.m.s.f.DefaultMavenResourcesFiltering - Using platform encoding (UTF-8 actually) to copy filtered resources, i.e. build is platform dependent!
2025-04-30 23:29:37,362 [Worker-50: Building] INFO  o.a.m.s.f.DefaultMavenResourcesFiltering - Copying 1 resource from src\main\resources to target\classes
2025-04-30 23:29:37,366 [Worker-50: Building] WARN  o.a.m.s.f.DefaultMavenResourcesFiltering - Using platform encoding (UTF-8 actually) to copy filtered resources, i.e. build is platform dependent!
2025-04-30 23:29:37,368 [Worker-50: Building] INFO  o.a.m.s.f.DefaultMavenResourcesFiltering - Copying 0 resource from src\test\resources to target\test-classes
2025-04-30 23:30:41,067 [Worker-50: Building] WARN  o.a.m.s.f.DefaultMavenResourcesFiltering - Using platform encoding (UTF-8 actually) to copy filtered resources, i.e. build is platform dependent!
2025-04-30 23:30:41,069 [Worker-50: Building] INFO  o.a.m.s.f.DefaultMavenResourcesFiltering - Copying 1 resource from src\main\resources to target\classes
2025-04-30 23:30:41,074 [Worker-50: Building] WARN  o.a.m.s.f.DefaultMavenResourcesFiltering - Using platform encoding (UTF-8 actually) to copy filtered resources, i.e. build is platform dependent!
2025-04-30 23:30:41,077 [Worker-50: Building] INFO  o.a.m.s.f.DefaultMavenResourcesFiltering - Copying 0 resource from src\test\resources to target\test-classes
2025-04-30 23:32:25,195 [Worker-45: Building] WARN  o.a.m.s.f.DefaultMavenResourcesFiltering - Using platform encoding (UTF-8 actually) to copy filtered resources, i.e. build is platform dependent!
2025-04-30 23:32:25,197 [Worker-45: Building] INFO  o.a.m.s.f.DefaultMavenResourcesFiltering - Copying 1 resource from src\main\resources to target\classes
2025-04-30 23:32:25,200 [Worker-45: Building] WARN  o.a.m.s.f.DefaultMavenResourcesFiltering - Using platform encoding (UTF-8 actually) to copy filtered resources, i.e. build is platform dependent!
2025-04-30 23:32:25,202 [Worker-45: Building] INFO  o.a.m.s.f.DefaultMavenResourcesFiltering - Copying 0 resource from src\test\resources to target\test-classes
2025-04-30 23:32:32,329 [Worker-45: Building] WARN  o.a.m.s.f.DefaultMavenResourcesFiltering - Using platform encoding (UTF-8 actually) to copy filtered resources, i.e. build is platform dependent!
2025-04-30 23:32:32,332 [Worker-45: Building] INFO  o.a.m.s.f.DefaultMavenResourcesFiltering - Copying 1 resource from src\main\resources to target\classes
2025-04-30 23:32:32,336 [Worker-45: Building] WARN  o.a.m.s.f.DefaultMavenResourcesFiltering - Using platform encoding (UTF-8 actually) to copy filtered resources, i.e. build is platform dependent!
2025-04-30 23:32:32,338 [Worker-45: Building] INFO  o.a.m.s.f.DefaultMavenResourcesFiltering - Copying 0 resource from src\test\resources to target\test-classes
2025-04-30 23:32:40,369 [Worker-45: Building] WARN  o.a.m.s.f.DefaultMavenResourcesFiltering - Using platform encoding (UTF-8 actually) to copy filtered resources, i.e. build is platform dependent!
2025-04-30 23:32:40,371 [Worker-45: Building] INFO  o.a.m.s.f.DefaultMavenResourcesFiltering - Copying 1 resource from src\main\resources to target\classes
2025-04-30 23:32:40,375 [Worker-45: Building] WARN  o.a.m.s.f.DefaultMavenResourcesFiltering - Using platform encoding (UTF-8 actually) to copy filtered resources, i.e. build is platform dependent!
2025-04-30 23:32:40,376 [Worker-45: Building] INFO  o.a.m.s.f.DefaultMavenResourcesFiltering - Copying 0 resource from src\test\resources to target\test-classes
2025-04-30 23:32:49,557 [Worker-20: Building] WARN  o.a.m.s.f.DefaultMavenResourcesFiltering - Using platform encoding (UTF-8 actually) to copy filtered resources, i.e. build is platform dependent!
2025-04-30 23:32:49,558 [Worker-20: Building] INFO  o.a.m.s.f.DefaultMavenResourcesFiltering - Copying 1 resource from src\main\resources to target\classes
2025-04-30 23:32:49,560 [Worker-20: Building] WARN  o.a.m.s.f.DefaultMavenResourcesFiltering - Using platform encoding (UTF-8 actually) to copy filtered resources, i.e. build is platform dependent!
2025-04-30 23:32:49,561 [Worker-20: Building] INFO  o.a.m.s.f.DefaultMavenResourcesFiltering - Copying 0 resource from src\test\resources to target\test-classes
2025-04-30 23:33:55,936 [Worker-45: Building] WARN  o.a.m.s.f.DefaultMavenResourcesFiltering - Using platform encoding (UTF-8 actually) to copy filtered resources, i.e. build is platform dependent!
2025-04-30 23:33:55,938 [Worker-45: Building] INFO  o.a.m.s.f.DefaultMavenResourcesFiltering - Copying 1 resource from src\main\resources to target\classes
2025-04-30 23:33:55,941 [Worker-45: Building] WARN  o.a.m.s.f.DefaultMavenResourcesFiltering - Using platform encoding (UTF-8 actually) to copy filtered resources, i.e. build is platform dependent!
2025-04-30 23:33:55,943 [Worker-45: Building] INFO  o.a.m.s.f.DefaultMavenResourcesFiltering - Copying 0 resource from src\test\resources to target\test-classes
2025-04-30 23:34:09,241 [Worker-20: Building] WARN  o.a.m.s.f.DefaultMavenResourcesFiltering - Using platform encoding (UTF-8 actually) to copy filtered resources, i.e. build is platform dependent!
2025-04-30 23:34:09,242 [Worker-20: Building] INFO  o.a.m.s.f.DefaultMavenResourcesFiltering - Copying 0 resource from src\main\resources to target\classes
2025-04-30 23:34:09,245 [Worker-20: Building] WARN  o.a.m.s.f.DefaultMavenResourcesFiltering - Using platform encoding (UTF-8 actually) to copy filtered resources, i.e. build is platform dependent!
2025-04-30 23:34:09,246 [Worker-20: Building] INFO  o.a.m.s.f.DefaultMavenResourcesFiltering - Copying 0 resource from src\test\resources to target\test-classes
2025-04-30 23:34:37,491 [Worker-50: Building] WARN  o.a.m.s.f.DefaultMavenResourcesFiltering - Using platform encoding (UTF-8 actually) to copy filtered resources, i.e. build is platform dependent!
2025-04-30 23:34:37,492 [Worker-50: Building] INFO  o.a.m.s.f.DefaultMavenResourcesFiltering - Copying 1 resource from src\main\resources to target\classes
2025-04-30 23:34:37,495 [Worker-50: Building] WARN  o.a.m.s.f.DefaultMavenResourcesFiltering - Using platform encoding (UTF-8 actually) to copy filtered resources, i.e. build is platform dependent!
2025-04-30 23:34:37,496 [Worker-50: Building] INFO  o.a.m.s.f.DefaultMavenResourcesFiltering - Copying 0 resource from src\test\resources to target\test-classes
2025-04-30 23:37:16,633 [Worker-51: Building] WARN  o.a.m.s.f.DefaultMavenResourcesFiltering - Using platform encoding (UTF-8 actually) to copy filtered resources, i.e. build is platform dependent!
2025-04-30 23:37:16,635 [Worker-51: Building] INFO  o.a.m.s.f.DefaultMavenResourcesFiltering - Copying 1 resource from src\main\resources to target\classes
2025-04-30 23:37:16,642 [Worker-51: Building] WARN  o.a.m.s.f.DefaultMavenResourcesFiltering - Using platform encoding (UTF-8 actually) to copy filtered resources, i.e. build is platform dependent!
2025-04-30 23:37:16,644 [Worker-51: Building] INFO  o.a.m.s.f.DefaultMavenResourcesFiltering - Copying 0 resource from src\test\resources to target\test-classes
2025-04-30 23:39:58,852 [Worker-20: Building] WARN  o.a.m.s.f.DefaultMavenResourcesFiltering - Using platform encoding (UTF-8 actually) to copy filtered resources, i.e. build is platform dependent!
2025-04-30 23:39:58,853 [Worker-20: Building] INFO  o.a.m.s.f.DefaultMavenResourcesFiltering - Copying 0 resource from src\main\resources to target\classes
2025-04-30 23:39:58,856 [Worker-20: Building] WARN  o.a.m.s.f.DefaultMavenResourcesFiltering - Using platform encoding (UTF-8 actually) to copy filtered resources, i.e. build is platform dependent!
2025-04-30 23:39:58,866 [Worker-20: Building] INFO  o.a.m.s.f.DefaultMavenResourcesFiltering - Copying 0 resource from src\test\resources to target\test-classes
2025-04-30 23:40:03,420 [Worker-53: Building] WARN  o.a.m.s.f.DefaultMavenResourcesFiltering - Using platform encoding (UTF-8 actually) to copy filtered resources, i.e. build is platform dependent!
2025-04-30 23:40:03,422 [Worker-53: Building] INFO  o.a.m.s.f.DefaultMavenResourcesFiltering - Copying 0 resource from src\main\resources to target\classes
2025-04-30 23:40:03,424 [Worker-53: Building] WARN  o.a.m.s.f.DefaultMavenResourcesFiltering - Using platform encoding (UTF-8 actually) to copy filtered resources, i.e. build is platform dependent!
2025-04-30 23:40:03,425 [Worker-53: Building] INFO  o.a.m.s.f.DefaultMavenResourcesFiltering - Copying 0 resource from src\test\resources to target\test-classes
2025-04-30 23:42:55,155 [Worker-52: Building] WARN  o.a.m.s.f.DefaultMavenResourcesFiltering - Using platform encoding (UTF-8 actually) to copy filtered resources, i.e. build is platform dependent!
2025-04-30 23:42:55,156 [Worker-52: Building] INFO  o.a.m.s.f.DefaultMavenResourcesFiltering - Copying 1 resource from src\main\resources to target\classes
2025-04-30 23:42:55,159 [Worker-52: Building] WARN  o.a.m.s.f.DefaultMavenResourcesFiltering - Using platform encoding (UTF-8 actually) to copy filtered resources, i.e. build is platform dependent!
2025-04-30 23:42:55,160 [Worker-52: Building] INFO  o.a.m.s.f.DefaultMavenResourcesFiltering - Copying 0 resource from src\test\resources to target\test-classes
2025-04-30 23:44:00,603 [Worker-54: Building] WARN  o.a.m.s.f.DefaultMavenResourcesFiltering - Using platform encoding (UTF-8 actually) to copy filtered resources, i.e. build is platform dependent!
2025-04-30 23:44:00,605 [Worker-54: Building] INFO  o.a.m.s.f.DefaultMavenResourcesFiltering - Copying 1 resource from src\main\resources to target\classes
2025-04-30 23:44:00,609 [Worker-54: Building] WARN  o.a.m.s.f.DefaultMavenResourcesFiltering - Using platform encoding (UTF-8 actually) to copy filtered resources, i.e. build is platform dependent!
2025-04-30 23:44:00,610 [Worker-54: Building] INFO  o.a.m.s.f.DefaultMavenResourcesFiltering - Copying 0 resource from src\test\resources to target\test-classes
2025-04-30 23:44:16,373 [Worker-54: Building] WARN  o.a.m.s.f.DefaultMavenResourcesFiltering - Using platform encoding (UTF-8 actually) to copy filtered resources, i.e. build is platform dependent!
2025-04-30 23:44:16,374 [Worker-54: Building] INFO  o.a.m.s.f.DefaultMavenResourcesFiltering - Copying 1 resource from src\main\resources to target\classes
2025-04-30 23:44:16,377 [Worker-54: Building] WARN  o.a.m.s.f.DefaultMavenResourcesFiltering - Using platform encoding (UTF-8 actually) to copy filtered resources, i.e. build is platform dependent!
2025-04-30 23:44:16,378 [Worker-54: Building] INFO  o.a.m.s.f.DefaultMavenResourcesFiltering - Copying 0 resource from src\test\resources to target\test-classes
2025-04-30 23:44:26,165 [Worker-52: Building] WARN  o.a.m.s.f.DefaultMavenResourcesFiltering - Using platform encoding (UTF-8 actually) to copy filtered resources, i.e. build is platform dependent!
2025-04-30 23:44:26,166 [Worker-52: Building] INFO  o.a.m.s.f.DefaultMavenResourcesFiltering - Copying 0 resource from src\main\resources to target\classes
2025-04-30 23:44:26,169 [Worker-52: Building] WARN  o.a.m.s.f.DefaultMavenResourcesFiltering - Using platform encoding (UTF-8 actually) to copy filtered resources, i.e. build is platform dependent!
2025-04-30 23:44:26,170 [Worker-52: Building] INFO  o.a.m.s.f.DefaultMavenResourcesFiltering - Copying 0 resource from src\test\resources to target\test-classes
2025-04-30 23:44:35,526 [Worker-20: Building] WARN  o.a.m.s.f.DefaultMavenResourcesFiltering - Using platform encoding (UTF-8 actually) to copy filtered resources, i.e. build is platform dependent!
2025-04-30 23:44:35,528 [Worker-20: Building] INFO  o.a.m.s.f.DefaultMavenResourcesFiltering - Copying 1 resource from src\main\resources to target\classes
2025-04-30 23:44:35,532 [Worker-20: Building] WARN  o.a.m.s.f.DefaultMavenResourcesFiltering - Using platform encoding (UTF-8 actually) to copy filtered resources, i.e. build is platform dependent!
2025-04-30 23:44:35,534 [Worker-20: Building] INFO  o.a.m.s.f.DefaultMavenResourcesFiltering - Copying 0 resource from src\test\resources to target\test-classes
2025-04-30 23:49:31,969 [Worker-52: Building] WARN  o.a.m.s.f.DefaultMavenResourcesFiltering - Using platform encoding (UTF-8 actually) to copy filtered resources, i.e. build is platform dependent!
2025-04-30 23:49:31,970 [Worker-52: Building] INFO  o.a.m.s.f.DefaultMavenResourcesFiltering - Copying 1 resource from src\main\resources to target\classes
2025-04-30 23:49:31,976 [Worker-52: Building] WARN  o.a.m.s.f.DefaultMavenResourcesFiltering - Using platform encoding (UTF-8 actually) to copy filtered resources, i.e. build is platform dependent!
2025-04-30 23:49:31,978 [Worker-52: Building] INFO  o.a.m.s.f.DefaultMavenResourcesFiltering - Copying 0 resource from src\test\resources to target\test-classes
2025-04-30 23:51:53,641 [Worker-52: Building] WARN  o.a.m.s.f.DefaultMavenResourcesFiltering - Using platform encoding (UTF-8 actually) to copy filtered resources, i.e. build is platform dependent!
2025-04-30 23:51:53,642 [Worker-52: Building] INFO  o.a.m.s.f.DefaultMavenResourcesFiltering - Copying 1 resource from src\main\resources to target\classes
2025-04-30 23:51:53,644 [Worker-52: Building] WARN  o.a.m.s.f.DefaultMavenResourcesFiltering - Using platform encoding (UTF-8 actually) to copy filtered resources, i.e. build is platform dependent!
2025-04-30 23:51:53,645 [Worker-52: Building] INFO  o.a.m.s.f.DefaultMavenResourcesFiltering - Copying 0 resource from src\test\resources to target\test-classes
2025-04-30 23:51:55,758 [Worker-17: Building] WARN  o.a.m.s.f.DefaultMavenResourcesFiltering - Using platform encoding (UTF-8 actually) to copy filtered resources, i.e. build is platform dependent!
2025-04-30 23:51:55,759 [Worker-17: Building] INFO  o.a.m.s.f.DefaultMavenResourcesFiltering - Copying 1 resource from src\main\resources to target\classes
2025-04-30 23:51:55,761 [Worker-17: Building] WARN  o.a.m.s.f.DefaultMavenResourcesFiltering - Using platform encoding (UTF-8 actually) to copy filtered resources, i.e. build is platform dependent!
2025-04-30 23:51:55,762 [Worker-17: Building] INFO  o.a.m.s.f.DefaultMavenResourcesFiltering - Copying 0 resource from src\test\resources to target\test-classes
2025-05-01 00:15:08,500 [Worker-57: Building] WARN  o.a.m.s.f.DefaultMavenResourcesFiltering - Using platform encoding (UTF-8 actually) to copy filtered resources, i.e. build is platform dependent!
2025-05-01 00:15:08,503 [Worker-57: Building] INFO  o.a.m.s.f.DefaultMavenResourcesFiltering - Copying 1 resource from src\main\resources to target\classes
2025-05-01 00:15:08,507 [Worker-57: Building] WARN  o.a.m.s.f.DefaultMavenResourcesFiltering - Using platform encoding (UTF-8 actually) to copy filtered resources, i.e. build is platform dependent!
2025-05-01 00:15:08,508 [Worker-57: Building] INFO  o.a.m.s.f.DefaultMavenResourcesFiltering - Copying 0 resource from src\test\resources to target\test-classes
2025-05-01 00:15:34,950 [Worker-55: Building] WARN  o.a.m.s.f.DefaultMavenResourcesFiltering - Using platform encoding (UTF-8 actually) to copy filtered resources, i.e. build is platform dependent!
2025-05-01 00:15:34,952 [Worker-55: Building] INFO  o.a.m.s.f.DefaultMavenResourcesFiltering - Copying 1 resource from src\main\resources to target\classes
2025-05-01 00:15:34,955 [Worker-55: Building] WARN  o.a.m.s.f.DefaultMavenResourcesFiltering - Using platform encoding (UTF-8 actually) to copy filtered resources, i.e. build is platform dependent!
2025-05-01 00:15:34,957 [Worker-55: Building] INFO  o.a.m.s.f.DefaultMavenResourcesFiltering - Copying 0 resource from src\test\resources to target\test-classes
2025-05-01 00:16:06,082 [Worker-57: Building] WARN  o.a.m.s.f.DefaultMavenResourcesFiltering - Using platform encoding (UTF-8 actually) to copy filtered resources, i.e. build is platform dependent!
2025-05-01 00:16:06,084 [Worker-57: Building] INFO  o.a.m.s.f.DefaultMavenResourcesFiltering - Copying 1 resource from src\main\resources to target\classes
2025-05-01 00:16:06,088 [Worker-57: Building] WARN  o.a.m.s.f.DefaultMavenResourcesFiltering - Using platform encoding (UTF-8 actually) to copy filtered resources, i.e. build is platform dependent!
2025-05-01 00:16:06,090 [Worker-57: Building] INFO  o.a.m.s.f.DefaultMavenResourcesFiltering - Copying 0 resource from src\test\resources to target\test-classes
2025-05-01 00:16:44,099 [Worker-17: Building] WARN  o.a.m.s.f.DefaultMavenResourcesFiltering - Using platform encoding (UTF-8 actually) to copy filtered resources, i.e. build is platform dependent!
2025-05-01 00:16:44,101 [Worker-17: Building] INFO  o.a.m.s.f.DefaultMavenResourcesFiltering - Copying 1 resource from src\main\resources to target\classes
2025-05-01 00:16:44,104 [Worker-17: Building] WARN  o.a.m.s.f.DefaultMavenResourcesFiltering - Using platform encoding (UTF-8 actually) to copy filtered resources, i.e. build is platform dependent!
2025-05-01 00:16:44,105 [Worker-17: Building] INFO  o.a.m.s.f.DefaultMavenResourcesFiltering - Copying 0 resource from src\test\resources to target\test-classes
2025-05-01 00:16:49,561 [Worker-59: Building] WARN  o.a.m.s.f.DefaultMavenResourcesFiltering - Using platform encoding (UTF-8 actually) to copy filtered resources, i.e. build is platform dependent!
2025-05-01 00:16:49,562 [Worker-59: Building] INFO  o.a.m.s.f.DefaultMavenResourcesFiltering - Copying 1 resource from src\main\resources to target\classes
2025-05-01 00:16:49,565 [Worker-59: Building] WARN  o.a.m.s.f.DefaultMavenResourcesFiltering - Using platform encoding (UTF-8 actually) to copy filtered resources, i.e. build is platform dependent!
2025-05-01 00:16:49,566 [Worker-59: Building] INFO  o.a.m.s.f.DefaultMavenResourcesFiltering - Copying 0 resource from src\test\resources to target\test-classes
2025-05-01 00:17:53,920 [Worker-57: Building] WARN  o.a.m.s.f.DefaultMavenResourcesFiltering - Using platform encoding (UTF-8 actually) to copy filtered resources, i.e. build is platform dependent!
2025-05-01 00:17:53,922 [Worker-57: Building] INFO  o.a.m.s.f.DefaultMavenResourcesFiltering - Copying 1 resource from src\main\resources to target\classes
2025-05-01 00:17:53,924 [Worker-57: Building] WARN  o.a.m.s.f.DefaultMavenResourcesFiltering - Using platform encoding (UTF-8 actually) to copy filtered resources, i.e. build is platform dependent!
2025-05-01 00:17:53,925 [Worker-57: Building] INFO  o.a.m.s.f.DefaultMavenResourcesFiltering - Copying 0 resource from src\test\resources to target\test-classes
2025-05-01 00:18:25,437 [Worker-58: Building] WARN  o.a.m.s.f.DefaultMavenResourcesFiltering - Using platform encoding (UTF-8 actually) to copy filtered resources, i.e. build is platform dependent!
2025-05-01 00:18:25,440 [Worker-58: Building] INFO  o.a.m.s.f.DefaultMavenResourcesFiltering - Copying 0 resource from src\main\resources to target\classes
2025-05-01 00:18:25,442 [Worker-58: Building] WARN  o.a.m.s.f.DefaultMavenResourcesFiltering - Using platform encoding (UTF-8 actually) to copy filtered resources, i.e. build is platform dependent!
2025-05-01 00:18:25,444 [Worker-58: Building] INFO  o.a.m.s.f.DefaultMavenResourcesFiltering - Copying 0 resource from src\test\resources to target\test-classes
2025-05-01 00:19:48,774 [Worker-61: Building] WARN  o.a.m.s.f.DefaultMavenResourcesFiltering - Using platform encoding (UTF-8 actually) to copy filtered resources, i.e. build is platform dependent!
2025-05-01 00:19:48,776 [Worker-61: Building] INFO  o.a.m.s.f.DefaultMavenResourcesFiltering - Copying 0 resource from src\main\resources to target\classes
2025-05-01 00:19:48,779 [Worker-61: Building] WARN  o.a.m.s.f.DefaultMavenResourcesFiltering - Using platform encoding (UTF-8 actually) to copy filtered resources, i.e. build is platform dependent!
2025-05-01 00:19:48,780 [Worker-61: Building] INFO  o.a.m.s.f.DefaultMavenResourcesFiltering - Copying 0 resource from src\test\resources to target\test-classes
2025-05-01 00:19:56,056 [Worker-55: Building] WARN  o.a.m.s.f.DefaultMavenResourcesFiltering - Using platform encoding (UTF-8 actually) to copy filtered resources, i.e. build is platform dependent!
2025-05-01 00:19:56,058 [Worker-55: Building] INFO  o.a.m.s.f.DefaultMavenResourcesFiltering - Copying 0 resource from src\main\resources to target\classes
2025-05-01 00:19:56,061 [Worker-55: Building] WARN  o.a.m.s.f.DefaultMavenResourcesFiltering - Using platform encoding (UTF-8 actually) to copy filtered resources, i.e. build is platform dependent!
2025-05-01 00:19:56,063 [Worker-55: Building] INFO  o.a.m.s.f.DefaultMavenResourcesFiltering - Copying 0 resource from src\test\resources to target\test-classes
2025-05-01 00:20:13,685 [Worker-55: Building] WARN  o.a.m.s.f.DefaultMavenResourcesFiltering - Using platform encoding (UTF-8 actually) to copy filtered resources, i.e. build is platform dependent!
2025-05-01 00:20:13,686 [Worker-55: Building] INFO  o.a.m.s.f.DefaultMavenResourcesFiltering - Copying 0 resource from src\main\resources to target\classes
2025-05-01 00:20:13,688 [Worker-55: Building] WARN  o.a.m.s.f.DefaultMavenResourcesFiltering - Using platform encoding (UTF-8 actually) to copy filtered resources, i.e. build is platform dependent!
2025-05-01 00:20:13,689 [Worker-55: Building] INFO  o.a.m.s.f.DefaultMavenResourcesFiltering - Copying 0 resource from src\test\resources to target\test-classes
2025-05-01 00:23:05,606 [Worker-17: Building] WARN  o.a.m.s.f.DefaultMavenResourcesFiltering - Using platform encoding (UTF-8 actually) to copy filtered resources, i.e. build is platform dependent!
2025-05-01 00:23:05,617 [Worker-17: Building] INFO  o.a.m.s.f.DefaultMavenResourcesFiltering - Copying 1 resource from src\main\resources to target\classes
2025-05-01 00:23:05,620 [Worker-17: Building] WARN  o.a.m.s.f.DefaultMavenResourcesFiltering - Using platform encoding (UTF-8 actually) to copy filtered resources, i.e. build is platform dependent!
2025-05-01 00:23:05,621 [Worker-17: Building] INFO  o.a.m.s.f.DefaultMavenResourcesFiltering - Copying 0 resource from src\test\resources to target\test-classes
2025-05-01 00:34:14,179 [Worker-56: Building] WARN  o.a.m.s.f.DefaultMavenResourcesFiltering - Using platform encoding (UTF-8 actually) to copy filtered resources, i.e. build is platform dependent!
2025-05-01 00:34:14,182 [Worker-56: Building] INFO  o.a.m.s.f.DefaultMavenResourcesFiltering - Copying 1 resource from src\main\resources to target\classes
2025-05-01 00:34:14,185 [Worker-56: Building] WARN  o.a.m.s.f.DefaultMavenResourcesFiltering - Using platform encoding (UTF-8 actually) to copy filtered resources, i.e. build is platform dependent!
2025-05-01 00:34:14,186 [Worker-56: Building] INFO  o.a.m.s.f.DefaultMavenResourcesFiltering - Copying 0 resource from src\test\resources to target\test-classes
2025-05-01 00:39:47,862 [Worker-60: Building] WARN  o.a.m.s.f.DefaultMavenResourcesFiltering - Using platform encoding (UTF-8 actually) to copy filtered resources, i.e. build is platform dependent!
2025-05-01 00:39:47,866 [Worker-60: Building] INFO  o.a.m.s.f.DefaultMavenResourcesFiltering - Copying 1 resource from src\main\resources to target\classes
2025-05-01 00:39:47,871 [Worker-60: Building] WARN  o.a.m.s.f.DefaultMavenResourcesFiltering - Using platform encoding (UTF-8 actually) to copy filtered resources, i.e. build is platform dependent!
2025-05-01 00:39:47,873 [Worker-60: Building] INFO  o.a.m.s.f.DefaultMavenResourcesFiltering - Copying 0 resource from src\test\resources to target\test-classes
2025-05-01 00:49:52,194 [Worker-56: Building] WARN  o.a.m.s.f.DefaultMavenResourcesFiltering - Using platform encoding (UTF-8 actually) to copy filtered resources, i.e. build is platform dependent!
2025-05-01 00:49:52,198 [Worker-56: Building] INFO  o.a.m.s.f.DefaultMavenResourcesFiltering - Copying 1 resource from src\main\resources to target\classes
2025-05-01 00:49:52,202 [Worker-56: Building] WARN  o.a.m.s.f.DefaultMavenResourcesFiltering - Using platform encoding (UTF-8 actually) to copy filtered resources, i.e. build is platform dependent!
2025-05-01 00:49:52,203 [Worker-56: Building] INFO  o.a.m.s.f.DefaultMavenResourcesFiltering - Copying 0 resource from src\test\resources to target\test-classes
2025-05-01 00:52:09,759 [Worker-60: Building] WARN  o.a.m.s.f.DefaultMavenResourcesFiltering - Using platform encoding (UTF-8 actually) to copy filtered resources, i.e. build is platform dependent!
2025-05-01 00:52:09,762 [Worker-60: Building] INFO  o.a.m.s.f.DefaultMavenResourcesFiltering - Copying 1 resource from src\main\resources to target\classes
2025-05-01 00:52:09,765 [Worker-60: Building] WARN  o.a.m.s.f.DefaultMavenResourcesFiltering - Using platform encoding (UTF-8 actually) to copy filtered resources, i.e. build is platform dependent!
2025-05-01 00:52:09,766 [Worker-60: Building] INFO  o.a.m.s.f.DefaultMavenResourcesFiltering - Copying 0 resource from src\test\resources to target\test-classes
2025-05-01 00:55:01,846 [Worker-57: Building] WARN  o.a.m.s.f.DefaultMavenResourcesFiltering - Using platform encoding (UTF-8 actually) to copy filtered resources, i.e. build is platform dependent!
2025-05-01 00:55:01,848 [Worker-57: Building] INFO  o.a.m.s.f.DefaultMavenResourcesFiltering - Copying 1 resource from src\main\resources to target\classes
2025-05-01 00:55:01,850 [Worker-57: Building] WARN  o.a.m.s.f.DefaultMavenResourcesFiltering - Using platform encoding (UTF-8 actually) to copy filtered resources, i.e. build is platform dependent!
2025-05-01 00:55:01,852 [Worker-57: Building] INFO  o.a.m.s.f.DefaultMavenResourcesFiltering - Copying 0 resource from src\test\resources to target\test-classes
2025-05-01 00:57:35,958 [Worker-63: Building] WARN  o.a.m.s.f.DefaultMavenResourcesFiltering - Using platform encoding (UTF-8 actually) to copy filtered resources, i.e. build is platform dependent!
2025-05-01 00:57:35,962 [Worker-63: Building] INFO  o.a.m.s.f.DefaultMavenResourcesFiltering - Copying 1 resource from src\main\resources to target\classes
2025-05-01 00:57:35,965 [Worker-63: Building] WARN  o.a.m.s.f.DefaultMavenResourcesFiltering - Using platform encoding (UTF-8 actually) to copy filtered resources, i.e. build is platform dependent!
2025-05-01 00:57:35,966 [Worker-63: Building] INFO  o.a.m.s.f.DefaultMavenResourcesFiltering - Copying 0 resource from src\test\resources to target\test-classes
2025-05-01 00:57:57,404 [Worker-55: Building] WARN  o.a.m.s.f.DefaultMavenResourcesFiltering - Using platform encoding (UTF-8 actually) to copy filtered resources, i.e. build is platform dependent!
2025-05-01 00:57:57,405 [Worker-55: Building] INFO  o.a.m.s.f.DefaultMavenResourcesFiltering - Copying 1 resource from src\main\resources to target\classes
2025-05-01 00:57:57,408 [Worker-55: Building] WARN  o.a.m.s.f.DefaultMavenResourcesFiltering - Using platform encoding (UTF-8 actually) to copy filtered resources, i.e. build is platform dependent!
2025-05-01 00:57:57,410 [Worker-55: Building] INFO  o.a.m.s.f.DefaultMavenResourcesFiltering - Copying 0 resource from src\test\resources to target\test-classes
2025-05-01 01:39:04,895 [Worker-61: Building] WARN  o.a.m.s.f.DefaultMavenResourcesFiltering - Using platform encoding (UTF-8 actually) to copy filtered resources, i.e. build is platform dependent!
2025-05-01 01:39:04,899 [Worker-61: Building] INFO  o.a.m.s.f.DefaultMavenResourcesFiltering - Copying 1 resource from src\main\resources to target\classes
2025-05-01 01:39:04,902 [Worker-61: Building] WARN  o.a.m.s.f.DefaultMavenResourcesFiltering - Using platform encoding (UTF-8 actually) to copy filtered resources, i.e. build is platform dependent!
2025-05-01 01:39:04,903 [Worker-61: Building] INFO  o.a.m.s.f.DefaultMavenResourcesFiltering - Copying 0 resource from src\test\resources to target\test-classes
2025-05-01 01:39:25,056 [Worker-64: Building] WARN  o.a.m.s.f.DefaultMavenResourcesFiltering - Using platform encoding (UTF-8 actually) to copy filtered resources, i.e. build is platform dependent!
2025-05-01 01:39:25,058 [Worker-64: Building] INFO  o.a.m.s.f.DefaultMavenResourcesFiltering - Copying 1 resource from src\main\resources to target\classes
2025-05-01 01:39:25,060 [Worker-64: Building] WARN  o.a.m.s.f.DefaultMavenResourcesFiltering - Using platform encoding (UTF-8 actually) to copy filtered resources, i.e. build is platform dependent!
2025-05-01 01:39:25,061 [Worker-64: Building] INFO  o.a.m.s.f.DefaultMavenResourcesFiltering - Copying 0 resource from src\test\resources to target\test-classes
2025-05-01 01:39:29,292 [Worker-60: Building] WARN  o.a.m.s.f.DefaultMavenResourcesFiltering - Using platform encoding (UTF-8 actually) to copy filtered resources, i.e. build is platform dependent!
2025-05-01 01:39:29,295 [Worker-60: Building] INFO  o.a.m.s.f.DefaultMavenResourcesFiltering - Copying 1 resource from src\main\resources to target\classes
2025-05-01 01:39:29,299 [Worker-60: Building] WARN  o.a.m.s.f.DefaultMavenResourcesFiltering - Using platform encoding (UTF-8 actually) to copy filtered resources, i.e. build is platform dependent!
2025-05-01 01:39:29,301 [Worker-60: Building] INFO  o.a.m.s.f.DefaultMavenResourcesFiltering - Copying 0 resource from src\test\resources to target\test-classes
2025-05-01 01:39:33,382 [Worker-61: Building] WARN  o.a.m.s.f.DefaultMavenResourcesFiltering - Using platform encoding (UTF-8 actually) to copy filtered resources, i.e. build is platform dependent!
2025-05-01 01:39:33,383 [Worker-61: Building] INFO  o.a.m.s.f.DefaultMavenResourcesFiltering - Copying 1 resource from src\main\resources to target\classes
2025-05-01 01:39:33,385 [Worker-61: Building] WARN  o.a.m.s.f.DefaultMavenResourcesFiltering - Using platform encoding (UTF-8 actually) to copy filtered resources, i.e. build is platform dependent!
2025-05-01 01:39:33,386 [Worker-61: Building] INFO  o.a.m.s.f.DefaultMavenResourcesFiltering - Copying 0 resource from src\test\resources to target\test-classes
2025-05-01 01:39:50,642 [Worker-55: Building] WARN  o.a.m.s.f.DefaultMavenResourcesFiltering - Using platform encoding (UTF-8 actually) to copy filtered resources, i.e. build is platform dependent!
2025-05-01 01:39:50,643 [Worker-55: Building] INFO  o.a.m.s.f.DefaultMavenResourcesFiltering - Copying 0 resource from src\main\resources to target\classes
2025-05-01 01:39:50,646 [Worker-55: Building] WARN  o.a.m.s.f.DefaultMavenResourcesFiltering - Using platform encoding (UTF-8 actually) to copy filtered resources, i.e. build is platform dependent!
2025-05-01 01:39:50,646 [Worker-55: Building] INFO  o.a.m.s.f.DefaultMavenResourcesFiltering - Copying 0 resource from src\test\resources to target\test-classes
2025-05-01 01:47:06,703 [Worker-55: Building] WARN  o.a.m.s.f.DefaultMavenResourcesFiltering - Using platform encoding (UTF-8 actually) to copy filtered resources, i.e. build is platform dependent!
2025-05-01 01:47:06,706 [Worker-55: Building] INFO  o.a.m.s.f.DefaultMavenResourcesFiltering - Copying 1 resource from src\main\resources to target\classes
2025-05-01 01:47:06,708 [Worker-55: Building] WARN  o.a.m.s.f.DefaultMavenResourcesFiltering - Using platform encoding (UTF-8 actually) to copy filtered resources, i.e. build is platform dependent!
2025-05-01 01:47:06,708 [Worker-55: Building] INFO  o.a.m.s.f.DefaultMavenResourcesFiltering - Copying 0 resource from src\test\resources to target\test-classes
2025-05-01 01:47:10,531 [Worker-66: Building] WARN  o.a.m.s.f.DefaultMavenResourcesFiltering - Using platform encoding (UTF-8 actually) to copy filtered resources, i.e. build is platform dependent!
2025-05-01 01:47:10,532 [Worker-66: Building] INFO  o.a.m.s.f.DefaultMavenResourcesFiltering - Copying 1 resource from src\main\resources to target\classes
2025-05-01 01:47:10,536 [Worker-66: Building] WARN  o.a.m.s.f.DefaultMavenResourcesFiltering - Using platform encoding (UTF-8 actually) to copy filtered resources, i.e. build is platform dependent!
2025-05-01 01:47:10,537 [Worker-66: Building] INFO  o.a.m.s.f.DefaultMavenResourcesFiltering - Copying 0 resource from src\test\resources to target\test-classes
2025-05-01 01:47:28,935 [Worker-61: Building] WARN  o.a.m.s.f.DefaultMavenResourcesFiltering - Using platform encoding (UTF-8 actually) to copy filtered resources, i.e. build is platform dependent!
2025-05-01 01:47:28,937 [Worker-61: Building] INFO  o.a.m.s.f.DefaultMavenResourcesFiltering - Copying 0 resource from src\main\resources to target\classes
2025-05-01 01:47:28,953 [Worker-61: Building] WARN  o.a.m.s.f.DefaultMavenResourcesFiltering - Using platform encoding (UTF-8 actually) to copy filtered resources, i.e. build is platform dependent!
2025-05-01 01:47:28,954 [Worker-61: Building] INFO  o.a.m.s.f.DefaultMavenResourcesFiltering - Copying 0 resource from src\test\resources to target\test-classes
2025-05-01 01:48:55,975 [Worker-60: Building] WARN  o.a.m.s.f.DefaultMavenResourcesFiltering - Using platform encoding (UTF-8 actually) to copy filtered resources, i.e. build is platform dependent!
2025-05-01 01:48:55,979 [Worker-60: Building] INFO  o.a.m.s.f.DefaultMavenResourcesFiltering - Copying 1 resource from src\main\resources to target\classes
2025-05-01 01:48:55,983 [Worker-60: Building] WARN  o.a.m.s.f.DefaultMavenResourcesFiltering - Using platform encoding (UTF-8 actually) to copy filtered resources, i.e. build is platform dependent!
2025-05-01 01:48:55,985 [Worker-60: Building] INFO  o.a.m.s.f.DefaultMavenResourcesFiltering - Copying 0 resource from src\test\resources to target\test-classes
2025-05-01 01:49:24,353 [Worker-67: Building] WARN  o.a.m.s.f.DefaultMavenResourcesFiltering - Using platform encoding (UTF-8 actually) to copy filtered resources, i.e. build is platform dependent!
2025-05-01 01:49:24,356 [Worker-67: Building] INFO  o.a.m.s.f.DefaultMavenResourcesFiltering - Copying 1 resource from src\main\resources to target\classes
2025-05-01 01:49:24,360 [Worker-67: Building] WARN  o.a.m.s.f.DefaultMavenResourcesFiltering - Using platform encoding (UTF-8 actually) to copy filtered resources, i.e. build is platform dependent!
2025-05-01 01:49:24,361 [Worker-67: Building] INFO  o.a.m.s.f.DefaultMavenResourcesFiltering - Copying 0 resource from src\test\resources to target\test-classes
2025-05-01 01:49:28,069 [Worker-65: Building] WARN  o.a.m.s.f.DefaultMavenResourcesFiltering - Using platform encoding (UTF-8 actually) to copy filtered resources, i.e. build is platform dependent!
2025-05-01 01:49:28,071 [Worker-65: Building] INFO  o.a.m.s.f.DefaultMavenResourcesFiltering - Copying 1 resource from src\main\resources to target\classes
2025-05-01 01:49:28,073 [Worker-65: Building] WARN  o.a.m.s.f.DefaultMavenResourcesFiltering - Using platform encoding (UTF-8 actually) to copy filtered resources, i.e. build is platform dependent!
2025-05-01 01:49:28,074 [Worker-65: Building] INFO  o.a.m.s.f.DefaultMavenResourcesFiltering - Copying 0 resource from src\test\resources to target\test-classes
2025-05-01 01:49:41,731 [Worker-67: Building] WARN  o.a.m.s.f.DefaultMavenResourcesFiltering - Using platform encoding (UTF-8 actually) to copy filtered resources, i.e. build is platform dependent!
2025-05-01 01:49:41,732 [Worker-67: Building] INFO  o.a.m.s.f.DefaultMavenResourcesFiltering - Copying 1 resource from src\main\resources to target\classes
2025-05-01 01:49:41,735 [Worker-67: Building] WARN  o.a.m.s.f.DefaultMavenResourcesFiltering - Using platform encoding (UTF-8 actually) to copy filtered resources, i.e. build is platform dependent!
2025-05-01 01:49:41,737 [Worker-67: Building] INFO  o.a.m.s.f.DefaultMavenResourcesFiltering - Copying 0 resource from src\test\resources to target\test-classes
2025-05-01 01:52:25,091 [Worker-65: Building] WARN  o.a.m.s.f.DefaultMavenResourcesFiltering - Using platform encoding (UTF-8 actually) to copy filtered resources, i.e. build is platform dependent!
2025-05-01 01:52:25,094 [Worker-65: Building] INFO  o.a.m.s.f.DefaultMavenResourcesFiltering - Copying 1 resource from src\main\resources to target\classes
2025-05-01 01:52:25,097 [Worker-65: Building] WARN  o.a.m.s.f.DefaultMavenResourcesFiltering - Using platform encoding (UTF-8 actually) to copy filtered resources, i.e. build is platform dependent!
2025-05-01 01:52:25,098 [Worker-65: Building] INFO  o.a.m.s.f.DefaultMavenResourcesFiltering - Copying 0 resource from src\test\resources to target\test-classes
2025-05-01 01:53:30,770 [Worker-60: Building] WARN  o.a.m.s.f.DefaultMavenResourcesFiltering - Using platform encoding (UTF-8 actually) to copy filtered resources, i.e. build is platform dependent!
2025-05-01 01:53:30,771 [Worker-60: Building] INFO  o.a.m.s.f.DefaultMavenResourcesFiltering - Copying 1 resource from src\main\resources to target\classes
2025-05-01 01:53:30,778 [Worker-60: Building] WARN  o.a.m.s.f.DefaultMavenResourcesFiltering - Using platform encoding (UTF-8 actually) to copy filtered resources, i.e. build is platform dependent!
2025-05-01 01:53:30,779 [Worker-60: Building] INFO  o.a.m.s.f.DefaultMavenResourcesFiltering - Copying 0 resource from src\test\resources to target\test-classes
2025-05-01 14:07:07,924 [Worker-6: Loading available Gradle versions] INFO  o.e.b.c.i.u.g.PublishedGradleVersions - Gradle version information cache is up-to-date. Trying to read.
2025-05-01 14:08:38,584 [Worker-33: Building] INFO  o.e.m.c.i.e.AbstractTransferListenerAdapter - Downloading https://repo.maven.apache.org/maven2/org/seleniumhq/selenium/selenium-api/maven-metadata.xml
2025-05-01 14:08:38,693 [Worker-33: Building] INFO  o.e.m.c.i.e.AbstractTransferListenerAdapter - Downloaded https://repo.maven.apache.org/maven2/org/seleniumhq/selenium/selenium-api/maven-metadata.xml
2025-05-01 14:08:38,967 [Worker-33: Building] INFO  o.e.m.c.i.e.AbstractTransferListenerAdapter - Downloading https://repo.maven.apache.org/maven2/org/seleniumhq/selenium/selenium-remote-driver/maven-metadata.xml
2025-05-01 14:08:39,000 [Worker-33: Building] INFO  o.e.m.c.i.e.AbstractTransferListenerAdapter - Downloaded https://repo.maven.apache.org/maven2/org/seleniumhq/selenium/selenium-remote-driver/maven-metadata.xml
2025-05-01 14:08:42,506 [Worker-33: Building] INFO  o.e.m.c.i.e.AbstractTransferListenerAdapter - Downloading https://repo.maven.apache.org/maven2/org/seleniumhq/selenium/selenium-support/maven-metadata.xml
2025-05-01 14:08:42,567 [Worker-33: Building] INFO  o.e.m.c.i.e.AbstractTransferListenerAdapter - Downloaded https://repo.maven.apache.org/maven2/org/seleniumhq/selenium/selenium-support/maven-metadata.xml
2025-05-01 14:08:45,746 [Worker-33: Building] WARN  o.a.m.s.f.DefaultMavenResourcesFiltering - Using platform encoding (UTF-8 actually) to copy filtered resources, i.e. build is platform dependent!
2025-05-01 14:08:45,755 [Worker-33: Building] INFO  o.a.m.s.f.DefaultMavenResourcesFiltering - Copying 1 resource from src\main\resources to target\classes
2025-05-01 14:08:45,766 [Worker-33: Building] WARN  o.a.m.s.f.DefaultMavenResourcesFiltering - Using platform encoding (UTF-8 actually) to copy filtered resources, i.e. build is platform dependent!
2025-05-01 14:08:45,767 [Worker-33: Building] INFO  o.a.m.s.f.DefaultMavenResourcesFiltering - Copying 0 resource from src\test\resources to target\test-classes
2025-05-01 14:08:48,501 [Worker-22: Building] WARN  o.a.m.s.f.DefaultMavenResourcesFiltering - Using platform encoding (UTF-8 actually) to copy filtered resources, i.e. build is platform dependent!
2025-05-01 14:08:48,503 [Worker-22: Building] INFO  o.a.m.s.f.DefaultMavenResourcesFiltering - Copying 1 resource from src\main\resources to target\classes
2025-05-01 14:08:48,507 [Worker-22: Building] WARN  o.a.m.s.f.DefaultMavenResourcesFiltering - Using platform encoding (UTF-8 actually) to copy filtered resources, i.e. build is platform dependent!
2025-05-01 14:08:48,510 [Worker-22: Building] INFO  o.a.m.s.f.DefaultMavenResourcesFiltering - Copying 0 resource from src\test\resources to target\test-classes
2025-05-01 14:22:21,199 [Worker-11: Building] WARN  o.a.m.s.f.DefaultMavenResourcesFiltering - Using platform encoding (UTF-8 actually) to copy filtered resources, i.e. build is platform dependent!
2025-05-01 14:22:21,206 [Worker-11: Building] INFO  o.a.m.s.f.DefaultMavenResourcesFiltering - Copying 1 resource from src\main\resources to target\classes
2025-05-01 14:22:21,210 [Worker-11: Building] WARN  o.a.m.s.f.DefaultMavenResourcesFiltering - Using platform encoding (UTF-8 actually) to copy filtered resources, i.e. build is platform dependent!
2025-05-01 14:22:21,212 [Worker-11: Building] INFO  o.a.m.s.f.DefaultMavenResourcesFiltering - Copying 0 resource from src\test\resources to target\test-classes
2025-05-01 14:24:24,016 [Worker-15: Building] WARN  o.a.m.s.f.DefaultMavenResourcesFiltering - Using platform encoding (UTF-8 actually) to copy filtered resources, i.e. build is platform dependent!
2025-05-01 14:24:24,019 [Worker-15: Building] INFO  o.a.m.s.f.DefaultMavenResourcesFiltering - Copying 1 resource from src\main\resources to target\classes
2025-05-01 14:24:24,022 [Worker-15: Building] WARN  o.a.m.s.f.DefaultMavenResourcesFiltering - Using platform encoding (UTF-8 actually) to copy filtered resources, i.e. build is platform dependent!
2025-05-01 14:24:24,024 [Worker-15: Building] INFO  o.a.m.s.f.DefaultMavenResourcesFiltering - Copying 0 resource from src\test\resources to target\test-classes
2025-05-01 14:40:10,247 [Worker-32: Building] WARN  o.a.m.s.f.DefaultMavenResourcesFiltering - Using platform encoding (UTF-8 actually) to copy filtered resources, i.e. build is platform dependent!
2025-05-01 14:40:10,250 [Worker-32: Building] INFO  o.a.m.s.f.DefaultMavenResourcesFiltering - Copying 1 resource from src\main\resources to target\classes
2025-05-01 14:40:10,254 [Worker-32: Building] WARN  o.a.m.s.f.DefaultMavenResourcesFiltering - Using platform encoding (UTF-8 actually) to copy filtered resources, i.e. build is platform dependent!
2025-05-01 14:40:10,255 [Worker-32: Building] INFO  o.a.m.s.f.DefaultMavenResourcesFiltering - Copying 0 resource from src\test\resources to target\test-classes
2025-05-01 14:40:53,377 [Worker-40: Building] WARN  o.a.m.s.f.DefaultMavenResourcesFiltering - Using platform encoding (UTF-8 actually) to copy filtered resources, i.e. build is platform dependent!
2025-05-01 14:40:53,378 [Worker-40: Building] INFO  o.a.m.s.f.DefaultMavenResourcesFiltering - Copying 1 resource from src\main\resources to target\classes
2025-05-01 14:40:53,382 [Worker-40: Building] WARN  o.a.m.s.f.DefaultMavenResourcesFiltering - Using platform encoding (UTF-8 actually) to copy filtered resources, i.e. build is platform dependent!
2025-05-01 14:40:53,382 [Worker-40: Building] INFO  o.a.m.s.f.DefaultMavenResourcesFiltering - Copying 0 resource from src\test\resources to target\test-classes
2025-05-01 14:41:33,743 [Worker-40: Building] WARN  o.a.m.s.f.DefaultMavenResourcesFiltering - Using platform encoding (UTF-8 actually) to copy filtered resources, i.e. build is platform dependent!
2025-05-01 14:41:33,744 [Worker-40: Building] INFO  o.a.m.s.f.DefaultMavenResourcesFiltering - Copying 1 resource from src\main\resources to target\classes
2025-05-01 14:41:33,748 [Worker-40: Building] WARN  o.a.m.s.f.DefaultMavenResourcesFiltering - Using platform encoding (UTF-8 actually) to copy filtered resources, i.e. build is platform dependent!
2025-05-01 14:41:33,749 [Worker-40: Building] INFO  o.a.m.s.f.DefaultMavenResourcesFiltering - Copying 0 resource from src\test\resources to target\test-classes
2025-05-01 14:42:08,316 [Worker-13: Building] WARN  o.a.m.s.f.DefaultMavenResourcesFiltering - Using platform encoding (UTF-8 actually) to copy filtered resources, i.e. build is platform dependent!
2025-05-01 14:42:08,318 [Worker-13: Building] INFO  o.a.m.s.f.DefaultMavenResourcesFiltering - Copying 1 resource from src\main\resources to target\classes
2025-05-01 14:42:08,322 [Worker-13: Building] WARN  o.a.m.s.f.DefaultMavenResourcesFiltering - Using platform encoding (UTF-8 actually) to copy filtered resources, i.e. build is platform dependent!
2025-05-01 14:42:08,323 [Worker-13: Building] INFO  o.a.m.s.f.DefaultMavenResourcesFiltering - Copying 0 resource from src\test\resources to target\test-classes
2025-05-01 14:43:39,645 [Worker-40: Building] WARN  o.a.m.s.f.DefaultMavenResourcesFiltering - Using platform encoding (UTF-8 actually) to copy filtered resources, i.e. build is platform dependent!
2025-05-01 14:43:39,648 [Worker-40: Building] INFO  o.a.m.s.f.DefaultMavenResourcesFiltering - Copying 0 resource from src\main\resources to target\classes
2025-05-01 14:43:39,652 [Worker-40: Building] WARN  o.a.m.s.f.DefaultMavenResourcesFiltering - Using platform encoding (UTF-8 actually) to copy filtered resources, i.e. build is platform dependent!
2025-05-01 14:43:39,654 [Worker-40: Building] INFO  o.a.m.s.f.DefaultMavenResourcesFiltering - Copying 0 resource from src\test\resources to target\test-classes
2025-05-01 14:44:02,860 [Worker-32: Building] WARN  o.a.m.s.f.DefaultMavenResourcesFiltering - Using platform encoding (UTF-8 actually) to copy filtered resources, i.e. build is platform dependent!
2025-05-01 14:44:02,861 [Worker-32: Building] INFO  o.a.m.s.f.DefaultMavenResourcesFiltering - Copying 0 resource from src\main\resources to target\classes
2025-05-01 14:44:02,865 [Worker-32: Building] WARN  o.a.m.s.f.DefaultMavenResourcesFiltering - Using platform encoding (UTF-8 actually) to copy filtered resources, i.e. build is platform dependent!
2025-05-01 14:44:02,866 [Worker-32: Building] INFO  o.a.m.s.f.DefaultMavenResourcesFiltering - Copying 0 resource from src\test\resources to target\test-classes
2025-05-01 14:57:38,846 [Worker-4: Launching Executing test in D__Software Testing Projects_Linkedin Automation Framework By Using Appium_Linkedin_Automation_Framework] INFO  o.eclipse.m2e.core.internal.Bundles - getClasspathEntries(Bundle=org.eclipse.m2e.maven.runtime_3.9.900.20240824-1409 [298])
2025-05-01 14:57:38,856 [Worker-4: Launching Executing test in D__Software Testing Projects_Linkedin Automation Framework By Using Appium_Linkedin_Automation_Framework] INFO  o.eclipse.m2e.core.internal.Bundles - 	Entry: C:\Users\hp5cd\.p2\pool\plugins\org.eclipse.m2e.maven.runtime_3.9.900.20240824-1409
2025-05-01 14:57:38,856 [Worker-4: Launching Executing test in D__Software Testing Projects_Linkedin Automation Framework By Using Appium_Linkedin_Automation_Framework] INFO  o.eclipse.m2e.core.internal.Bundles - 	Entry: C:\Users\hp5cd\.p2\pool\plugins\org.eclipse.m2e.maven.runtime_3.9.900.20240824-1409\jars\aopalliance-1.0.jar
2025-05-01 14:57:38,856 [Worker-4: Launching Executing test in D__Software Testing Projects_Linkedin Automation Framework By Using Appium_Linkedin_Automation_Framework] INFO  o.eclipse.m2e.core.internal.Bundles - 	Entry: C:\Users\hp5cd\.p2\pool\plugins\org.eclipse.m2e.maven.runtime_3.9.900.20240824-1409\jars\guice-5.1.0.jar
2025-05-01 14:57:38,856 [Worker-4: Launching Executing test in D__Software Testing Projects_Linkedin Automation Framework By Using Appium_Linkedin_Automation_Framework] INFO  o.eclipse.m2e.core.internal.Bundles - 	Entry: C:\Users\hp5cd\.p2\pool\plugins\org.eclipse.m2e.maven.runtime_3.9.900.20240824-1409\jars\httpclient-4.5.14.jar
2025-05-01 14:57:38,856 [Worker-4: Launching Executing test in D__Software Testing Projects_Linkedin Automation Framework By Using Appium_Linkedin_Automation_Framework] INFO  o.eclipse.m2e.core.internal.Bundles - 	Entry: C:\Users\hp5cd\.p2\pool\plugins\org.eclipse.m2e.maven.runtime_3.9.900.20240824-1409\jars\httpcore-4.4.16.jar
2025-05-01 14:57:38,857 [Worker-4: Launching Executing test in D__Software Testing Projects_Linkedin Automation Framework By Using Appium_Linkedin_Automation_Framework] INFO  o.eclipse.m2e.core.internal.Bundles - 	Entry: C:\Users\hp5cd\.p2\pool\plugins\org.eclipse.m2e.maven.runtime_3.9.900.20240824-1409\jars\jansi-2.4.1.jar
2025-05-01 14:57:38,857 [Worker-4: Launching Executing test in D__Software Testing Projects_Linkedin Automation Framework By Using Appium_Linkedin_Automation_Framework] INFO  o.eclipse.m2e.core.internal.Bundles - 	Entry: C:\Users\hp5cd\.p2\pool\plugins\org.eclipse.m2e.maven.runtime_3.9.900.20240824-1409\jars\jcl-over-slf4j-1.7.36.jar
2025-05-01 14:57:38,857 [Worker-4: Launching Executing test in D__Software Testing Projects_Linkedin Automation Framework By Using Appium_Linkedin_Automation_Framework] INFO  o.eclipse.m2e.core.internal.Bundles - 	Entry: C:\Users\hp5cd\.p2\pool\plugins\org.eclipse.m2e.maven.runtime_3.9.900.20240824-1409\jars\maven-artifact-3.9.9.jar
2025-05-01 14:57:38,857 [Worker-4: Launching Executing test in D__Software Testing Projects_Linkedin Automation Framework By Using Appium_Linkedin_Automation_Framework] INFO  o.eclipse.m2e.core.internal.Bundles - 	Entry: C:\Users\hp5cd\.p2\pool\plugins\org.eclipse.m2e.maven.runtime_3.9.900.20240824-1409\jars\maven-builder-support-3.9.9.jar
2025-05-01 14:57:38,857 [Worker-4: Launching Executing test in D__Software Testing Projects_Linkedin Automation Framework By Using Appium_Linkedin_Automation_Framework] INFO  o.eclipse.m2e.core.internal.Bundles - 	Entry: C:\Users\hp5cd\.p2\pool\plugins\org.eclipse.m2e.maven.runtime_3.9.900.20240824-1409\jars\maven-compat-3.9.9.jar
2025-05-01 14:57:38,857 [Worker-4: Launching Executing test in D__Software Testing Projects_Linkedin Automation Framework By Using Appium_Linkedin_Automation_Framework] INFO  o.eclipse.m2e.core.internal.Bundles - 	Entry: C:\Users\hp5cd\.p2\pool\plugins\org.eclipse.m2e.maven.runtime_3.9.900.20240824-1409\jars\maven-core-3.9.9.jar
2025-05-01 14:57:38,857 [Worker-4: Launching Executing test in D__Software Testing Projects_Linkedin Automation Framework By Using Appium_Linkedin_Automation_Framework] INFO  o.eclipse.m2e.core.internal.Bundles - 	Entry: C:\Users\hp5cd\.p2\pool\plugins\org.eclipse.m2e.maven.runtime_3.9.900.20240824-1409\jars\maven-embedder-3.9.9.jar
2025-05-01 14:57:38,857 [Worker-4: Launching Executing test in D__Software Testing Projects_Linkedin Automation Framework By Using Appium_Linkedin_Automation_Framework] INFO  o.eclipse.m2e.core.internal.Bundles - 	Entry: C:\Users\hp5cd\.p2\pool\plugins\org.eclipse.m2e.maven.runtime_3.9.900.20240824-1409\jars\maven-model-3.9.9.jar
2025-05-01 14:57:38,857 [Worker-4: Launching Executing test in D__Software Testing Projects_Linkedin Automation Framework By Using Appium_Linkedin_Automation_Framework] INFO  o.eclipse.m2e.core.internal.Bundles - 	Entry: C:\Users\hp5cd\.p2\pool\plugins\org.eclipse.m2e.maven.runtime_3.9.900.20240824-1409\jars\maven-model-builder-3.9.9.jar
2025-05-01 14:57:38,858 [Worker-4: Launching Executing test in D__Software Testing Projects_Linkedin Automation Framework By Using Appium_Linkedin_Automation_Framework] INFO  o.eclipse.m2e.core.internal.Bundles - 	Entry: C:\Users\hp5cd\.p2\pool\plugins\org.eclipse.m2e.maven.runtime_3.9.900.20240824-1409\jars\maven-plugin-api-3.9.9.jar
2025-05-01 14:57:38,858 [Worker-4: Launching Executing test in D__Software Testing Projects_Linkedin Automation Framework By Using Appium_Linkedin_Automation_Framework] INFO  o.eclipse.m2e.core.internal.Bundles - 	Entry: C:\Users\hp5cd\.p2\pool\plugins\org.eclipse.m2e.maven.runtime_3.9.900.20240824-1409\jars\maven-repository-metadata-3.9.9.jar
2025-05-01 14:57:38,858 [Worker-4: Launching Executing test in D__Software Testing Projects_Linkedin Automation Framework By Using Appium_Linkedin_Automation_Framework] INFO  o.eclipse.m2e.core.internal.Bundles - 	Entry: C:\Users\hp5cd\.p2\pool\plugins\org.eclipse.m2e.maven.runtime_3.9.900.20240824-1409\jars\maven-resolver-api-1.9.22.jar
2025-05-01 14:57:38,858 [Worker-4: Launching Executing test in D__Software Testing Projects_Linkedin Automation Framework By Using Appium_Linkedin_Automation_Framework] INFO  o.eclipse.m2e.core.internal.Bundles - 	Entry: C:\Users\hp5cd\.p2\pool\plugins\org.eclipse.m2e.maven.runtime_3.9.900.20240824-1409\jars\maven-resolver-connector-basic-1.9.22.jar
2025-05-01 14:57:38,859 [Worker-4: Launching Executing test in D__Software Testing Projects_Linkedin Automation Framework By Using Appium_Linkedin_Automation_Framework] INFO  o.eclipse.m2e.core.internal.Bundles - 	Entry: C:\Users\hp5cd\.p2\pool\plugins\org.eclipse.m2e.maven.runtime_3.9.900.20240824-1409\jars\maven-resolver-impl-1.9.22.jar
2025-05-01 14:57:38,859 [Worker-4: Launching Executing test in D__Software Testing Projects_Linkedin Automation Framework By Using Appium_Linkedin_Automation_Framework] INFO  o.eclipse.m2e.core.internal.Bundles - 	Entry: C:\Users\hp5cd\.p2\pool\plugins\org.eclipse.m2e.maven.runtime_3.9.900.20240824-1409\jars\maven-resolver-named-locks-1.9.22.jar
2025-05-01 14:57:38,859 [Worker-4: Launching Executing test in D__Software Testing Projects_Linkedin Automation Framework By Using Appium_Linkedin_Automation_Framework] INFO  o.eclipse.m2e.core.internal.Bundles - 	Entry: C:\Users\hp5cd\.p2\pool\plugins\org.eclipse.m2e.maven.runtime_3.9.900.20240824-1409\jars\maven-resolver-provider-3.9.9.jar
2025-05-01 14:57:38,860 [Worker-4: Launching Executing test in D__Software Testing Projects_Linkedin Automation Framework By Using Appium_Linkedin_Automation_Framework] INFO  o.eclipse.m2e.core.internal.Bundles - 	Entry: C:\Users\hp5cd\.p2\pool\plugins\org.eclipse.m2e.maven.runtime_3.9.900.20240824-1409\jars\maven-resolver-spi-1.9.22.jar
2025-05-01 14:57:38,860 [Worker-4: Launching Executing test in D__Software Testing Projects_Linkedin Automation Framework By Using Appium_Linkedin_Automation_Framework] INFO  o.eclipse.m2e.core.internal.Bundles - 	Entry: C:\Users\hp5cd\.p2\pool\plugins\org.eclipse.m2e.maven.runtime_3.9.900.20240824-1409\jars\maven-resolver-transport-file-1.9.22.jar
2025-05-01 14:57:38,860 [Worker-4: Launching Executing test in D__Software Testing Projects_Linkedin Automation Framework By Using Appium_Linkedin_Automation_Framework] INFO  o.eclipse.m2e.core.internal.Bundles - 	Entry: C:\Users\hp5cd\.p2\pool\plugins\org.eclipse.m2e.maven.runtime_3.9.900.20240824-1409\jars\maven-resolver-transport-http-1.9.22.jar
2025-05-01 14:57:38,860 [Worker-4: Launching Executing test in D__Software Testing Projects_Linkedin Automation Framework By Using Appium_Linkedin_Automation_Framework] INFO  o.eclipse.m2e.core.internal.Bundles - 	Entry: C:\Users\hp5cd\.p2\pool\plugins\org.eclipse.m2e.maven.runtime_3.9.900.20240824-1409\jars\maven-resolver-transport-wagon-1.9.22.jar
2025-05-01 14:57:38,860 [Worker-4: Launching Executing test in D__Software Testing Projects_Linkedin Automation Framework By Using Appium_Linkedin_Automation_Framework] INFO  o.eclipse.m2e.core.internal.Bundles - 	Entry: C:\Users\hp5cd\.p2\pool\plugins\org.eclipse.m2e.maven.runtime_3.9.900.20240824-1409\jars\maven-resolver-util-1.9.22.jar
2025-05-01 14:57:38,860 [Worker-4: Launching Executing test in D__Software Testing Projects_Linkedin Automation Framework By Using Appium_Linkedin_Automation_Framework] INFO  o.eclipse.m2e.core.internal.Bundles - 	Entry: C:\Users\hp5cd\.p2\pool\plugins\org.eclipse.m2e.maven.runtime_3.9.900.20240824-1409\jars\maven-settings-3.9.9.jar
2025-05-01 14:57:38,860 [Worker-4: Launching Executing test in D__Software Testing Projects_Linkedin Automation Framework By Using Appium_Linkedin_Automation_Framework] INFO  o.eclipse.m2e.core.internal.Bundles - 	Entry: C:\Users\hp5cd\.p2\pool\plugins\org.eclipse.m2e.maven.runtime_3.9.900.20240824-1409\jars\maven-settings-builder-3.9.9.jar
2025-05-01 14:57:38,861 [Worker-4: Launching Executing test in D__Software Testing Projects_Linkedin Automation Framework By Using Appium_Linkedin_Automation_Framework] INFO  o.eclipse.m2e.core.internal.Bundles - 	Entry: C:\Users\hp5cd\.p2\pool\plugins\org.eclipse.m2e.maven.runtime_3.9.900.20240824-1409\jars\maven-shared-utils-3.4.2.jar
2025-05-01 14:57:38,861 [Worker-4: Launching Executing test in D__Software Testing Projects_Linkedin Automation Framework By Using Appium_Linkedin_Automation_Framework] INFO  o.eclipse.m2e.core.internal.Bundles - 	Entry: C:\Users\hp5cd\.p2\pool\plugins\org.eclipse.m2e.maven.runtime_3.9.900.20240824-1409\jars\org.eclipse.sisu.inject-0.9.0.M3.jar
2025-05-01 14:57:38,861 [Worker-4: Launching Executing test in D__Software Testing Projects_Linkedin Automation Framework By Using Appium_Linkedin_Automation_Framework] INFO  o.eclipse.m2e.core.internal.Bundles - 	Entry: C:\Users\hp5cd\.p2\pool\plugins\org.eclipse.m2e.maven.runtime_3.9.900.20240824-1409\jars\org.eclipse.sisu.plexus-0.9.0.M3.jar
2025-05-01 14:57:38,861 [Worker-4: Launching Executing test in D__Software Testing Projects_Linkedin Automation Framework By Using Appium_Linkedin_Automation_Framework] INFO  o.eclipse.m2e.core.internal.Bundles - 	Entry: C:\Users\hp5cd\.p2\pool\plugins\org.eclipse.m2e.maven.runtime_3.9.900.20240824-1409\jars\plexus-build-api-0.0.7.jar
2025-05-01 14:57:38,861 [Worker-4: Launching Executing test in D__Software Testing Projects_Linkedin Automation Framework By Using Appium_Linkedin_Automation_Framework] INFO  o.eclipse.m2e.core.internal.Bundles - 	Entry: C:\Users\hp5cd\.p2\pool\plugins\org.eclipse.m2e.maven.runtime_3.9.900.20240824-1409\jars\plexus-build-api-1.2.0.jar
2025-05-01 14:57:38,861 [Worker-4: Launching Executing test in D__Software Testing Projects_Linkedin Automation Framework By Using Appium_Linkedin_Automation_Framework] INFO  o.eclipse.m2e.core.internal.Bundles - 	Entry: C:\Users\hp5cd\.p2\pool\plugins\org.eclipse.m2e.maven.runtime_3.9.900.20240824-1409\jars\plexus-cipher-2.0.jar
2025-05-01 14:57:38,861 [Worker-4: Launching Executing test in D__Software Testing Projects_Linkedin Automation Framework By Using Appium_Linkedin_Automation_Framework] INFO  o.eclipse.m2e.core.internal.Bundles - 	Entry: C:\Users\hp5cd\.p2\pool\plugins\org.eclipse.m2e.maven.runtime_3.9.900.20240824-1409\jars\plexus-classworlds-2.8.0.jar
2025-05-01 14:57:38,862 [Worker-4: Launching Executing test in D__Software Testing Projects_Linkedin Automation Framework By Using Appium_Linkedin_Automation_Framework] INFO  o.eclipse.m2e.core.internal.Bundles - 	Entry: C:\Users\hp5cd\.p2\pool\plugins\org.eclipse.m2e.maven.runtime_3.9.900.20240824-1409\jars\plexus-component-annotations-2.1.0.jar
2025-05-01 14:57:38,862 [Worker-4: Launching Executing test in D__Software Testing Projects_Linkedin Automation Framework By Using Appium_Linkedin_Automation_Framework] INFO  o.eclipse.m2e.core.internal.Bundles - 	Entry: C:\Users\hp5cd\.p2\pool\plugins\org.eclipse.m2e.maven.runtime_3.9.900.20240824-1409\jars\plexus-interpolation-1.27.jar
2025-05-01 14:57:38,862 [Worker-4: Launching Executing test in D__Software Testing Projects_Linkedin Automation Framework By Using Appium_Linkedin_Automation_Framework] INFO  o.eclipse.m2e.core.internal.Bundles - 	Entry: C:\Users\hp5cd\.p2\pool\plugins\org.eclipse.m2e.maven.runtime_3.9.900.20240824-1409\jars\plexus-sec-dispatcher-2.0.jar
2025-05-01 14:57:38,862 [Worker-4: Launching Executing test in D__Software Testing Projects_Linkedin Automation Framework By Using Appium_Linkedin_Automation_Framework] INFO  o.eclipse.m2e.core.internal.Bundles - 	Entry: C:\Users\hp5cd\.p2\pool\plugins\org.eclipse.m2e.maven.runtime_3.9.900.20240824-1409\jars\plexus-utils-3.5.1.jar
2025-05-01 14:57:38,862 [Worker-4: Launching Executing test in D__Software Testing Projects_Linkedin Automation Framework By Using Appium_Linkedin_Automation_Framework] INFO  o.eclipse.m2e.core.internal.Bundles - 	Entry: C:\Users\hp5cd\.p2\pool\plugins\org.eclipse.m2e.maven.runtime_3.9.900.20240824-1409\jars\plexus-xml-3.0.1.jar
2025-05-01 14:57:38,862 [Worker-4: Launching Executing test in D__Software Testing Projects_Linkedin Automation Framework By Using Appium_Linkedin_Automation_Framework] INFO  o.eclipse.m2e.core.internal.Bundles - 	Entry: C:\Users\hp5cd\.p2\pool\plugins\org.eclipse.m2e.maven.runtime_3.9.900.20240824-1409\jars\wagon-file-3.5.3.jar
2025-05-01 14:57:38,862 [Worker-4: Launching Executing test in D__Software Testing Projects_Linkedin Automation Framework By Using Appium_Linkedin_Automation_Framework] INFO  o.eclipse.m2e.core.internal.Bundles - 	Entry: C:\Users\hp5cd\.p2\pool\plugins\org.eclipse.m2e.maven.runtime_3.9.900.20240824-1409\jars\wagon-http-3.5.3.jar
2025-05-01 14:57:38,862 [Worker-4: Launching Executing test in D__Software Testing Projects_Linkedin Automation Framework By Using Appium_Linkedin_Automation_Framework] INFO  o.eclipse.m2e.core.internal.Bundles - 	Entry: C:\Users\hp5cd\.p2\pool\plugins\org.eclipse.m2e.maven.runtime_3.9.900.20240824-1409\jars\wagon-http-shared-3.5.3.jar
2025-05-01 14:57:38,862 [Worker-4: Launching Executing test in D__Software Testing Projects_Linkedin Automation Framework By Using Appium_Linkedin_Automation_Framework] INFO  o.eclipse.m2e.core.internal.Bundles - 	Entry: C:\Users\hp5cd\.p2\pool\plugins\org.eclipse.m2e.maven.runtime_3.9.900.20240824-1409\jars\wagon-provider-api-3.5.3.jar
2025-05-01 14:57:38,865 [Worker-4: Launching Executing test in D__Software Testing Projects_Linkedin Automation Framework By Using Appium_Linkedin_Automation_Framework] INFO  o.eclipse.m2e.core.internal.Bundles - getClasspathEntries(Bundle=com.google.guava_33.3.1.jre [10])
2025-05-01 14:57:38,865 [Worker-4: Launching Executing test in D__Software Testing Projects_Linkedin Automation Framework By Using Appium_Linkedin_Automation_Framework] INFO  o.eclipse.m2e.core.internal.Bundles - 	Entry: C:\Users\hp5cd\.p2\pool\plugins\com.google.guava_33.3.1.jre.jar
2025-05-01 14:57:38,865 [Worker-4: Launching Executing test in D__Software Testing Projects_Linkedin Automation Framework By Using Appium_Linkedin_Automation_Framework] INFO  o.eclipse.m2e.core.internal.Bundles - getClasspathEntries(Bundle=slf4j.api_2.0.17 [571])
2025-05-01 14:57:38,866 [Worker-4: Launching Executing test in D__Software Testing Projects_Linkedin Automation Framework By Using Appium_Linkedin_Automation_Framework] INFO  o.eclipse.m2e.core.internal.Bundles - 	Entry: C:\Users\hp5cd\.p2\pool\plugins\slf4j.api_2.0.17.jar
2025-05-01 14:57:38,866 [Worker-4: Launching Executing test in D__Software Testing Projects_Linkedin Automation Framework By Using Appium_Linkedin_Automation_Framework] INFO  o.eclipse.m2e.core.internal.Bundles - getClasspathEntries(Bundle=jakarta.inject.jakarta.inject-api_1.0.5 [22])
2025-05-01 14:57:38,866 [Worker-4: Launching Executing test in D__Software Testing Projects_Linkedin Automation Framework By Using Appium_Linkedin_Automation_Framework] INFO  o.eclipse.m2e.core.internal.Bundles - 	Entry: C:\Users\hp5cd\.p2\pool\plugins\jakarta.inject.jakarta.inject-api_1.0.5.jar
2025-05-01 14:57:38,866 [Worker-4: Launching Executing test in D__Software Testing Projects_Linkedin Automation Framework By Using Appium_Linkedin_Automation_Framework] INFO  o.eclipse.m2e.core.internal.Bundles - getClasspathEntries(Bundle=jakarta.annotation-api_1.3.5 [20])
2025-05-01 14:57:38,867 [Worker-4: Launching Executing test in D__Software Testing Projects_Linkedin Automation Framework By Using Appium_Linkedin_Automation_Framework] INFO  o.eclipse.m2e.core.internal.Bundles - 	Entry: C:\Users\hp5cd\.p2\pool\plugins\jakarta.annotation-api_1.3.5.jar
2025-05-01 14:57:38,867 [Worker-4: Launching Executing test in D__Software Testing Projects_Linkedin Automation Framework By Using Appium_Linkedin_Automation_Framework] INFO  o.eclipse.m2e.core.internal.Bundles - getClasspathEntries(Bundle=org.apache.commons.cli_1.9.0 [47])
2025-05-01 14:57:38,867 [Worker-4: Launching Executing test in D__Software Testing Projects_Linkedin Automation Framework By Using Appium_Linkedin_Automation_Framework] INFO  o.eclipse.m2e.core.internal.Bundles - 	Entry: C:\Users\hp5cd\.p2\pool\plugins\org.apache.commons.cli_1.9.0.jar
2025-05-01 14:57:38,867 [Worker-4: Launching Executing test in D__Software Testing Projects_Linkedin Automation Framework By Using Appium_Linkedin_Automation_Framework] INFO  o.eclipse.m2e.core.internal.Bundles - getClasspathEntries(Bundle=org.apache.commons.commons-codec_1.16.0 [50])
2025-05-01 14:57:38,868 [Worker-4: Launching Executing test in D__Software Testing Projects_Linkedin Automation Framework By Using Appium_Linkedin_Automation_Framework] INFO  o.eclipse.m2e.core.internal.Bundles - 	Entry: C:\Users\hp5cd\.p2\pool\plugins\org.apache.commons.commons-codec_1.16.0.jar
2025-05-01 14:57:38,869 [Worker-4: Launching Executing test in D__Software Testing Projects_Linkedin Automation Framework By Using Appium_Linkedin_Automation_Framework] INFO  o.eclipse.m2e.core.internal.Bundles - getClasspathEntries(Bundle=com.google.guava.failureaccess_1.0.2 [11])
2025-05-01 14:57:38,869 [Worker-4: Launching Executing test in D__Software Testing Projects_Linkedin Automation Framework By Using Appium_Linkedin_Automation_Framework] INFO  o.eclipse.m2e.core.internal.Bundles - 	Entry: C:\Users\hp5cd\.p2\pool\plugins\com.google.guava.failureaccess_1.0.2.jar
2025-05-01 14:57:38,879 [Worker-4: Launching Executing test in D__Software Testing Projects_Linkedin Automation Framework By Using Appium_Linkedin_Automation_Framework] INFO  o.e.m.i.launch.MavenLaunchDelegate - Run build in "D:\Software Testing Projects\Linkedin Automation Framework By Using Appium\Linkedin_Automation_Framework":
2025-05-01 14:57:38,882 [Worker-4: Launching Executing test in D__Software Testing Projects_Linkedin Automation Framework By Using Appium_Linkedin_Automation_Framework] INFO  o.e.m.i.launch.MavenLaunchDelegate -  mvn  -B -Dstyle.color=always test
2025-05-01 14:57:42,964 [Worker-4: Building] WARN  o.a.m.s.f.DefaultMavenResourcesFiltering - Using platform encoding (UTF-8 actually) to copy filtered resources, i.e. build is platform dependent!
2025-05-01 14:57:42,967 [Worker-4: Building] INFO  o.a.m.s.f.DefaultMavenResourcesFiltering - Copying 0 resource from src\main\resources to target\classes
2025-05-01 14:57:42,970 [Worker-4: Building] WARN  o.a.m.s.f.DefaultMavenResourcesFiltering - Using platform encoding (UTF-8 actually) to copy filtered resources, i.e. build is platform dependent!
2025-05-01 14:57:42,971 [Worker-4: Building] INFO  o.a.m.s.f.DefaultMavenResourcesFiltering - Copying 0 resource from src\test\resources to target\test-classes
2025-05-01 14:58:05,332 [Worker-6: Launching Executing test in D__Software Testing Projects_Linkedin Automation Framework By Using Appium_Linkedin_Automation_Framework] INFO  o.eclipse.m2e.core.internal.Bundles - getClasspathEntries(Bundle=org.eclipse.m2e.maven.runtime_3.9.900.20240824-1409 [298])
2025-05-01 14:58:05,334 [Worker-6: Launching Executing test in D__Software Testing Projects_Linkedin Automation Framework By Using Appium_Linkedin_Automation_Framework] INFO  o.eclipse.m2e.core.internal.Bundles - 	Entry: C:\Users\hp5cd\.p2\pool\plugins\org.eclipse.m2e.maven.runtime_3.9.900.20240824-1409
2025-05-01 14:58:05,334 [Worker-6: Launching Executing test in D__Software Testing Projects_Linkedin Automation Framework By Using Appium_Linkedin_Automation_Framework] INFO  o.eclipse.m2e.core.internal.Bundles - 	Entry: C:\Users\hp5cd\.p2\pool\plugins\org.eclipse.m2e.maven.runtime_3.9.900.20240824-1409\jars\aopalliance-1.0.jar
2025-05-01 14:58:05,335 [Worker-6: Launching Executing test in D__Software Testing Projects_Linkedin Automation Framework By Using Appium_Linkedin_Automation_Framework] INFO  o.eclipse.m2e.core.internal.Bundles - 	Entry: C:\Users\hp5cd\.p2\pool\plugins\org.eclipse.m2e.maven.runtime_3.9.900.20240824-1409\jars\guice-5.1.0.jar
2025-05-01 14:58:05,336 [Worker-6: Launching Executing test in D__Software Testing Projects_Linkedin Automation Framework By Using Appium_Linkedin_Automation_Framework] INFO  o.eclipse.m2e.core.internal.Bundles - 	Entry: C:\Users\hp5cd\.p2\pool\plugins\org.eclipse.m2e.maven.runtime_3.9.900.20240824-1409\jars\httpclient-4.5.14.jar
2025-05-01 14:58:05,336 [Worker-6: Launching Executing test in D__Software Testing Projects_Linkedin Automation Framework By Using Appium_Linkedin_Automation_Framework] INFO  o.eclipse.m2e.core.internal.Bundles - 	Entry: C:\Users\hp5cd\.p2\pool\plugins\org.eclipse.m2e.maven.runtime_3.9.900.20240824-1409\jars\httpcore-4.4.16.jar
2025-05-01 14:58:05,336 [Worker-6: Launching Executing test in D__Software Testing Projects_Linkedin Automation Framework By Using Appium_Linkedin_Automation_Framework] INFO  o.eclipse.m2e.core.internal.Bundles - 	Entry: C:\Users\hp5cd\.p2\pool\plugins\org.eclipse.m2e.maven.runtime_3.9.900.20240824-1409\jars\jansi-2.4.1.jar
2025-05-01 14:58:05,337 [Worker-6: Launching Executing test in D__Software Testing Projects_Linkedin Automation Framework By Using Appium_Linkedin_Automation_Framework] INFO  o.eclipse.m2e.core.internal.Bundles - 	Entry: C:\Users\hp5cd\.p2\pool\plugins\org.eclipse.m2e.maven.runtime_3.9.900.20240824-1409\jars\jcl-over-slf4j-1.7.36.jar
2025-05-01 14:58:05,337 [Worker-6: Launching Executing test in D__Software Testing Projects_Linkedin Automation Framework By Using Appium_Linkedin_Automation_Framework] INFO  o.eclipse.m2e.core.internal.Bundles - 	Entry: C:\Users\hp5cd\.p2\pool\plugins\org.eclipse.m2e.maven.runtime_3.9.900.20240824-1409\jars\maven-artifact-3.9.9.jar
2025-05-01 14:58:05,337 [Worker-6: Launching Executing test in D__Software Testing Projects_Linkedin Automation Framework By Using Appium_Linkedin_Automation_Framework] INFO  o.eclipse.m2e.core.internal.Bundles - 	Entry: C:\Users\hp5cd\.p2\pool\plugins\org.eclipse.m2e.maven.runtime_3.9.900.20240824-1409\jars\maven-builder-support-3.9.9.jar
2025-05-01 14:58:05,337 [Worker-6: Launching Executing test in D__Software Testing Projects_Linkedin Automation Framework By Using Appium_Linkedin_Automation_Framework] INFO  o.eclipse.m2e.core.internal.Bundles - 	Entry: C:\Users\hp5cd\.p2\pool\plugins\org.eclipse.m2e.maven.runtime_3.9.900.20240824-1409\jars\maven-compat-3.9.9.jar
2025-05-01 14:58:05,337 [Worker-6: Launching Executing test in D__Software Testing Projects_Linkedin Automation Framework By Using Appium_Linkedin_Automation_Framework] INFO  o.eclipse.m2e.core.internal.Bundles - 	Entry: C:\Users\hp5cd\.p2\pool\plugins\org.eclipse.m2e.maven.runtime_3.9.900.20240824-1409\jars\maven-core-3.9.9.jar
2025-05-01 14:58:05,338 [Worker-6: Launching Executing test in D__Software Testing Projects_Linkedin Automation Framework By Using Appium_Linkedin_Automation_Framework] INFO  o.eclipse.m2e.core.internal.Bundles - 	Entry: C:\Users\hp5cd\.p2\pool\plugins\org.eclipse.m2e.maven.runtime_3.9.900.20240824-1409\jars\maven-embedder-3.9.9.jar
2025-05-01 14:58:05,338 [Worker-6: Launching Executing test in D__Software Testing Projects_Linkedin Automation Framework By Using Appium_Linkedin_Automation_Framework] INFO  o.eclipse.m2e.core.internal.Bundles - 	Entry: C:\Users\hp5cd\.p2\pool\plugins\org.eclipse.m2e.maven.runtime_3.9.900.20240824-1409\jars\maven-model-3.9.9.jar
2025-05-01 14:58:05,338 [Worker-6: Launching Executing test in D__Software Testing Projects_Linkedin Automation Framework By Using Appium_Linkedin_Automation_Framework] INFO  o.eclipse.m2e.core.internal.Bundles - 	Entry: C:\Users\hp5cd\.p2\pool\plugins\org.eclipse.m2e.maven.runtime_3.9.900.20240824-1409\jars\maven-model-builder-3.9.9.jar
2025-05-01 14:58:05,339 [Worker-6: Launching Executing test in D__Software Testing Projects_Linkedin Automation Framework By Using Appium_Linkedin_Automation_Framework] INFO  o.eclipse.m2e.core.internal.Bundles - 	Entry: C:\Users\hp5cd\.p2\pool\plugins\org.eclipse.m2e.maven.runtime_3.9.900.20240824-1409\jars\maven-plugin-api-3.9.9.jar
2025-05-01 14:58:05,339 [Worker-6: Launching Executing test in D__Software Testing Projects_Linkedin Automation Framework By Using Appium_Linkedin_Automation_Framework] INFO  o.eclipse.m2e.core.internal.Bundles - 	Entry: C:\Users\hp5cd\.p2\pool\plugins\org.eclipse.m2e.maven.runtime_3.9.900.20240824-1409\jars\maven-repository-metadata-3.9.9.jar
2025-05-01 14:58:05,339 [Worker-6: Launching Executing test in D__Software Testing Projects_Linkedin Automation Framework By Using Appium_Linkedin_Automation_Framework] INFO  o.eclipse.m2e.core.internal.Bundles - 	Entry: C:\Users\hp5cd\.p2\pool\plugins\org.eclipse.m2e.maven.runtime_3.9.900.20240824-1409\jars\maven-resolver-api-1.9.22.jar
2025-05-01 14:58:05,339 [Worker-6: Launching Executing test in D__Software Testing Projects_Linkedin Automation Framework By Using Appium_Linkedin_Automation_Framework] INFO  o.eclipse.m2e.core.internal.Bundles - 	Entry: C:\Users\hp5cd\.p2\pool\plugins\org.eclipse.m2e.maven.runtime_3.9.900.20240824-1409\jars\maven-resolver-connector-basic-1.9.22.jar
2025-05-01 14:58:05,339 [Worker-6: Launching Executing test in D__Software Testing Projects_Linkedin Automation Framework By Using Appium_Linkedin_Automation_Framework] INFO  o.eclipse.m2e.core.internal.Bundles - 	Entry: C:\Users\hp5cd\.p2\pool\plugins\org.eclipse.m2e.maven.runtime_3.9.900.20240824-1409\jars\maven-resolver-impl-1.9.22.jar
2025-05-01 14:58:05,340 [Worker-6: Launching Executing test in D__Software Testing Projects_Linkedin Automation Framework By Using Appium_Linkedin_Automation_Framework] INFO  o.eclipse.m2e.core.internal.Bundles - 	Entry: C:\Users\hp5cd\.p2\pool\plugins\org.eclipse.m2e.maven.runtime_3.9.900.20240824-1409\jars\maven-resolver-named-locks-1.9.22.jar
2025-05-01 14:58:05,340 [Worker-6: Launching Executing test in D__Software Testing Projects_Linkedin Automation Framework By Using Appium_Linkedin_Automation_Framework] INFO  o.eclipse.m2e.core.internal.Bundles - 	Entry: C:\Users\hp5cd\.p2\pool\plugins\org.eclipse.m2e.maven.runtime_3.9.900.20240824-1409\jars\maven-resolver-provider-3.9.9.jar
2025-05-01 14:58:05,340 [Worker-6: Launching Executing test in D__Software Testing Projects_Linkedin Automation Framework By Using Appium_Linkedin_Automation_Framework] INFO  o.eclipse.m2e.core.internal.Bundles - 	Entry: C:\Users\hp5cd\.p2\pool\plugins\org.eclipse.m2e.maven.runtime_3.9.900.20240824-1409\jars\maven-resolver-spi-1.9.22.jar
2025-05-01 14:58:05,340 [Worker-6: Launching Executing test in D__Software Testing Projects_Linkedin Automation Framework By Using Appium_Linkedin_Automation_Framework] INFO  o.eclipse.m2e.core.internal.Bundles - 	Entry: C:\Users\hp5cd\.p2\pool\plugins\org.eclipse.m2e.maven.runtime_3.9.900.20240824-1409\jars\maven-resolver-transport-file-1.9.22.jar
2025-05-01 14:58:05,340 [Worker-6: Launching Executing test in D__Software Testing Projects_Linkedin Automation Framework By Using Appium_Linkedin_Automation_Framework] INFO  o.eclipse.m2e.core.internal.Bundles - 	Entry: C:\Users\hp5cd\.p2\pool\plugins\org.eclipse.m2e.maven.runtime_3.9.900.20240824-1409\jars\maven-resolver-transport-http-1.9.22.jar
2025-05-01 14:58:05,340 [Worker-6: Launching Executing test in D__Software Testing Projects_Linkedin Automation Framework By Using Appium_Linkedin_Automation_Framework] INFO  o.eclipse.m2e.core.internal.Bundles - 	Entry: C:\Users\hp5cd\.p2\pool\plugins\org.eclipse.m2e.maven.runtime_3.9.900.20240824-1409\jars\maven-resolver-transport-wagon-1.9.22.jar
2025-05-01 14:58:05,340 [Worker-6: Launching Executing test in D__Software Testing Projects_Linkedin Automation Framework By Using Appium_Linkedin_Automation_Framework] INFO  o.eclipse.m2e.core.internal.Bundles - 	Entry: C:\Users\hp5cd\.p2\pool\plugins\org.eclipse.m2e.maven.runtime_3.9.900.20240824-1409\jars\maven-resolver-util-1.9.22.jar
2025-05-01 14:58:05,340 [Worker-6: Launching Executing test in D__Software Testing Projects_Linkedin Automation Framework By Using Appium_Linkedin_Automation_Framework] INFO  o.eclipse.m2e.core.internal.Bundles - 	Entry: C:\Users\hp5cd\.p2\pool\plugins\org.eclipse.m2e.maven.runtime_3.9.900.20240824-1409\jars\maven-settings-3.9.9.jar
2025-05-01 14:58:05,341 [Worker-6: Launching Executing test in D__Software Testing Projects_Linkedin Automation Framework By Using Appium_Linkedin_Automation_Framework] INFO  o.eclipse.m2e.core.internal.Bundles - 	Entry: C:\Users\hp5cd\.p2\pool\plugins\org.eclipse.m2e.maven.runtime_3.9.900.20240824-1409\jars\maven-settings-builder-3.9.9.jar
2025-05-01 14:58:05,341 [Worker-6: Launching Executing test in D__Software Testing Projects_Linkedin Automation Framework By Using Appium_Linkedin_Automation_Framework] INFO  o.eclipse.m2e.core.internal.Bundles - 	Entry: C:\Users\hp5cd\.p2\pool\plugins\org.eclipse.m2e.maven.runtime_3.9.900.20240824-1409\jars\maven-shared-utils-3.4.2.jar
2025-05-01 14:58:05,341 [Worker-6: Launching Executing test in D__Software Testing Projects_Linkedin Automation Framework By Using Appium_Linkedin_Automation_Framework] INFO  o.eclipse.m2e.core.internal.Bundles - 	Entry: C:\Users\hp5cd\.p2\pool\plugins\org.eclipse.m2e.maven.runtime_3.9.900.20240824-1409\jars\org.eclipse.sisu.inject-0.9.0.M3.jar
2025-05-01 14:58:05,341 [Worker-6: Launching Executing test in D__Software Testing Projects_Linkedin Automation Framework By Using Appium_Linkedin_Automation_Framework] INFO  o.eclipse.m2e.core.internal.Bundles - 	Entry: C:\Users\hp5cd\.p2\pool\plugins\org.eclipse.m2e.maven.runtime_3.9.900.20240824-1409\jars\org.eclipse.sisu.plexus-0.9.0.M3.jar
2025-05-01 14:58:05,341 [Worker-6: Launching Executing test in D__Software Testing Projects_Linkedin Automation Framework By Using Appium_Linkedin_Automation_Framework] INFO  o.eclipse.m2e.core.internal.Bundles - 	Entry: C:\Users\hp5cd\.p2\pool\plugins\org.eclipse.m2e.maven.runtime_3.9.900.20240824-1409\jars\plexus-build-api-0.0.7.jar
2025-05-01 14:58:05,341 [Worker-6: Launching Executing test in D__Software Testing Projects_Linkedin Automation Framework By Using Appium_Linkedin_Automation_Framework] INFO  o.eclipse.m2e.core.internal.Bundles - 	Entry: C:\Users\hp5cd\.p2\pool\plugins\org.eclipse.m2e.maven.runtime_3.9.900.20240824-1409\jars\plexus-build-api-1.2.0.jar
2025-05-01 14:58:05,342 [Worker-6: Launching Executing test in D__Software Testing Projects_Linkedin Automation Framework By Using Appium_Linkedin_Automation_Framework] INFO  o.eclipse.m2e.core.internal.Bundles - 	Entry: C:\Users\hp5cd\.p2\pool\plugins\org.eclipse.m2e.maven.runtime_3.9.900.20240824-1409\jars\plexus-cipher-2.0.jar
2025-05-01 14:58:05,342 [Worker-6: Launching Executing test in D__Software Testing Projects_Linkedin Automation Framework By Using Appium_Linkedin_Automation_Framework] INFO  o.eclipse.m2e.core.internal.Bundles - 	Entry: C:\Users\hp5cd\.p2\pool\plugins\org.eclipse.m2e.maven.runtime_3.9.900.20240824-1409\jars\plexus-classworlds-2.8.0.jar
2025-05-01 14:58:05,342 [Worker-6: Launching Executing test in D__Software Testing Projects_Linkedin Automation Framework By Using Appium_Linkedin_Automation_Framework] INFO  o.eclipse.m2e.core.internal.Bundles - 	Entry: C:\Users\hp5cd\.p2\pool\plugins\org.eclipse.m2e.maven.runtime_3.9.900.20240824-1409\jars\plexus-component-annotations-2.1.0.jar
2025-05-01 14:58:05,342 [Worker-6: Launching Executing test in D__Software Testing Projects_Linkedin Automation Framework By Using Appium_Linkedin_Automation_Framework] INFO  o.eclipse.m2e.core.internal.Bundles - 	Entry: C:\Users\hp5cd\.p2\pool\plugins\org.eclipse.m2e.maven.runtime_3.9.900.20240824-1409\jars\plexus-interpolation-1.27.jar
2025-05-01 14:58:05,342 [Worker-6: Launching Executing test in D__Software Testing Projects_Linkedin Automation Framework By Using Appium_Linkedin_Automation_Framework] INFO  o.eclipse.m2e.core.internal.Bundles - 	Entry: C:\Users\hp5cd\.p2\pool\plugins\org.eclipse.m2e.maven.runtime_3.9.900.20240824-1409\jars\plexus-sec-dispatcher-2.0.jar
2025-05-01 14:58:05,342 [Worker-6: Launching Executing test in D__Software Testing Projects_Linkedin Automation Framework By Using Appium_Linkedin_Automation_Framework] INFO  o.eclipse.m2e.core.internal.Bundles - 	Entry: C:\Users\hp5cd\.p2\pool\plugins\org.eclipse.m2e.maven.runtime_3.9.900.20240824-1409\jars\plexus-utils-3.5.1.jar
2025-05-01 14:58:05,342 [Worker-6: Launching Executing test in D__Software Testing Projects_Linkedin Automation Framework By Using Appium_Linkedin_Automation_Framework] INFO  o.eclipse.m2e.core.internal.Bundles - 	Entry: C:\Users\hp5cd\.p2\pool\plugins\org.eclipse.m2e.maven.runtime_3.9.900.20240824-1409\jars\plexus-xml-3.0.1.jar
2025-05-01 14:58:05,342 [Worker-6: Launching Executing test in D__Software Testing Projects_Linkedin Automation Framework By Using Appium_Linkedin_Automation_Framework] INFO  o.eclipse.m2e.core.internal.Bundles - 	Entry: C:\Users\hp5cd\.p2\pool\plugins\org.eclipse.m2e.maven.runtime_3.9.900.20240824-1409\jars\wagon-file-3.5.3.jar
2025-05-01 14:58:05,342 [Worker-6: Launching Executing test in D__Software Testing Projects_Linkedin Automation Framework By Using Appium_Linkedin_Automation_Framework] INFO  o.eclipse.m2e.core.internal.Bundles - 	Entry: C:\Users\hp5cd\.p2\pool\plugins\org.eclipse.m2e.maven.runtime_3.9.900.20240824-1409\jars\wagon-http-3.5.3.jar
2025-05-01 14:58:05,343 [Worker-6: Launching Executing test in D__Software Testing Projects_Linkedin Automation Framework By Using Appium_Linkedin_Automation_Framework] INFO  o.eclipse.m2e.core.internal.Bundles - 	Entry: C:\Users\hp5cd\.p2\pool\plugins\org.eclipse.m2e.maven.runtime_3.9.900.20240824-1409\jars\wagon-http-shared-3.5.3.jar
2025-05-01 14:58:05,343 [Worker-6: Launching Executing test in D__Software Testing Projects_Linkedin Automation Framework By Using Appium_Linkedin_Automation_Framework] INFO  o.eclipse.m2e.core.internal.Bundles - 	Entry: C:\Users\hp5cd\.p2\pool\plugins\org.eclipse.m2e.maven.runtime_3.9.900.20240824-1409\jars\wagon-provider-api-3.5.3.jar
2025-05-01 14:58:05,343 [Worker-6: Launching Executing test in D__Software Testing Projects_Linkedin Automation Framework By Using Appium_Linkedin_Automation_Framework] INFO  o.eclipse.m2e.core.internal.Bundles - getClasspathEntries(Bundle=com.google.guava_33.3.1.jre [10])
2025-05-01 14:58:05,343 [Worker-6: Launching Executing test in D__Software Testing Projects_Linkedin Automation Framework By Using Appium_Linkedin_Automation_Framework] INFO  o.eclipse.m2e.core.internal.Bundles - 	Entry: C:\Users\hp5cd\.p2\pool\plugins\com.google.guava_33.3.1.jre.jar
2025-05-01 14:58:05,343 [Worker-6: Launching Executing test in D__Software Testing Projects_Linkedin Automation Framework By Using Appium_Linkedin_Automation_Framework] INFO  o.eclipse.m2e.core.internal.Bundles - getClasspathEntries(Bundle=slf4j.api_2.0.17 [571])
2025-05-01 14:58:05,344 [Worker-6: Launching Executing test in D__Software Testing Projects_Linkedin Automation Framework By Using Appium_Linkedin_Automation_Framework] INFO  o.eclipse.m2e.core.internal.Bundles - 	Entry: C:\Users\hp5cd\.p2\pool\plugins\slf4j.api_2.0.17.jar
2025-05-01 14:58:05,344 [Worker-6: Launching Executing test in D__Software Testing Projects_Linkedin Automation Framework By Using Appium_Linkedin_Automation_Framework] INFO  o.eclipse.m2e.core.internal.Bundles - getClasspathEntries(Bundle=jakarta.inject.jakarta.inject-api_1.0.5 [22])
2025-05-01 14:58:05,344 [Worker-6: Launching Executing test in D__Software Testing Projects_Linkedin Automation Framework By Using Appium_Linkedin_Automation_Framework] INFO  o.eclipse.m2e.core.internal.Bundles - 	Entry: C:\Users\hp5cd\.p2\pool\plugins\jakarta.inject.jakarta.inject-api_1.0.5.jar
2025-05-01 14:58:05,344 [Worker-6: Launching Executing test in D__Software Testing Projects_Linkedin Automation Framework By Using Appium_Linkedin_Automation_Framework] INFO  o.eclipse.m2e.core.internal.Bundles - getClasspathEntries(Bundle=jakarta.annotation-api_1.3.5 [20])
2025-05-01 14:58:05,344 [Worker-6: Launching Executing test in D__Software Testing Projects_Linkedin Automation Framework By Using Appium_Linkedin_Automation_Framework] INFO  o.eclipse.m2e.core.internal.Bundles - 	Entry: C:\Users\hp5cd\.p2\pool\plugins\jakarta.annotation-api_1.3.5.jar
2025-05-01 14:58:05,344 [Worker-6: Launching Executing test in D__Software Testing Projects_Linkedin Automation Framework By Using Appium_Linkedin_Automation_Framework] INFO  o.eclipse.m2e.core.internal.Bundles - getClasspathEntries(Bundle=org.apache.commons.cli_1.9.0 [47])
2025-05-01 14:58:05,344 [Worker-6: Launching Executing test in D__Software Testing Projects_Linkedin Automation Framework By Using Appium_Linkedin_Automation_Framework] INFO  o.eclipse.m2e.core.internal.Bundles - 	Entry: C:\Users\hp5cd\.p2\pool\plugins\org.apache.commons.cli_1.9.0.jar
2025-05-01 14:58:05,344 [Worker-6: Launching Executing test in D__Software Testing Projects_Linkedin Automation Framework By Using Appium_Linkedin_Automation_Framework] INFO  o.eclipse.m2e.core.internal.Bundles - getClasspathEntries(Bundle=org.apache.commons.commons-codec_1.16.0 [50])
2025-05-01 14:58:05,345 [Worker-6: Launching Executing test in D__Software Testing Projects_Linkedin Automation Framework By Using Appium_Linkedin_Automation_Framework] INFO  o.eclipse.m2e.core.internal.Bundles - 	Entry: C:\Users\hp5cd\.p2\pool\plugins\org.apache.commons.commons-codec_1.16.0.jar
2025-05-01 14:58:05,345 [Worker-6: Launching Executing test in D__Software Testing Projects_Linkedin Automation Framework By Using Appium_Linkedin_Automation_Framework] INFO  o.eclipse.m2e.core.internal.Bundles - getClasspathEntries(Bundle=com.google.guava.failureaccess_1.0.2 [11])
2025-05-01 14:58:05,345 [Worker-6: Launching Executing test in D__Software Testing Projects_Linkedin Automation Framework By Using Appium_Linkedin_Automation_Framework] INFO  o.eclipse.m2e.core.internal.Bundles - 	Entry: C:\Users\hp5cd\.p2\pool\plugins\com.google.guava.failureaccess_1.0.2.jar
2025-05-01 14:58:05,346 [Worker-6: Launching Executing test in D__Software Testing Projects_Linkedin Automation Framework By Using Appium_Linkedin_Automation_Framework] INFO  o.e.m.i.launch.MavenLaunchDelegate - Run build in "D:\Software Testing Projects\Linkedin Automation Framework By Using Appium\Linkedin_Automation_Framework":
2025-05-01 14:58:05,346 [Worker-6: Launching Executing test in D__Software Testing Projects_Linkedin Automation Framework By Using Appium_Linkedin_Automation_Framework] INFO  o.e.m.i.launch.MavenLaunchDelegate -  mvn  -B -Dstyle.color=always test
2025-05-01 14:58:23,490 [Worker-17: Building] WARN  o.a.m.s.f.DefaultMavenResourcesFiltering - Using platform encoding (UTF-8 actually) to copy filtered resources, i.e. build is platform dependent!
2025-05-01 14:58:23,491 [Worker-17: Building] INFO  o.a.m.s.f.DefaultMavenResourcesFiltering - Copying 0 resource from src\main\resources to target\classes
2025-05-01 14:58:23,494 [Worker-17: Building] WARN  o.a.m.s.f.DefaultMavenResourcesFiltering - Using platform encoding (UTF-8 actually) to copy filtered resources, i.e. build is platform dependent!
2025-05-01 14:58:23,495 [Worker-17: Building] INFO  o.a.m.s.f.DefaultMavenResourcesFiltering - Copying 0 resource from src\test\resources to target\test-classes
2025-05-01 14:58:40,283 [Worker-6: Launching Executing test in D__Software Testing Projects_Linkedin Automation Framework By Using Appium_Linkedin_Automation_Framework] INFO  o.eclipse.m2e.core.internal.Bundles - getClasspathEntries(Bundle=org.eclipse.m2e.maven.runtime_3.9.900.20240824-1409 [298])
2025-05-01 14:58:40,284 [Worker-6: Launching Executing test in D__Software Testing Projects_Linkedin Automation Framework By Using Appium_Linkedin_Automation_Framework] INFO  o.eclipse.m2e.core.internal.Bundles - 	Entry: C:\Users\hp5cd\.p2\pool\plugins\org.eclipse.m2e.maven.runtime_3.9.900.20240824-1409
2025-05-01 14:58:40,285 [Worker-6: Launching Executing test in D__Software Testing Projects_Linkedin Automation Framework By Using Appium_Linkedin_Automation_Framework] INFO  o.eclipse.m2e.core.internal.Bundles - 	Entry: C:\Users\hp5cd\.p2\pool\plugins\org.eclipse.m2e.maven.runtime_3.9.900.20240824-1409\jars\aopalliance-1.0.jar
2025-05-01 14:58:40,285 [Worker-6: Launching Executing test in D__Software Testing Projects_Linkedin Automation Framework By Using Appium_Linkedin_Automation_Framework] INFO  o.eclipse.m2e.core.internal.Bundles - 	Entry: C:\Users\hp5cd\.p2\pool\plugins\org.eclipse.m2e.maven.runtime_3.9.900.20240824-1409\jars\guice-5.1.0.jar
2025-05-01 14:58:40,286 [Worker-6: Launching Executing test in D__Software Testing Projects_Linkedin Automation Framework By Using Appium_Linkedin_Automation_Framework] INFO  o.eclipse.m2e.core.internal.Bundles - 	Entry: C:\Users\hp5cd\.p2\pool\plugins\org.eclipse.m2e.maven.runtime_3.9.900.20240824-1409\jars\httpclient-4.5.14.jar
2025-05-01 14:58:40,286 [Worker-6: Launching Executing test in D__Software Testing Projects_Linkedin Automation Framework By Using Appium_Linkedin_Automation_Framework] INFO  o.eclipse.m2e.core.internal.Bundles - 	Entry: C:\Users\hp5cd\.p2\pool\plugins\org.eclipse.m2e.maven.runtime_3.9.900.20240824-1409\jars\httpcore-4.4.16.jar
2025-05-01 14:58:40,286 [Worker-6: Launching Executing test in D__Software Testing Projects_Linkedin Automation Framework By Using Appium_Linkedin_Automation_Framework] INFO  o.eclipse.m2e.core.internal.Bundles - 	Entry: C:\Users\hp5cd\.p2\pool\plugins\org.eclipse.m2e.maven.runtime_3.9.900.20240824-1409\jars\jansi-2.4.1.jar
2025-05-01 14:58:40,286 [Worker-6: Launching Executing test in D__Software Testing Projects_Linkedin Automation Framework By Using Appium_Linkedin_Automation_Framework] INFO  o.eclipse.m2e.core.internal.Bundles - 	Entry: C:\Users\hp5cd\.p2\pool\plugins\org.eclipse.m2e.maven.runtime_3.9.900.20240824-1409\jars\jcl-over-slf4j-1.7.36.jar
2025-05-01 14:58:40,287 [Worker-6: Launching Executing test in D__Software Testing Projects_Linkedin Automation Framework By Using Appium_Linkedin_Automation_Framework] INFO  o.eclipse.m2e.core.internal.Bundles - 	Entry: C:\Users\hp5cd\.p2\pool\plugins\org.eclipse.m2e.maven.runtime_3.9.900.20240824-1409\jars\maven-artifact-3.9.9.jar
2025-05-01 14:58:40,287 [Worker-6: Launching Executing test in D__Software Testing Projects_Linkedin Automation Framework By Using Appium_Linkedin_Automation_Framework] INFO  o.eclipse.m2e.core.internal.Bundles - 	Entry: C:\Users\hp5cd\.p2\pool\plugins\org.eclipse.m2e.maven.runtime_3.9.900.20240824-1409\jars\maven-builder-support-3.9.9.jar
2025-05-01 14:58:40,288 [Worker-6: Launching Executing test in D__Software Testing Projects_Linkedin Automation Framework By Using Appium_Linkedin_Automation_Framework] INFO  o.eclipse.m2e.core.internal.Bundles - 	Entry: C:\Users\hp5cd\.p2\pool\plugins\org.eclipse.m2e.maven.runtime_3.9.900.20240824-1409\jars\maven-compat-3.9.9.jar
2025-05-01 14:58:40,288 [Worker-6: Launching Executing test in D__Software Testing Projects_Linkedin Automation Framework By Using Appium_Linkedin_Automation_Framework] INFO  o.eclipse.m2e.core.internal.Bundles - 	Entry: C:\Users\hp5cd\.p2\pool\plugins\org.eclipse.m2e.maven.runtime_3.9.900.20240824-1409\jars\maven-core-3.9.9.jar
2025-05-01 14:58:40,288 [Worker-6: Launching Executing test in D__Software Testing Projects_Linkedin Automation Framework By Using Appium_Linkedin_Automation_Framework] INFO  o.eclipse.m2e.core.internal.Bundles - 	Entry: C:\Users\hp5cd\.p2\pool\plugins\org.eclipse.m2e.maven.runtime_3.9.900.20240824-1409\jars\maven-embedder-3.9.9.jar
2025-05-01 14:58:40,289 [Worker-6: Launching Executing test in D__Software Testing Projects_Linkedin Automation Framework By Using Appium_Linkedin_Automation_Framework] INFO  o.eclipse.m2e.core.internal.Bundles - 	Entry: C:\Users\hp5cd\.p2\pool\plugins\org.eclipse.m2e.maven.runtime_3.9.900.20240824-1409\jars\maven-model-3.9.9.jar
2025-05-01 14:58:40,289 [Worker-6: Launching Executing test in D__Software Testing Projects_Linkedin Automation Framework By Using Appium_Linkedin_Automation_Framework] INFO  o.eclipse.m2e.core.internal.Bundles - 	Entry: C:\Users\hp5cd\.p2\pool\plugins\org.eclipse.m2e.maven.runtime_3.9.900.20240824-1409\jars\maven-model-builder-3.9.9.jar
2025-05-01 14:58:40,289 [Worker-6: Launching Executing test in D__Software Testing Projects_Linkedin Automation Framework By Using Appium_Linkedin_Automation_Framework] INFO  o.eclipse.m2e.core.internal.Bundles - 	Entry: C:\Users\hp5cd\.p2\pool\plugins\org.eclipse.m2e.maven.runtime_3.9.900.20240824-1409\jars\maven-plugin-api-3.9.9.jar
2025-05-01 14:58:40,289 [Worker-6: Launching Executing test in D__Software Testing Projects_Linkedin Automation Framework By Using Appium_Linkedin_Automation_Framework] INFO  o.eclipse.m2e.core.internal.Bundles - 	Entry: C:\Users\hp5cd\.p2\pool\plugins\org.eclipse.m2e.maven.runtime_3.9.900.20240824-1409\jars\maven-repository-metadata-3.9.9.jar
2025-05-01 14:58:40,289 [Worker-6: Launching Executing test in D__Software Testing Projects_Linkedin Automation Framework By Using Appium_Linkedin_Automation_Framework] INFO  o.eclipse.m2e.core.internal.Bundles - 	Entry: C:\Users\hp5cd\.p2\pool\plugins\org.eclipse.m2e.maven.runtime_3.9.900.20240824-1409\jars\maven-resolver-api-1.9.22.jar
2025-05-01 14:58:40,291 [Worker-6: Launching Executing test in D__Software Testing Projects_Linkedin Automation Framework By Using Appium_Linkedin_Automation_Framework] INFO  o.eclipse.m2e.core.internal.Bundles - 	Entry: C:\Users\hp5cd\.p2\pool\plugins\org.eclipse.m2e.maven.runtime_3.9.900.20240824-1409\jars\maven-resolver-connector-basic-1.9.22.jar
2025-05-01 14:58:40,291 [Worker-6: Launching Executing test in D__Software Testing Projects_Linkedin Automation Framework By Using Appium_Linkedin_Automation_Framework] INFO  o.eclipse.m2e.core.internal.Bundles - 	Entry: C:\Users\hp5cd\.p2\pool\plugins\org.eclipse.m2e.maven.runtime_3.9.900.20240824-1409\jars\maven-resolver-impl-1.9.22.jar
2025-05-01 14:58:40,291 [Worker-6: Launching Executing test in D__Software Testing Projects_Linkedin Automation Framework By Using Appium_Linkedin_Automation_Framework] INFO  o.eclipse.m2e.core.internal.Bundles - 	Entry: C:\Users\hp5cd\.p2\pool\plugins\org.eclipse.m2e.maven.runtime_3.9.900.20240824-1409\jars\maven-resolver-named-locks-1.9.22.jar
2025-05-01 14:58:40,291 [Worker-6: Launching Executing test in D__Software Testing Projects_Linkedin Automation Framework By Using Appium_Linkedin_Automation_Framework] INFO  o.eclipse.m2e.core.internal.Bundles - 	Entry: C:\Users\hp5cd\.p2\pool\plugins\org.eclipse.m2e.maven.runtime_3.9.900.20240824-1409\jars\maven-resolver-provider-3.9.9.jar
2025-05-01 14:58:40,291 [Worker-6: Launching Executing test in D__Software Testing Projects_Linkedin Automation Framework By Using Appium_Linkedin_Automation_Framework] INFO  o.eclipse.m2e.core.internal.Bundles - 	Entry: C:\Users\hp5cd\.p2\pool\plugins\org.eclipse.m2e.maven.runtime_3.9.900.20240824-1409\jars\maven-resolver-spi-1.9.22.jar
2025-05-01 14:58:40,292 [Worker-6: Launching Executing test in D__Software Testing Projects_Linkedin Automation Framework By Using Appium_Linkedin_Automation_Framework] INFO  o.eclipse.m2e.core.internal.Bundles - 	Entry: C:\Users\hp5cd\.p2\pool\plugins\org.eclipse.m2e.maven.runtime_3.9.900.20240824-1409\jars\maven-resolver-transport-file-1.9.22.jar
2025-05-01 14:58:40,293 [Worker-6: Launching Executing test in D__Software Testing Projects_Linkedin Automation Framework By Using Appium_Linkedin_Automation_Framework] INFO  o.eclipse.m2e.core.internal.Bundles - 	Entry: C:\Users\hp5cd\.p2\pool\plugins\org.eclipse.m2e.maven.runtime_3.9.900.20240824-1409\jars\maven-resolver-transport-http-1.9.22.jar
2025-05-01 14:58:40,293 [Worker-6: Launching Executing test in D__Software Testing Projects_Linkedin Automation Framework By Using Appium_Linkedin_Automation_Framework] INFO  o.eclipse.m2e.core.internal.Bundles - 	Entry: C:\Users\hp5cd\.p2\pool\plugins\org.eclipse.m2e.maven.runtime_3.9.900.20240824-1409\jars\maven-resolver-transport-wagon-1.9.22.jar
2025-05-01 14:58:40,293 [Worker-6: Launching Executing test in D__Software Testing Projects_Linkedin Automation Framework By Using Appium_Linkedin_Automation_Framework] INFO  o.eclipse.m2e.core.internal.Bundles - 	Entry: C:\Users\hp5cd\.p2\pool\plugins\org.eclipse.m2e.maven.runtime_3.9.900.20240824-1409\jars\maven-resolver-util-1.9.22.jar
2025-05-01 14:58:40,293 [Worker-6: Launching Executing test in D__Software Testing Projects_Linkedin Automation Framework By Using Appium_Linkedin_Automation_Framework] INFO  o.eclipse.m2e.core.internal.Bundles - 	Entry: C:\Users\hp5cd\.p2\pool\plugins\org.eclipse.m2e.maven.runtime_3.9.900.20240824-1409\jars\maven-settings-3.9.9.jar
2025-05-01 14:58:40,293 [Worker-6: Launching Executing test in D__Software Testing Projects_Linkedin Automation Framework By Using Appium_Linkedin_Automation_Framework] INFO  o.eclipse.m2e.core.internal.Bundles - 	Entry: C:\Users\hp5cd\.p2\pool\plugins\org.eclipse.m2e.maven.runtime_3.9.900.20240824-1409\jars\maven-settings-builder-3.9.9.jar
2025-05-01 14:58:40,293 [Worker-6: Launching Executing test in D__Software Testing Projects_Linkedin Automation Framework By Using Appium_Linkedin_Automation_Framework] INFO  o.eclipse.m2e.core.internal.Bundles - 	Entry: C:\Users\hp5cd\.p2\pool\plugins\org.eclipse.m2e.maven.runtime_3.9.900.20240824-1409\jars\maven-shared-utils-3.4.2.jar
2025-05-01 14:58:40,294 [Worker-6: Launching Executing test in D__Software Testing Projects_Linkedin Automation Framework By Using Appium_Linkedin_Automation_Framework] INFO  o.eclipse.m2e.core.internal.Bundles - 	Entry: C:\Users\hp5cd\.p2\pool\plugins\org.eclipse.m2e.maven.runtime_3.9.900.20240824-1409\jars\org.eclipse.sisu.inject-0.9.0.M3.jar
2025-05-01 14:58:40,294 [Worker-6: Launching Executing test in D__Software Testing Projects_Linkedin Automation Framework By Using Appium_Linkedin_Automation_Framework] INFO  o.eclipse.m2e.core.internal.Bundles - 	Entry: C:\Users\hp5cd\.p2\pool\plugins\org.eclipse.m2e.maven.runtime_3.9.900.20240824-1409\jars\org.eclipse.sisu.plexus-0.9.0.M3.jar
2025-05-01 14:58:40,294 [Worker-6: Launching Executing test in D__Software Testing Projects_Linkedin Automation Framework By Using Appium_Linkedin_Automation_Framework] INFO  o.eclipse.m2e.core.internal.Bundles - 	Entry: C:\Users\hp5cd\.p2\pool\plugins\org.eclipse.m2e.maven.runtime_3.9.900.20240824-1409\jars\plexus-build-api-0.0.7.jar
2025-05-01 14:58:40,294 [Worker-6: Launching Executing test in D__Software Testing Projects_Linkedin Automation Framework By Using Appium_Linkedin_Automation_Framework] INFO  o.eclipse.m2e.core.internal.Bundles - 	Entry: C:\Users\hp5cd\.p2\pool\plugins\org.eclipse.m2e.maven.runtime_3.9.900.20240824-1409\jars\plexus-build-api-1.2.0.jar
2025-05-01 14:58:40,294 [Worker-6: Launching Executing test in D__Software Testing Projects_Linkedin Automation Framework By Using Appium_Linkedin_Automation_Framework] INFO  o.eclipse.m2e.core.internal.Bundles - 	Entry: C:\Users\hp5cd\.p2\pool\plugins\org.eclipse.m2e.maven.runtime_3.9.900.20240824-1409\jars\plexus-cipher-2.0.jar
2025-05-01 14:58:40,294 [Worker-6: Launching Executing test in D__Software Testing Projects_Linkedin Automation Framework By Using Appium_Linkedin_Automation_Framework] INFO  o.eclipse.m2e.core.internal.Bundles - 	Entry: C:\Users\hp5cd\.p2\pool\plugins\org.eclipse.m2e.maven.runtime_3.9.900.20240824-1409\jars\plexus-classworlds-2.8.0.jar
2025-05-01 14:58:40,294 [Worker-6: Launching Executing test in D__Software Testing Projects_Linkedin Automation Framework By Using Appium_Linkedin_Automation_Framework] INFO  o.eclipse.m2e.core.internal.Bundles - 	Entry: C:\Users\hp5cd\.p2\pool\plugins\org.eclipse.m2e.maven.runtime_3.9.900.20240824-1409\jars\plexus-component-annotations-2.1.0.jar
2025-05-01 14:58:40,295 [Worker-6: Launching Executing test in D__Software Testing Projects_Linkedin Automation Framework By Using Appium_Linkedin_Automation_Framework] INFO  o.eclipse.m2e.core.internal.Bundles - 	Entry: C:\Users\hp5cd\.p2\pool\plugins\org.eclipse.m2e.maven.runtime_3.9.900.20240824-1409\jars\plexus-interpolation-1.27.jar
2025-05-01 14:58:40,295 [Worker-6: Launching Executing test in D__Software Testing Projects_Linkedin Automation Framework By Using Appium_Linkedin_Automation_Framework] INFO  o.eclipse.m2e.core.internal.Bundles - 	Entry: C:\Users\hp5cd\.p2\pool\plugins\org.eclipse.m2e.maven.runtime_3.9.900.20240824-1409\jars\plexus-sec-dispatcher-2.0.jar
2025-05-01 14:58:40,295 [Worker-6: Launching Executing test in D__Software Testing Projects_Linkedin Automation Framework By Using Appium_Linkedin_Automation_Framework] INFO  o.eclipse.m2e.core.internal.Bundles - 	Entry: C:\Users\hp5cd\.p2\pool\plugins\org.eclipse.m2e.maven.runtime_3.9.900.20240824-1409\jars\plexus-utils-3.5.1.jar
2025-05-01 14:58:40,295 [Worker-6: Launching Executing test in D__Software Testing Projects_Linkedin Automation Framework By Using Appium_Linkedin_Automation_Framework] INFO  o.eclipse.m2e.core.internal.Bundles - 	Entry: C:\Users\hp5cd\.p2\pool\plugins\org.eclipse.m2e.maven.runtime_3.9.900.20240824-1409\jars\plexus-xml-3.0.1.jar
2025-05-01 14:58:40,295 [Worker-6: Launching Executing test in D__Software Testing Projects_Linkedin Automation Framework By Using Appium_Linkedin_Automation_Framework] INFO  o.eclipse.m2e.core.internal.Bundles - 	Entry: C:\Users\hp5cd\.p2\pool\plugins\org.eclipse.m2e.maven.runtime_3.9.900.20240824-1409\jars\wagon-file-3.5.3.jar
2025-05-01 14:58:40,295 [Worker-6: Launching Executing test in D__Software Testing Projects_Linkedin Automation Framework By Using Appium_Linkedin_Automation_Framework] INFO  o.eclipse.m2e.core.internal.Bundles - 	Entry: C:\Users\hp5cd\.p2\pool\plugins\org.eclipse.m2e.maven.runtime_3.9.900.20240824-1409\jars\wagon-http-3.5.3.jar
2025-05-01 14:58:40,295 [Worker-6: Launching Executing test in D__Software Testing Projects_Linkedin Automation Framework By Using Appium_Linkedin_Automation_Framework] INFO  o.eclipse.m2e.core.internal.Bundles - 	Entry: C:\Users\hp5cd\.p2\pool\plugins\org.eclipse.m2e.maven.runtime_3.9.900.20240824-1409\jars\wagon-http-shared-3.5.3.jar
2025-05-01 14:58:40,295 [Worker-6: Launching Executing test in D__Software Testing Projects_Linkedin Automation Framework By Using Appium_Linkedin_Automation_Framework] INFO  o.eclipse.m2e.core.internal.Bundles - 	Entry: C:\Users\hp5cd\.p2\pool\plugins\org.eclipse.m2e.maven.runtime_3.9.900.20240824-1409\jars\wagon-provider-api-3.5.3.jar
2025-05-01 14:58:40,296 [Worker-6: Launching Executing test in D__Software Testing Projects_Linkedin Automation Framework By Using Appium_Linkedin_Automation_Framework] INFO  o.eclipse.m2e.core.internal.Bundles - getClasspathEntries(Bundle=com.google.guava_33.3.1.jre [10])
2025-05-01 14:58:40,296 [Worker-6: Launching Executing test in D__Software Testing Projects_Linkedin Automation Framework By Using Appium_Linkedin_Automation_Framework] INFO  o.eclipse.m2e.core.internal.Bundles - 	Entry: C:\Users\hp5cd\.p2\pool\plugins\com.google.guava_33.3.1.jre.jar
2025-05-01 14:58:40,296 [Worker-6: Launching Executing test in D__Software Testing Projects_Linkedin Automation Framework By Using Appium_Linkedin_Automation_Framework] INFO  o.eclipse.m2e.core.internal.Bundles - getClasspathEntries(Bundle=slf4j.api_2.0.17 [571])
2025-05-01 14:58:40,296 [Worker-6: Launching Executing test in D__Software Testing Projects_Linkedin Automation Framework By Using Appium_Linkedin_Automation_Framework] INFO  o.eclipse.m2e.core.internal.Bundles - 	Entry: C:\Users\hp5cd\.p2\pool\plugins\slf4j.api_2.0.17.jar
2025-05-01 14:58:40,296 [Worker-6: Launching Executing test in D__Software Testing Projects_Linkedin Automation Framework By Using Appium_Linkedin_Automation_Framework] INFO  o.eclipse.m2e.core.internal.Bundles - getClasspathEntries(Bundle=jakarta.inject.jakarta.inject-api_1.0.5 [22])
2025-05-01 14:58:40,297 [Worker-6: Launching Executing test in D__Software Testing Projects_Linkedin Automation Framework By Using Appium_Linkedin_Automation_Framework] INFO  o.eclipse.m2e.core.internal.Bundles - 	Entry: C:\Users\hp5cd\.p2\pool\plugins\jakarta.inject.jakarta.inject-api_1.0.5.jar
2025-05-01 14:58:40,297 [Worker-6: Launching Executing test in D__Software Testing Projects_Linkedin Automation Framework By Using Appium_Linkedin_Automation_Framework] INFO  o.eclipse.m2e.core.internal.Bundles - getClasspathEntries(Bundle=jakarta.annotation-api_1.3.5 [20])
2025-05-01 14:58:40,297 [Worker-6: Launching Executing test in D__Software Testing Projects_Linkedin Automation Framework By Using Appium_Linkedin_Automation_Framework] INFO  o.eclipse.m2e.core.internal.Bundles - 	Entry: C:\Users\hp5cd\.p2\pool\plugins\jakarta.annotation-api_1.3.5.jar
2025-05-01 14:58:40,297 [Worker-6: Launching Executing test in D__Software Testing Projects_Linkedin Automation Framework By Using Appium_Linkedin_Automation_Framework] INFO  o.eclipse.m2e.core.internal.Bundles - getClasspathEntries(Bundle=org.apache.commons.cli_1.9.0 [47])
2025-05-01 14:58:40,297 [Worker-6: Launching Executing test in D__Software Testing Projects_Linkedin Automation Framework By Using Appium_Linkedin_Automation_Framework] INFO  o.eclipse.m2e.core.internal.Bundles - 	Entry: C:\Users\hp5cd\.p2\pool\plugins\org.apache.commons.cli_1.9.0.jar
2025-05-01 14:58:40,297 [Worker-6: Launching Executing test in D__Software Testing Projects_Linkedin Automation Framework By Using Appium_Linkedin_Automation_Framework] INFO  o.eclipse.m2e.core.internal.Bundles - getClasspathEntries(Bundle=org.apache.commons.commons-codec_1.16.0 [50])
2025-05-01 14:58:40,297 [Worker-6: Launching Executing test in D__Software Testing Projects_Linkedin Automation Framework By Using Appium_Linkedin_Automation_Framework] INFO  o.eclipse.m2e.core.internal.Bundles - 	Entry: C:\Users\hp5cd\.p2\pool\plugins\org.apache.commons.commons-codec_1.16.0.jar
2025-05-01 14:58:40,299 [Worker-6: Launching Executing test in D__Software Testing Projects_Linkedin Automation Framework By Using Appium_Linkedin_Automation_Framework] INFO  o.eclipse.m2e.core.internal.Bundles - getClasspathEntries(Bundle=com.google.guava.failureaccess_1.0.2 [11])
2025-05-01 14:58:40,299 [Worker-6: Launching Executing test in D__Software Testing Projects_Linkedin Automation Framework By Using Appium_Linkedin_Automation_Framework] INFO  o.eclipse.m2e.core.internal.Bundles - 	Entry: C:\Users\hp5cd\.p2\pool\plugins\com.google.guava.failureaccess_1.0.2.jar
2025-05-01 14:58:40,301 [Worker-6: Launching Executing test in D__Software Testing Projects_Linkedin Automation Framework By Using Appium_Linkedin_Automation_Framework] INFO  o.e.m.i.launch.MavenLaunchDelegate - Run build in "D:\Software Testing Projects\Linkedin Automation Framework By Using Appium\Linkedin_Automation_Framework":
2025-05-01 14:58:40,301 [Worker-6: Launching Executing test in D__Software Testing Projects_Linkedin Automation Framework By Using Appium_Linkedin_Automation_Framework] INFO  o.e.m.i.launch.MavenLaunchDelegate -  mvn  -B -Dstyle.color=always test
2025-05-01 14:59:25,834 [Worker-43: Building] WARN  o.a.m.s.f.DefaultMavenResourcesFiltering - Using platform encoding (UTF-8 actually) to copy filtered resources, i.e. build is platform dependent!
2025-05-01 14:59:25,835 [Worker-43: Building] INFO  o.a.m.s.f.DefaultMavenResourcesFiltering - Copying 0 resource from src\main\resources to target\classes
2025-05-01 14:59:25,837 [Worker-43: Building] WARN  o.a.m.s.f.DefaultMavenResourcesFiltering - Using platform encoding (UTF-8 actually) to copy filtered resources, i.e. build is platform dependent!
2025-05-01 14:59:25,838 [Worker-43: Building] INFO  o.a.m.s.f.DefaultMavenResourcesFiltering - Copying 0 resource from src\test\resources to target\test-classes
2025-05-01 14:59:34,282 [Worker-44: Launching Executing test in D__Software Testing Projects_Linkedin Automation Framework By Using Appium_Linkedin_Automation_Framework] INFO  o.eclipse.m2e.core.internal.Bundles - getClasspathEntries(Bundle=org.eclipse.m2e.maven.runtime_3.9.900.20240824-1409 [298])
2025-05-01 14:59:34,283 [Worker-44: Launching Executing test in D__Software Testing Projects_Linkedin Automation Framework By Using Appium_Linkedin_Automation_Framework] INFO  o.eclipse.m2e.core.internal.Bundles - 	Entry: C:\Users\hp5cd\.p2\pool\plugins\org.eclipse.m2e.maven.runtime_3.9.900.20240824-1409
2025-05-01 14:59:34,283 [Worker-44: Launching Executing test in D__Software Testing Projects_Linkedin Automation Framework By Using Appium_Linkedin_Automation_Framework] INFO  o.eclipse.m2e.core.internal.Bundles - 	Entry: C:\Users\hp5cd\.p2\pool\plugins\org.eclipse.m2e.maven.runtime_3.9.900.20240824-1409\jars\aopalliance-1.0.jar
2025-05-01 14:59:34,283 [Worker-44: Launching Executing test in D__Software Testing Projects_Linkedin Automation Framework By Using Appium_Linkedin_Automation_Framework] INFO  o.eclipse.m2e.core.internal.Bundles - 	Entry: C:\Users\hp5cd\.p2\pool\plugins\org.eclipse.m2e.maven.runtime_3.9.900.20240824-1409\jars\guice-5.1.0.jar
2025-05-01 14:59:34,283 [Worker-44: Launching Executing test in D__Software Testing Projects_Linkedin Automation Framework By Using Appium_Linkedin_Automation_Framework] INFO  o.eclipse.m2e.core.internal.Bundles - 	Entry: C:\Users\hp5cd\.p2\pool\plugins\org.eclipse.m2e.maven.runtime_3.9.900.20240824-1409\jars\httpclient-4.5.14.jar
2025-05-01 14:59:34,283 [Worker-44: Launching Executing test in D__Software Testing Projects_Linkedin Automation Framework By Using Appium_Linkedin_Automation_Framework] INFO  o.eclipse.m2e.core.internal.Bundles - 	Entry: C:\Users\hp5cd\.p2\pool\plugins\org.eclipse.m2e.maven.runtime_3.9.900.20240824-1409\jars\httpcore-4.4.16.jar
2025-05-01 14:59:34,283 [Worker-44: Launching Executing test in D__Software Testing Projects_Linkedin Automation Framework By Using Appium_Linkedin_Automation_Framework] INFO  o.eclipse.m2e.core.internal.Bundles - 	Entry: C:\Users\hp5cd\.p2\pool\plugins\org.eclipse.m2e.maven.runtime_3.9.900.20240824-1409\jars\jansi-2.4.1.jar
2025-05-01 14:59:34,283 [Worker-44: Launching Executing test in D__Software Testing Projects_Linkedin Automation Framework By Using Appium_Linkedin_Automation_Framework] INFO  o.eclipse.m2e.core.internal.Bundles - 	Entry: C:\Users\hp5cd\.p2\pool\plugins\org.eclipse.m2e.maven.runtime_3.9.900.20240824-1409\jars\jcl-over-slf4j-1.7.36.jar
2025-05-01 14:59:34,283 [Worker-44: Launching Executing test in D__Software Testing Projects_Linkedin Automation Framework By Using Appium_Linkedin_Automation_Framework] INFO  o.eclipse.m2e.core.internal.Bundles - 	Entry: C:\Users\hp5cd\.p2\pool\plugins\org.eclipse.m2e.maven.runtime_3.9.900.20240824-1409\jars\maven-artifact-3.9.9.jar
2025-05-01 14:59:34,283 [Worker-44: Launching Executing test in D__Software Testing Projects_Linkedin Automation Framework By Using Appium_Linkedin_Automation_Framework] INFO  o.eclipse.m2e.core.internal.Bundles - 	Entry: C:\Users\hp5cd\.p2\pool\plugins\org.eclipse.m2e.maven.runtime_3.9.900.20240824-1409\jars\maven-builder-support-3.9.9.jar
2025-05-01 14:59:34,284 [Worker-44: Launching Executing test in D__Software Testing Projects_Linkedin Automation Framework By Using Appium_Linkedin_Automation_Framework] INFO  o.eclipse.m2e.core.internal.Bundles - 	Entry: C:\Users\hp5cd\.p2\pool\plugins\org.eclipse.m2e.maven.runtime_3.9.900.20240824-1409\jars\maven-compat-3.9.9.jar
2025-05-01 14:59:34,284 [Worker-44: Launching Executing test in D__Software Testing Projects_Linkedin Automation Framework By Using Appium_Linkedin_Automation_Framework] INFO  o.eclipse.m2e.core.internal.Bundles - 	Entry: C:\Users\hp5cd\.p2\pool\plugins\org.eclipse.m2e.maven.runtime_3.9.900.20240824-1409\jars\maven-core-3.9.9.jar
2025-05-01 14:59:34,284 [Worker-44: Launching Executing test in D__Software Testing Projects_Linkedin Automation Framework By Using Appium_Linkedin_Automation_Framework] INFO  o.eclipse.m2e.core.internal.Bundles - 	Entry: C:\Users\hp5cd\.p2\pool\plugins\org.eclipse.m2e.maven.runtime_3.9.900.20240824-1409\jars\maven-embedder-3.9.9.jar
2025-05-01 14:59:34,285 [Worker-44: Launching Executing test in D__Software Testing Projects_Linkedin Automation Framework By Using Appium_Linkedin_Automation_Framework] INFO  o.eclipse.m2e.core.internal.Bundles - 	Entry: C:\Users\hp5cd\.p2\pool\plugins\org.eclipse.m2e.maven.runtime_3.9.900.20240824-1409\jars\maven-model-3.9.9.jar
2025-05-01 14:59:34,285 [Worker-44: Launching Executing test in D__Software Testing Projects_Linkedin Automation Framework By Using Appium_Linkedin_Automation_Framework] INFO  o.eclipse.m2e.core.internal.Bundles - 	Entry: C:\Users\hp5cd\.p2\pool\plugins\org.eclipse.m2e.maven.runtime_3.9.900.20240824-1409\jars\maven-model-builder-3.9.9.jar
2025-05-01 14:59:34,285 [Worker-44: Launching Executing test in D__Software Testing Projects_Linkedin Automation Framework By Using Appium_Linkedin_Automation_Framework] INFO  o.eclipse.m2e.core.internal.Bundles - 	Entry: C:\Users\hp5cd\.p2\pool\plugins\org.eclipse.m2e.maven.runtime_3.9.900.20240824-1409\jars\maven-plugin-api-3.9.9.jar
2025-05-01 14:59:34,285 [Worker-44: Launching Executing test in D__Software Testing Projects_Linkedin Automation Framework By Using Appium_Linkedin_Automation_Framework] INFO  o.eclipse.m2e.core.internal.Bundles - 	Entry: C:\Users\hp5cd\.p2\pool\plugins\org.eclipse.m2e.maven.runtime_3.9.900.20240824-1409\jars\maven-repository-metadata-3.9.9.jar
2025-05-01 14:59:34,285 [Worker-44: Launching Executing test in D__Software Testing Projects_Linkedin Automation Framework By Using Appium_Linkedin_Automation_Framework] INFO  o.eclipse.m2e.core.internal.Bundles - 	Entry: C:\Users\hp5cd\.p2\pool\plugins\org.eclipse.m2e.maven.runtime_3.9.900.20240824-1409\jars\maven-resolver-api-1.9.22.jar
2025-05-01 14:59:34,286 [Worker-44: Launching Executing test in D__Software Testing Projects_Linkedin Automation Framework By Using Appium_Linkedin_Automation_Framework] INFO  o.eclipse.m2e.core.internal.Bundles - 	Entry: C:\Users\hp5cd\.p2\pool\plugins\org.eclipse.m2e.maven.runtime_3.9.900.20240824-1409\jars\maven-resolver-connector-basic-1.9.22.jar
2025-05-01 14:59:34,286 [Worker-44: Launching Executing test in D__Software Testing Projects_Linkedin Automation Framework By Using Appium_Linkedin_Automation_Framework] INFO  o.eclipse.m2e.core.internal.Bundles - 	Entry: C:\Users\hp5cd\.p2\pool\plugins\org.eclipse.m2e.maven.runtime_3.9.900.20240824-1409\jars\maven-resolver-impl-1.9.22.jar
2025-05-01 14:59:34,286 [Worker-44: Launching Executing test in D__Software Testing Projects_Linkedin Automation Framework By Using Appium_Linkedin_Automation_Framework] INFO  o.eclipse.m2e.core.internal.Bundles - 	Entry: C:\Users\hp5cd\.p2\pool\plugins\org.eclipse.m2e.maven.runtime_3.9.900.20240824-1409\jars\maven-resolver-named-locks-1.9.22.jar
2025-05-01 14:59:34,286 [Worker-44: Launching Executing test in D__Software Testing Projects_Linkedin Automation Framework By Using Appium_Linkedin_Automation_Framework] INFO  o.eclipse.m2e.core.internal.Bundles - 	Entry: C:\Users\hp5cd\.p2\pool\plugins\org.eclipse.m2e.maven.runtime_3.9.900.20240824-1409\jars\maven-resolver-provider-3.9.9.jar
2025-05-01 14:59:34,286 [Worker-44: Launching Executing test in D__Software Testing Projects_Linkedin Automation Framework By Using Appium_Linkedin_Automation_Framework] INFO  o.eclipse.m2e.core.internal.Bundles - 	Entry: C:\Users\hp5cd\.p2\pool\plugins\org.eclipse.m2e.maven.runtime_3.9.900.20240824-1409\jars\maven-resolver-spi-1.9.22.jar
2025-05-01 14:59:34,286 [Worker-44: Launching Executing test in D__Software Testing Projects_Linkedin Automation Framework By Using Appium_Linkedin_Automation_Framework] INFO  o.eclipse.m2e.core.internal.Bundles - 	Entry: C:\Users\hp5cd\.p2\pool\plugins\org.eclipse.m2e.maven.runtime_3.9.900.20240824-1409\jars\maven-resolver-transport-file-1.9.22.jar
2025-05-01 14:59:34,286 [Worker-44: Launching Executing test in D__Software Testing Projects_Linkedin Automation Framework By Using Appium_Linkedin_Automation_Framework] INFO  o.eclipse.m2e.core.internal.Bundles - 	Entry: C:\Users\hp5cd\.p2\pool\plugins\org.eclipse.m2e.maven.runtime_3.9.900.20240824-1409\jars\maven-resolver-transport-http-1.9.22.jar
2025-05-01 14:59:34,286 [Worker-44: Launching Executing test in D__Software Testing Projects_Linkedin Automation Framework By Using Appium_Linkedin_Automation_Framework] INFO  o.eclipse.m2e.core.internal.Bundles - 	Entry: C:\Users\hp5cd\.p2\pool\plugins\org.eclipse.m2e.maven.runtime_3.9.900.20240824-1409\jars\maven-resolver-transport-wagon-1.9.22.jar
2025-05-01 14:59:34,286 [Worker-44: Launching Executing test in D__Software Testing Projects_Linkedin Automation Framework By Using Appium_Linkedin_Automation_Framework] INFO  o.eclipse.m2e.core.internal.Bundles - 	Entry: C:\Users\hp5cd\.p2\pool\plugins\org.eclipse.m2e.maven.runtime_3.9.900.20240824-1409\jars\maven-resolver-util-1.9.22.jar
2025-05-01 14:59:34,287 [Worker-44: Launching Executing test in D__Software Testing Projects_Linkedin Automation Framework By Using Appium_Linkedin_Automation_Framework] INFO  o.eclipse.m2e.core.internal.Bundles - 	Entry: C:\Users\hp5cd\.p2\pool\plugins\org.eclipse.m2e.maven.runtime_3.9.900.20240824-1409\jars\maven-settings-3.9.9.jar
2025-05-01 14:59:34,287 [Worker-44: Launching Executing test in D__Software Testing Projects_Linkedin Automation Framework By Using Appium_Linkedin_Automation_Framework] INFO  o.eclipse.m2e.core.internal.Bundles - 	Entry: C:\Users\hp5cd\.p2\pool\plugins\org.eclipse.m2e.maven.runtime_3.9.900.20240824-1409\jars\maven-settings-builder-3.9.9.jar
2025-05-01 14:59:34,287 [Worker-44: Launching Executing test in D__Software Testing Projects_Linkedin Automation Framework By Using Appium_Linkedin_Automation_Framework] INFO  o.eclipse.m2e.core.internal.Bundles - 	Entry: C:\Users\hp5cd\.p2\pool\plugins\org.eclipse.m2e.maven.runtime_3.9.900.20240824-1409\jars\maven-shared-utils-3.4.2.jar
2025-05-01 14:59:34,287 [Worker-44: Launching Executing test in D__Software Testing Projects_Linkedin Automation Framework By Using Appium_Linkedin_Automation_Framework] INFO  o.eclipse.m2e.core.internal.Bundles - 	Entry: C:\Users\hp5cd\.p2\pool\plugins\org.eclipse.m2e.maven.runtime_3.9.900.20240824-1409\jars\org.eclipse.sisu.inject-0.9.0.M3.jar
2025-05-01 14:59:34,287 [Worker-44: Launching Executing test in D__Software Testing Projects_Linkedin Automation Framework By Using Appium_Linkedin_Automation_Framework] INFO  o.eclipse.m2e.core.internal.Bundles - 	Entry: C:\Users\hp5cd\.p2\pool\plugins\org.eclipse.m2e.maven.runtime_3.9.900.20240824-1409\jars\org.eclipse.sisu.plexus-0.9.0.M3.jar
2025-05-01 14:59:34,287 [Worker-44: Launching Executing test in D__Software Testing Projects_Linkedin Automation Framework By Using Appium_Linkedin_Automation_Framework] INFO  o.eclipse.m2e.core.internal.Bundles - 	Entry: C:\Users\hp5cd\.p2\pool\plugins\org.eclipse.m2e.maven.runtime_3.9.900.20240824-1409\jars\plexus-build-api-0.0.7.jar
2025-05-01 14:59:34,287 [Worker-44: Launching Executing test in D__Software Testing Projects_Linkedin Automation Framework By Using Appium_Linkedin_Automation_Framework] INFO  o.eclipse.m2e.core.internal.Bundles - 	Entry: C:\Users\hp5cd\.p2\pool\plugins\org.eclipse.m2e.maven.runtime_3.9.900.20240824-1409\jars\plexus-build-api-1.2.0.jar
2025-05-01 14:59:34,287 [Worker-44: Launching Executing test in D__Software Testing Projects_Linkedin Automation Framework By Using Appium_Linkedin_Automation_Framework] INFO  o.eclipse.m2e.core.internal.Bundles - 	Entry: C:\Users\hp5cd\.p2\pool\plugins\org.eclipse.m2e.maven.runtime_3.9.900.20240824-1409\jars\plexus-cipher-2.0.jar
2025-05-01 14:59:34,288 [Worker-44: Launching Executing test in D__Software Testing Projects_Linkedin Automation Framework By Using Appium_Linkedin_Automation_Framework] INFO  o.eclipse.m2e.core.internal.Bundles - 	Entry: C:\Users\hp5cd\.p2\pool\plugins\org.eclipse.m2e.maven.runtime_3.9.900.20240824-1409\jars\plexus-classworlds-2.8.0.jar
2025-05-01 14:59:34,288 [Worker-44: Launching Executing test in D__Software Testing Projects_Linkedin Automation Framework By Using Appium_Linkedin_Automation_Framework] INFO  o.eclipse.m2e.core.internal.Bundles - 	Entry: C:\Users\hp5cd\.p2\pool\plugins\org.eclipse.m2e.maven.runtime_3.9.900.20240824-1409\jars\plexus-component-annotations-2.1.0.jar
2025-05-01 14:59:34,288 [Worker-44: Launching Executing test in D__Software Testing Projects_Linkedin Automation Framework By Using Appium_Linkedin_Automation_Framework] INFO  o.eclipse.m2e.core.internal.Bundles - 	Entry: C:\Users\hp5cd\.p2\pool\plugins\org.eclipse.m2e.maven.runtime_3.9.900.20240824-1409\jars\plexus-interpolation-1.27.jar
2025-05-01 14:59:34,288 [Worker-44: Launching Executing test in D__Software Testing Projects_Linkedin Automation Framework By Using Appium_Linkedin_Automation_Framework] INFO  o.eclipse.m2e.core.internal.Bundles - 	Entry: C:\Users\hp5cd\.p2\pool\plugins\org.eclipse.m2e.maven.runtime_3.9.900.20240824-1409\jars\plexus-sec-dispatcher-2.0.jar
2025-05-01 14:59:34,288 [Worker-44: Launching Executing test in D__Software Testing Projects_Linkedin Automation Framework By Using Appium_Linkedin_Automation_Framework] INFO  o.eclipse.m2e.core.internal.Bundles - 	Entry: C:\Users\hp5cd\.p2\pool\plugins\org.eclipse.m2e.maven.runtime_3.9.900.20240824-1409\jars\plexus-utils-3.5.1.jar
2025-05-01 14:59:34,289 [Worker-44: Launching Executing test in D__Software Testing Projects_Linkedin Automation Framework By Using Appium_Linkedin_Automation_Framework] INFO  o.eclipse.m2e.core.internal.Bundles - 	Entry: C:\Users\hp5cd\.p2\pool\plugins\org.eclipse.m2e.maven.runtime_3.9.900.20240824-1409\jars\plexus-xml-3.0.1.jar
2025-05-01 14:59:34,289 [Worker-44: Launching Executing test in D__Software Testing Projects_Linkedin Automation Framework By Using Appium_Linkedin_Automation_Framework] INFO  o.eclipse.m2e.core.internal.Bundles - 	Entry: C:\Users\hp5cd\.p2\pool\plugins\org.eclipse.m2e.maven.runtime_3.9.900.20240824-1409\jars\wagon-file-3.5.3.jar
2025-05-01 14:59:34,289 [Worker-44: Launching Executing test in D__Software Testing Projects_Linkedin Automation Framework By Using Appium_Linkedin_Automation_Framework] INFO  o.eclipse.m2e.core.internal.Bundles - 	Entry: C:\Users\hp5cd\.p2\pool\plugins\org.eclipse.m2e.maven.runtime_3.9.900.20240824-1409\jars\wagon-http-3.5.3.jar
2025-05-01 14:59:34,289 [Worker-44: Launching Executing test in D__Software Testing Projects_Linkedin Automation Framework By Using Appium_Linkedin_Automation_Framework] INFO  o.eclipse.m2e.core.internal.Bundles - 	Entry: C:\Users\hp5cd\.p2\pool\plugins\org.eclipse.m2e.maven.runtime_3.9.900.20240824-1409\jars\wagon-http-shared-3.5.3.jar
2025-05-01 14:59:34,289 [Worker-44: Launching Executing test in D__Software Testing Projects_Linkedin Automation Framework By Using Appium_Linkedin_Automation_Framework] INFO  o.eclipse.m2e.core.internal.Bundles - 	Entry: C:\Users\hp5cd\.p2\pool\plugins\org.eclipse.m2e.maven.runtime_3.9.900.20240824-1409\jars\wagon-provider-api-3.5.3.jar
2025-05-01 14:59:34,289 [Worker-44: Launching Executing test in D__Software Testing Projects_Linkedin Automation Framework By Using Appium_Linkedin_Automation_Framework] INFO  o.eclipse.m2e.core.internal.Bundles - getClasspathEntries(Bundle=com.google.guava_33.3.1.jre [10])
2025-05-01 14:59:34,289 [Worker-44: Launching Executing test in D__Software Testing Projects_Linkedin Automation Framework By Using Appium_Linkedin_Automation_Framework] INFO  o.eclipse.m2e.core.internal.Bundles - 	Entry: C:\Users\hp5cd\.p2\pool\plugins\com.google.guava_33.3.1.jre.jar
2025-05-01 14:59:34,289 [Worker-44: Launching Executing test in D__Software Testing Projects_Linkedin Automation Framework By Using Appium_Linkedin_Automation_Framework] INFO  o.eclipse.m2e.core.internal.Bundles - getClasspathEntries(Bundle=slf4j.api_2.0.17 [571])
2025-05-01 14:59:34,290 [Worker-44: Launching Executing test in D__Software Testing Projects_Linkedin Automation Framework By Using Appium_Linkedin_Automation_Framework] INFO  o.eclipse.m2e.core.internal.Bundles - 	Entry: C:\Users\hp5cd\.p2\pool\plugins\slf4j.api_2.0.17.jar
2025-05-01 14:59:34,290 [Worker-44: Launching Executing test in D__Software Testing Projects_Linkedin Automation Framework By Using Appium_Linkedin_Automation_Framework] INFO  o.eclipse.m2e.core.internal.Bundles - getClasspathEntries(Bundle=jakarta.inject.jakarta.inject-api_1.0.5 [22])
2025-05-01 14:59:34,290 [Worker-44: Launching Executing test in D__Software Testing Projects_Linkedin Automation Framework By Using Appium_Linkedin_Automation_Framework] INFO  o.eclipse.m2e.core.internal.Bundles - 	Entry: C:\Users\hp5cd\.p2\pool\plugins\jakarta.inject.jakarta.inject-api_1.0.5.jar
2025-05-01 14:59:34,290 [Worker-44: Launching Executing test in D__Software Testing Projects_Linkedin Automation Framework By Using Appium_Linkedin_Automation_Framework] INFO  o.eclipse.m2e.core.internal.Bundles - getClasspathEntries(Bundle=jakarta.annotation-api_1.3.5 [20])
2025-05-01 14:59:34,290 [Worker-44: Launching Executing test in D__Software Testing Projects_Linkedin Automation Framework By Using Appium_Linkedin_Automation_Framework] INFO  o.eclipse.m2e.core.internal.Bundles - 	Entry: C:\Users\hp5cd\.p2\pool\plugins\jakarta.annotation-api_1.3.5.jar
2025-05-01 14:59:34,290 [Worker-44: Launching Executing test in D__Software Testing Projects_Linkedin Automation Framework By Using Appium_Linkedin_Automation_Framework] INFO  o.eclipse.m2e.core.internal.Bundles - getClasspathEntries(Bundle=org.apache.commons.cli_1.9.0 [47])
2025-05-01 14:59:34,290 [Worker-44: Launching Executing test in D__Software Testing Projects_Linkedin Automation Framework By Using Appium_Linkedin_Automation_Framework] INFO  o.eclipse.m2e.core.internal.Bundles - 	Entry: C:\Users\hp5cd\.p2\pool\plugins\org.apache.commons.cli_1.9.0.jar
2025-05-01 14:59:34,291 [Worker-44: Launching Executing test in D__Software Testing Projects_Linkedin Automation Framework By Using Appium_Linkedin_Automation_Framework] INFO  o.eclipse.m2e.core.internal.Bundles - getClasspathEntries(Bundle=org.apache.commons.commons-codec_1.16.0 [50])
2025-05-01 14:59:34,291 [Worker-44: Launching Executing test in D__Software Testing Projects_Linkedin Automation Framework By Using Appium_Linkedin_Automation_Framework] INFO  o.eclipse.m2e.core.internal.Bundles - 	Entry: C:\Users\hp5cd\.p2\pool\plugins\org.apache.commons.commons-codec_1.16.0.jar
2025-05-01 14:59:34,291 [Worker-44: Launching Executing test in D__Software Testing Projects_Linkedin Automation Framework By Using Appium_Linkedin_Automation_Framework] INFO  o.eclipse.m2e.core.internal.Bundles - getClasspathEntries(Bundle=com.google.guava.failureaccess_1.0.2 [11])
2025-05-01 14:59:34,291 [Worker-44: Launching Executing test in D__Software Testing Projects_Linkedin Automation Framework By Using Appium_Linkedin_Automation_Framework] INFO  o.eclipse.m2e.core.internal.Bundles - 	Entry: C:\Users\hp5cd\.p2\pool\plugins\com.google.guava.failureaccess_1.0.2.jar
2025-05-01 14:59:34,291 [Worker-44: Launching Executing test in D__Software Testing Projects_Linkedin Automation Framework By Using Appium_Linkedin_Automation_Framework] INFO  o.e.m.i.launch.MavenLaunchDelegate - Run build in "D:\Software Testing Projects\Linkedin Automation Framework By Using Appium\Linkedin_Automation_Framework":
2025-05-01 14:59:34,291 [Worker-44: Launching Executing test in D__Software Testing Projects_Linkedin Automation Framework By Using Appium_Linkedin_Automation_Framework] INFO  o.e.m.i.launch.MavenLaunchDelegate -  mvn  -B -Dstyle.color=always test
2025-05-01 15:02:18,889 [Worker-6: Launching Executing test in D__Software Testing Projects_Linkedin Automation Framework By Using Appium_Linkedin_Automation_Framework] INFO  o.eclipse.m2e.core.internal.Bundles - getClasspathEntries(Bundle=org.eclipse.m2e.maven.runtime_3.9.900.20240824-1409 [298])
2025-05-01 15:02:18,889 [Worker-6: Launching Executing test in D__Software Testing Projects_Linkedin Automation Framework By Using Appium_Linkedin_Automation_Framework] INFO  o.eclipse.m2e.core.internal.Bundles - 	Entry: C:\Users\hp5cd\.p2\pool\plugins\org.eclipse.m2e.maven.runtime_3.9.900.20240824-1409
2025-05-01 15:02:18,889 [Worker-6: Launching Executing test in D__Software Testing Projects_Linkedin Automation Framework By Using Appium_Linkedin_Automation_Framework] INFO  o.eclipse.m2e.core.internal.Bundles - 	Entry: C:\Users\hp5cd\.p2\pool\plugins\org.eclipse.m2e.maven.runtime_3.9.900.20240824-1409\jars\aopalliance-1.0.jar
2025-05-01 15:02:18,889 [Worker-6: Launching Executing test in D__Software Testing Projects_Linkedin Automation Framework By Using Appium_Linkedin_Automation_Framework] INFO  o.eclipse.m2e.core.internal.Bundles - 	Entry: C:\Users\hp5cd\.p2\pool\plugins\org.eclipse.m2e.maven.runtime_3.9.900.20240824-1409\jars\guice-5.1.0.jar
2025-05-01 15:02:18,889 [Worker-6: Launching Executing test in D__Software Testing Projects_Linkedin Automation Framework By Using Appium_Linkedin_Automation_Framework] INFO  o.eclipse.m2e.core.internal.Bundles - 	Entry: C:\Users\hp5cd\.p2\pool\plugins\org.eclipse.m2e.maven.runtime_3.9.900.20240824-1409\jars\httpclient-4.5.14.jar
2025-05-01 15:02:18,890 [Worker-6: Launching Executing test in D__Software Testing Projects_Linkedin Automation Framework By Using Appium_Linkedin_Automation_Framework] INFO  o.eclipse.m2e.core.internal.Bundles - 	Entry: C:\Users\hp5cd\.p2\pool\plugins\org.eclipse.m2e.maven.runtime_3.9.900.20240824-1409\jars\httpcore-4.4.16.jar
2025-05-01 15:02:18,890 [Worker-6: Launching Executing test in D__Software Testing Projects_Linkedin Automation Framework By Using Appium_Linkedin_Automation_Framework] INFO  o.eclipse.m2e.core.internal.Bundles - 	Entry: C:\Users\hp5cd\.p2\pool\plugins\org.eclipse.m2e.maven.runtime_3.9.900.20240824-1409\jars\jansi-2.4.1.jar
2025-05-01 15:02:18,890 [Worker-6: Launching Executing test in D__Software Testing Projects_Linkedin Automation Framework By Using Appium_Linkedin_Automation_Framework] INFO  o.eclipse.m2e.core.internal.Bundles - 	Entry: C:\Users\hp5cd\.p2\pool\plugins\org.eclipse.m2e.maven.runtime_3.9.900.20240824-1409\jars\jcl-over-slf4j-1.7.36.jar
2025-05-01 15:02:18,890 [Worker-6: Launching Executing test in D__Software Testing Projects_Linkedin Automation Framework By Using Appium_Linkedin_Automation_Framework] INFO  o.eclipse.m2e.core.internal.Bundles - 	Entry: C:\Users\hp5cd\.p2\pool\plugins\org.eclipse.m2e.maven.runtime_3.9.900.20240824-1409\jars\maven-artifact-3.9.9.jar
2025-05-01 15:02:18,890 [Worker-6: Launching Executing test in D__Software Testing Projects_Linkedin Automation Framework By Using Appium_Linkedin_Automation_Framework] INFO  o.eclipse.m2e.core.internal.Bundles - 	Entry: C:\Users\hp5cd\.p2\pool\plugins\org.eclipse.m2e.maven.runtime_3.9.900.20240824-1409\jars\maven-builder-support-3.9.9.jar
2025-05-01 15:02:18,890 [Worker-6: Launching Executing test in D__Software Testing Projects_Linkedin Automation Framework By Using Appium_Linkedin_Automation_Framework] INFO  o.eclipse.m2e.core.internal.Bundles - 	Entry: C:\Users\hp5cd\.p2\pool\plugins\org.eclipse.m2e.maven.runtime_3.9.900.20240824-1409\jars\maven-compat-3.9.9.jar
2025-05-01 15:02:18,890 [Worker-6: Launching Executing test in D__Software Testing Projects_Linkedin Automation Framework By Using Appium_Linkedin_Automation_Framework] INFO  o.eclipse.m2e.core.internal.Bundles - 	Entry: C:\Users\hp5cd\.p2\pool\plugins\org.eclipse.m2e.maven.runtime_3.9.900.20240824-1409\jars\maven-core-3.9.9.jar
2025-05-01 15:02:18,890 [Worker-6: Launching Executing test in D__Software Testing Projects_Linkedin Automation Framework By Using Appium_Linkedin_Automation_Framework] INFO  o.eclipse.m2e.core.internal.Bundles - 	Entry: C:\Users\hp5cd\.p2\pool\plugins\org.eclipse.m2e.maven.runtime_3.9.900.20240824-1409\jars\maven-embedder-3.9.9.jar
2025-05-01 15:02:18,890 [Worker-6: Launching Executing test in D__Software Testing Projects_Linkedin Automation Framework By Using Appium_Linkedin_Automation_Framework] INFO  o.eclipse.m2e.core.internal.Bundles - 	Entry: C:\Users\hp5cd\.p2\pool\plugins\org.eclipse.m2e.maven.runtime_3.9.900.20240824-1409\jars\maven-model-3.9.9.jar
2025-05-01 15:02:18,890 [Worker-6: Launching Executing test in D__Software Testing Projects_Linkedin Automation Framework By Using Appium_Linkedin_Automation_Framework] INFO  o.eclipse.m2e.core.internal.Bundles - 	Entry: C:\Users\hp5cd\.p2\pool\plugins\org.eclipse.m2e.maven.runtime_3.9.900.20240824-1409\jars\maven-model-builder-3.9.9.jar
2025-05-01 15:02:18,891 [Worker-6: Launching Executing test in D__Software Testing Projects_Linkedin Automation Framework By Using Appium_Linkedin_Automation_Framework] INFO  o.eclipse.m2e.core.internal.Bundles - 	Entry: C:\Users\hp5cd\.p2\pool\plugins\org.eclipse.m2e.maven.runtime_3.9.900.20240824-1409\jars\maven-plugin-api-3.9.9.jar
2025-05-01 15:02:18,891 [Worker-6: Launching Executing test in D__Software Testing Projects_Linkedin Automation Framework By Using Appium_Linkedin_Automation_Framework] INFO  o.eclipse.m2e.core.internal.Bundles - 	Entry: C:\Users\hp5cd\.p2\pool\plugins\org.eclipse.m2e.maven.runtime_3.9.900.20240824-1409\jars\maven-repository-metadata-3.9.9.jar
2025-05-01 15:02:18,891 [Worker-6: Launching Executing test in D__Software Testing Projects_Linkedin Automation Framework By Using Appium_Linkedin_Automation_Framework] INFO  o.eclipse.m2e.core.internal.Bundles - 	Entry: C:\Users\hp5cd\.p2\pool\plugins\org.eclipse.m2e.maven.runtime_3.9.900.20240824-1409\jars\maven-resolver-api-1.9.22.jar
2025-05-01 15:02:18,891 [Worker-6: Launching Executing test in D__Software Testing Projects_Linkedin Automation Framework By Using Appium_Linkedin_Automation_Framework] INFO  o.eclipse.m2e.core.internal.Bundles - 	Entry: C:\Users\hp5cd\.p2\pool\plugins\org.eclipse.m2e.maven.runtime_3.9.900.20240824-1409\jars\maven-resolver-connector-basic-1.9.22.jar
2025-05-01 15:02:18,891 [Worker-6: Launching Executing test in D__Software Testing Projects_Linkedin Automation Framework By Using Appium_Linkedin_Automation_Framework] INFO  o.eclipse.m2e.core.internal.Bundles - 	Entry: C:\Users\hp5cd\.p2\pool\plugins\org.eclipse.m2e.maven.runtime_3.9.900.20240824-1409\jars\maven-resolver-impl-1.9.22.jar
2025-05-01 15:02:18,891 [Worker-6: Launching Executing test in D__Software Testing Projects_Linkedin Automation Framework By Using Appium_Linkedin_Automation_Framework] INFO  o.eclipse.m2e.core.internal.Bundles - 	Entry: C:\Users\hp5cd\.p2\pool\plugins\org.eclipse.m2e.maven.runtime_3.9.900.20240824-1409\jars\maven-resolver-named-locks-1.9.22.jar
2025-05-01 15:02:18,892 [Worker-6: Launching Executing test in D__Software Testing Projects_Linkedin Automation Framework By Using Appium_Linkedin_Automation_Framework] INFO  o.eclipse.m2e.core.internal.Bundles - 	Entry: C:\Users\hp5cd\.p2\pool\plugins\org.eclipse.m2e.maven.runtime_3.9.900.20240824-1409\jars\maven-resolver-provider-3.9.9.jar
2025-05-01 15:02:18,892 [Worker-6: Launching Executing test in D__Software Testing Projects_Linkedin Automation Framework By Using Appium_Linkedin_Automation_Framework] INFO  o.eclipse.m2e.core.internal.Bundles - 	Entry: C:\Users\hp5cd\.p2\pool\plugins\org.eclipse.m2e.maven.runtime_3.9.900.20240824-1409\jars\maven-resolver-spi-1.9.22.jar
2025-05-01 15:02:18,892 [Worker-6: Launching Executing test in D__Software Testing Projects_Linkedin Automation Framework By Using Appium_Linkedin_Automation_Framework] INFO  o.eclipse.m2e.core.internal.Bundles - 	Entry: C:\Users\hp5cd\.p2\pool\plugins\org.eclipse.m2e.maven.runtime_3.9.900.20240824-1409\jars\maven-resolver-transport-file-1.9.22.jar
2025-05-01 15:02:18,892 [Worker-6: Launching Executing test in D__Software Testing Projects_Linkedin Automation Framework By Using Appium_Linkedin_Automation_Framework] INFO  o.eclipse.m2e.core.internal.Bundles - 	Entry: C:\Users\hp5cd\.p2\pool\plugins\org.eclipse.m2e.maven.runtime_3.9.900.20240824-1409\jars\maven-resolver-transport-http-1.9.22.jar
2025-05-01 15:02:18,892 [Worker-6: Launching Executing test in D__Software Testing Projects_Linkedin Automation Framework By Using Appium_Linkedin_Automation_Framework] INFO  o.eclipse.m2e.core.internal.Bundles - 	Entry: C:\Users\hp5cd\.p2\pool\plugins\org.eclipse.m2e.maven.runtime_3.9.900.20240824-1409\jars\maven-resolver-transport-wagon-1.9.22.jar
2025-05-01 15:02:18,892 [Worker-6: Launching Executing test in D__Software Testing Projects_Linkedin Automation Framework By Using Appium_Linkedin_Automation_Framework] INFO  o.eclipse.m2e.core.internal.Bundles - 	Entry: C:\Users\hp5cd\.p2\pool\plugins\org.eclipse.m2e.maven.runtime_3.9.900.20240824-1409\jars\maven-resolver-util-1.9.22.jar
2025-05-01 15:02:18,892 [Worker-6: Launching Executing test in D__Software Testing Projects_Linkedin Automation Framework By Using Appium_Linkedin_Automation_Framework] INFO  o.eclipse.m2e.core.internal.Bundles - 	Entry: C:\Users\hp5cd\.p2\pool\plugins\org.eclipse.m2e.maven.runtime_3.9.900.20240824-1409\jars\maven-settings-3.9.9.jar
2025-05-01 15:02:18,892 [Worker-6: Launching Executing test in D__Software Testing Projects_Linkedin Automation Framework By Using Appium_Linkedin_Automation_Framework] INFO  o.eclipse.m2e.core.internal.Bundles - 	Entry: C:\Users\hp5cd\.p2\pool\plugins\org.eclipse.m2e.maven.runtime_3.9.900.20240824-1409\jars\maven-settings-builder-3.9.9.jar
2025-05-01 15:02:18,893 [Worker-6: Launching Executing test in D__Software Testing Projects_Linkedin Automation Framework By Using Appium_Linkedin_Automation_Framework] INFO  o.eclipse.m2e.core.internal.Bundles - 	Entry: C:\Users\hp5cd\.p2\pool\plugins\org.eclipse.m2e.maven.runtime_3.9.900.20240824-1409\jars\maven-shared-utils-3.4.2.jar
2025-05-01 15:02:18,893 [Worker-6: Launching Executing test in D__Software Testing Projects_Linkedin Automation Framework By Using Appium_Linkedin_Automation_Framework] INFO  o.eclipse.m2e.core.internal.Bundles - 	Entry: C:\Users\hp5cd\.p2\pool\plugins\org.eclipse.m2e.maven.runtime_3.9.900.20240824-1409\jars\org.eclipse.sisu.inject-0.9.0.M3.jar
2025-05-01 15:02:18,893 [Worker-6: Launching Executing test in D__Software Testing Projects_Linkedin Automation Framework By Using Appium_Linkedin_Automation_Framework] INFO  o.eclipse.m2e.core.internal.Bundles - 	Entry: C:\Users\hp5cd\.p2\pool\plugins\org.eclipse.m2e.maven.runtime_3.9.900.20240824-1409\jars\org.eclipse.sisu.plexus-0.9.0.M3.jar
2025-05-01 15:02:18,893 [Worker-6: Launching Executing test in D__Software Testing Projects_Linkedin Automation Framework By Using Appium_Linkedin_Automation_Framework] INFO  o.eclipse.m2e.core.internal.Bundles - 	Entry: C:\Users\hp5cd\.p2\pool\plugins\org.eclipse.m2e.maven.runtime_3.9.900.20240824-1409\jars\plexus-build-api-0.0.7.jar
2025-05-01 15:02:18,893 [Worker-6: Launching Executing test in D__Software Testing Projects_Linkedin Automation Framework By Using Appium_Linkedin_Automation_Framework] INFO  o.eclipse.m2e.core.internal.Bundles - 	Entry: C:\Users\hp5cd\.p2\pool\plugins\org.eclipse.m2e.maven.runtime_3.9.900.20240824-1409\jars\plexus-build-api-1.2.0.jar
2025-05-01 15:02:18,893 [Worker-6: Launching Executing test in D__Software Testing Projects_Linkedin Automation Framework By Using Appium_Linkedin_Automation_Framework] INFO  o.eclipse.m2e.core.internal.Bundles - 	Entry: C:\Users\hp5cd\.p2\pool\plugins\org.eclipse.m2e.maven.runtime_3.9.900.20240824-1409\jars\plexus-cipher-2.0.jar
2025-05-01 15:02:18,893 [Worker-6: Launching Executing test in D__Software Testing Projects_Linkedin Automation Framework By Using Appium_Linkedin_Automation_Framework] INFO  o.eclipse.m2e.core.internal.Bundles - 	Entry: C:\Users\hp5cd\.p2\pool\plugins\org.eclipse.m2e.maven.runtime_3.9.900.20240824-1409\jars\plexus-classworlds-2.8.0.jar
2025-05-01 15:02:18,893 [Worker-6: Launching Executing test in D__Software Testing Projects_Linkedin Automation Framework By Using Appium_Linkedin_Automation_Framework] INFO  o.eclipse.m2e.core.internal.Bundles - 	Entry: C:\Users\hp5cd\.p2\pool\plugins\org.eclipse.m2e.maven.runtime_3.9.900.20240824-1409\jars\plexus-component-annotations-2.1.0.jar
2025-05-01 15:02:18,893 [Worker-6: Launching Executing test in D__Software Testing Projects_Linkedin Automation Framework By Using Appium_Linkedin_Automation_Framework] INFO  o.eclipse.m2e.core.internal.Bundles - 	Entry: C:\Users\hp5cd\.p2\pool\plugins\org.eclipse.m2e.maven.runtime_3.9.900.20240824-1409\jars\plexus-interpolation-1.27.jar
2025-05-01 15:02:18,893 [Worker-6: Launching Executing test in D__Software Testing Projects_Linkedin Automation Framework By Using Appium_Linkedin_Automation_Framework] INFO  o.eclipse.m2e.core.internal.Bundles - 	Entry: C:\Users\hp5cd\.p2\pool\plugins\org.eclipse.m2e.maven.runtime_3.9.900.20240824-1409\jars\plexus-sec-dispatcher-2.0.jar
2025-05-01 15:02:18,894 [Worker-6: Launching Executing test in D__Software Testing Projects_Linkedin Automation Framework By Using Appium_Linkedin_Automation_Framework] INFO  o.eclipse.m2e.core.internal.Bundles - 	Entry: C:\Users\hp5cd\.p2\pool\plugins\org.eclipse.m2e.maven.runtime_3.9.900.20240824-1409\jars\plexus-utils-3.5.1.jar
2025-05-01 15:02:18,894 [Worker-6: Launching Executing test in D__Software Testing Projects_Linkedin Automation Framework By Using Appium_Linkedin_Automation_Framework] INFO  o.eclipse.m2e.core.internal.Bundles - 	Entry: C:\Users\hp5cd\.p2\pool\plugins\org.eclipse.m2e.maven.runtime_3.9.900.20240824-1409\jars\plexus-xml-3.0.1.jar
2025-05-01 15:02:18,894 [Worker-6: Launching Executing test in D__Software Testing Projects_Linkedin Automation Framework By Using Appium_Linkedin_Automation_Framework] INFO  o.eclipse.m2e.core.internal.Bundles - 	Entry: C:\Users\hp5cd\.p2\pool\plugins\org.eclipse.m2e.maven.runtime_3.9.900.20240824-1409\jars\wagon-file-3.5.3.jar
2025-05-01 15:02:18,894 [Worker-6: Launching Executing test in D__Software Testing Projects_Linkedin Automation Framework By Using Appium_Linkedin_Automation_Framework] INFO  o.eclipse.m2e.core.internal.Bundles - 	Entry: C:\Users\hp5cd\.p2\pool\plugins\org.eclipse.m2e.maven.runtime_3.9.900.20240824-1409\jars\wagon-http-3.5.3.jar
2025-05-01 15:02:18,894 [Worker-6: Launching Executing test in D__Software Testing Projects_Linkedin Automation Framework By Using Appium_Linkedin_Automation_Framework] INFO  o.eclipse.m2e.core.internal.Bundles - 	Entry: C:\Users\hp5cd\.p2\pool\plugins\org.eclipse.m2e.maven.runtime_3.9.900.20240824-1409\jars\wagon-http-shared-3.5.3.jar
2025-05-01 15:02:18,894 [Worker-6: Launching Executing test in D__Software Testing Projects_Linkedin Automation Framework By Using Appium_Linkedin_Automation_Framework] INFO  o.eclipse.m2e.core.internal.Bundles - 	Entry: C:\Users\hp5cd\.p2\pool\plugins\org.eclipse.m2e.maven.runtime_3.9.900.20240824-1409\jars\wagon-provider-api-3.5.3.jar
2025-05-01 15:02:18,894 [Worker-6: Launching Executing test in D__Software Testing Projects_Linkedin Automation Framework By Using Appium_Linkedin_Automation_Framework] INFO  o.eclipse.m2e.core.internal.Bundles - getClasspathEntries(Bundle=com.google.guava_33.3.1.jre [10])
2025-05-01 15:02:18,895 [Worker-6: Launching Executing test in D__Software Testing Projects_Linkedin Automation Framework By Using Appium_Linkedin_Automation_Framework] INFO  o.eclipse.m2e.core.internal.Bundles - 	Entry: C:\Users\hp5cd\.p2\pool\plugins\com.google.guava_33.3.1.jre.jar
2025-05-01 15:02:18,895 [Worker-6: Launching Executing test in D__Software Testing Projects_Linkedin Automation Framework By Using Appium_Linkedin_Automation_Framework] INFO  o.eclipse.m2e.core.internal.Bundles - getClasspathEntries(Bundle=slf4j.api_2.0.17 [571])
2025-05-01 15:02:18,895 [Worker-6: Launching Executing test in D__Software Testing Projects_Linkedin Automation Framework By Using Appium_Linkedin_Automation_Framework] INFO  o.eclipse.m2e.core.internal.Bundles - 	Entry: C:\Users\hp5cd\.p2\pool\plugins\slf4j.api_2.0.17.jar
2025-05-01 15:02:18,895 [Worker-6: Launching Executing test in D__Software Testing Projects_Linkedin Automation Framework By Using Appium_Linkedin_Automation_Framework] INFO  o.eclipse.m2e.core.internal.Bundles - getClasspathEntries(Bundle=jakarta.inject.jakarta.inject-api_1.0.5 [22])
2025-05-01 15:02:18,895 [Worker-6: Launching Executing test in D__Software Testing Projects_Linkedin Automation Framework By Using Appium_Linkedin_Automation_Framework] INFO  o.eclipse.m2e.core.internal.Bundles - 	Entry: C:\Users\hp5cd\.p2\pool\plugins\jakarta.inject.jakarta.inject-api_1.0.5.jar
2025-05-01 15:02:18,895 [Worker-6: Launching Executing test in D__Software Testing Projects_Linkedin Automation Framework By Using Appium_Linkedin_Automation_Framework] INFO  o.eclipse.m2e.core.internal.Bundles - getClasspathEntries(Bundle=jakarta.annotation-api_1.3.5 [20])
2025-05-01 15:02:18,895 [Worker-6: Launching Executing test in D__Software Testing Projects_Linkedin Automation Framework By Using Appium_Linkedin_Automation_Framework] INFO  o.eclipse.m2e.core.internal.Bundles - 	Entry: C:\Users\hp5cd\.p2\pool\plugins\jakarta.annotation-api_1.3.5.jar
2025-05-01 15:02:18,895 [Worker-6: Launching Executing test in D__Software Testing Projects_Linkedin Automation Framework By Using Appium_Linkedin_Automation_Framework] INFO  o.eclipse.m2e.core.internal.Bundles - getClasspathEntries(Bundle=org.apache.commons.cli_1.9.0 [47])
2025-05-01 15:02:18,896 [Worker-6: Launching Executing test in D__Software Testing Projects_Linkedin Automation Framework By Using Appium_Linkedin_Automation_Framework] INFO  o.eclipse.m2e.core.internal.Bundles - 	Entry: C:\Users\hp5cd\.p2\pool\plugins\org.apache.commons.cli_1.9.0.jar
2025-05-01 15:02:18,896 [Worker-6: Launching Executing test in D__Software Testing Projects_Linkedin Automation Framework By Using Appium_Linkedin_Automation_Framework] INFO  o.eclipse.m2e.core.internal.Bundles - getClasspathEntries(Bundle=org.apache.commons.commons-codec_1.16.0 [50])
2025-05-01 15:02:18,896 [Worker-6: Launching Executing test in D__Software Testing Projects_Linkedin Automation Framework By Using Appium_Linkedin_Automation_Framework] INFO  o.eclipse.m2e.core.internal.Bundles - 	Entry: C:\Users\hp5cd\.p2\pool\plugins\org.apache.commons.commons-codec_1.16.0.jar
2025-05-01 15:02:18,896 [Worker-6: Launching Executing test in D__Software Testing Projects_Linkedin Automation Framework By Using Appium_Linkedin_Automation_Framework] INFO  o.eclipse.m2e.core.internal.Bundles - getClasspathEntries(Bundle=com.google.guava.failureaccess_1.0.2 [11])
2025-05-01 15:02:18,896 [Worker-6: Launching Executing test in D__Software Testing Projects_Linkedin Automation Framework By Using Appium_Linkedin_Automation_Framework] INFO  o.eclipse.m2e.core.internal.Bundles - 	Entry: C:\Users\hp5cd\.p2\pool\plugins\com.google.guava.failureaccess_1.0.2.jar
2025-05-01 15:02:18,898 [Worker-6: Launching Executing test in D__Software Testing Projects_Linkedin Automation Framework By Using Appium_Linkedin_Automation_Framework] INFO  o.e.m.i.launch.MavenLaunchDelegate - Run build in "D:\Software Testing Projects\Linkedin Automation Framework By Using Appium\Linkedin_Automation_Framework":
2025-05-01 15:02:18,898 [Worker-6: Launching Executing test in D__Software Testing Projects_Linkedin Automation Framework By Using Appium_Linkedin_Automation_Framework] INFO  o.e.m.i.launch.MavenLaunchDelegate -  mvn  -B -Dstyle.color=always test
2025-05-01 15:04:13,283 [Worker-42: Building] WARN  o.a.m.s.f.DefaultMavenResourcesFiltering - Using platform encoding (UTF-8 actually) to copy filtered resources, i.e. build is platform dependent!
2025-05-01 15:04:13,285 [Worker-42: Building] INFO  o.a.m.s.f.DefaultMavenResourcesFiltering - Copying 1 resource from src\main\resources to target\classes
2025-05-01 15:04:13,288 [Worker-42: Building] WARN  o.a.m.s.f.DefaultMavenResourcesFiltering - Using platform encoding (UTF-8 actually) to copy filtered resources, i.e. build is platform dependent!
2025-05-01 15:04:13,289 [Worker-42: Building] INFO  o.a.m.s.f.DefaultMavenResourcesFiltering - Copying 0 resource from src\test\resources to target\test-classes
2025-05-01 15:04:19,884 [Worker-42: Building] WARN  o.a.m.s.f.DefaultMavenResourcesFiltering - Using platform encoding (UTF-8 actually) to copy filtered resources, i.e. build is platform dependent!
2025-05-01 15:04:19,886 [Worker-42: Building] INFO  o.a.m.s.f.DefaultMavenResourcesFiltering - Copying 0 resource from src\main\resources to target\classes
2025-05-01 15:04:19,891 [Worker-42: Building] WARN  o.a.m.s.f.DefaultMavenResourcesFiltering - Using platform encoding (UTF-8 actually) to copy filtered resources, i.e. build is platform dependent!
2025-05-01 15:04:19,892 [Worker-42: Building] INFO  o.a.m.s.f.DefaultMavenResourcesFiltering - Copying 0 resource from src\test\resources to target\test-classes
2025-05-01 15:04:27,634 [Worker-42: Launching Executing test in D__Software Testing Projects_Linkedin Automation Framework By Using Appium_Linkedin_Automation_Framework] INFO  o.eclipse.m2e.core.internal.Bundles - getClasspathEntries(Bundle=org.eclipse.m2e.maven.runtime_3.9.900.20240824-1409 [298])
2025-05-01 15:04:27,635 [Worker-42: Launching Executing test in D__Software Testing Projects_Linkedin Automation Framework By Using Appium_Linkedin_Automation_Framework] INFO  o.eclipse.m2e.core.internal.Bundles - 	Entry: C:\Users\hp5cd\.p2\pool\plugins\org.eclipse.m2e.maven.runtime_3.9.900.20240824-1409
2025-05-01 15:04:27,635 [Worker-42: Launching Executing test in D__Software Testing Projects_Linkedin Automation Framework By Using Appium_Linkedin_Automation_Framework] INFO  o.eclipse.m2e.core.internal.Bundles - 	Entry: C:\Users\hp5cd\.p2\pool\plugins\org.eclipse.m2e.maven.runtime_3.9.900.20240824-1409\jars\aopalliance-1.0.jar
2025-05-01 15:04:27,635 [Worker-42: Launching Executing test in D__Software Testing Projects_Linkedin Automation Framework By Using Appium_Linkedin_Automation_Framework] INFO  o.eclipse.m2e.core.internal.Bundles - 	Entry: C:\Users\hp5cd\.p2\pool\plugins\org.eclipse.m2e.maven.runtime_3.9.900.20240824-1409\jars\guice-5.1.0.jar
2025-05-01 15:04:27,635 [Worker-42: Launching Executing test in D__Software Testing Projects_Linkedin Automation Framework By Using Appium_Linkedin_Automation_Framework] INFO  o.eclipse.m2e.core.internal.Bundles - 	Entry: C:\Users\hp5cd\.p2\pool\plugins\org.eclipse.m2e.maven.runtime_3.9.900.20240824-1409\jars\httpclient-4.5.14.jar
2025-05-01 15:04:27,635 [Worker-42: Launching Executing test in D__Software Testing Projects_Linkedin Automation Framework By Using Appium_Linkedin_Automation_Framework] INFO  o.eclipse.m2e.core.internal.Bundles - 	Entry: C:\Users\hp5cd\.p2\pool\plugins\org.eclipse.m2e.maven.runtime_3.9.900.20240824-1409\jars\httpcore-4.4.16.jar
2025-05-01 15:04:27,635 [Worker-42: Launching Executing test in D__Software Testing Projects_Linkedin Automation Framework By Using Appium_Linkedin_Automation_Framework] INFO  o.eclipse.m2e.core.internal.Bundles - 	Entry: C:\Users\hp5cd\.p2\pool\plugins\org.eclipse.m2e.maven.runtime_3.9.900.20240824-1409\jars\jansi-2.4.1.jar
2025-05-01 15:04:27,635 [Worker-42: Launching Executing test in D__Software Testing Projects_Linkedin Automation Framework By Using Appium_Linkedin_Automation_Framework] INFO  o.eclipse.m2e.core.internal.Bundles - 	Entry: C:\Users\hp5cd\.p2\pool\plugins\org.eclipse.m2e.maven.runtime_3.9.900.20240824-1409\jars\jcl-over-slf4j-1.7.36.jar
2025-05-01 15:04:27,635 [Worker-42: Launching Executing test in D__Software Testing Projects_Linkedin Automation Framework By Using Appium_Linkedin_Automation_Framework] INFO  o.eclipse.m2e.core.internal.Bundles - 	Entry: C:\Users\hp5cd\.p2\pool\plugins\org.eclipse.m2e.maven.runtime_3.9.900.20240824-1409\jars\maven-artifact-3.9.9.jar
2025-05-01 15:04:27,636 [Worker-42: Launching Executing test in D__Software Testing Projects_Linkedin Automation Framework By Using Appium_Linkedin_Automation_Framework] INFO  o.eclipse.m2e.core.internal.Bundles - 	Entry: C:\Users\hp5cd\.p2\pool\plugins\org.eclipse.m2e.maven.runtime_3.9.900.20240824-1409\jars\maven-builder-support-3.9.9.jar
2025-05-01 15:04:27,636 [Worker-42: Launching Executing test in D__Software Testing Projects_Linkedin Automation Framework By Using Appium_Linkedin_Automation_Framework] INFO  o.eclipse.m2e.core.internal.Bundles - 	Entry: C:\Users\hp5cd\.p2\pool\plugins\org.eclipse.m2e.maven.runtime_3.9.900.20240824-1409\jars\maven-compat-3.9.9.jar
2025-05-01 15:04:27,636 [Worker-42: Launching Executing test in D__Software Testing Projects_Linkedin Automation Framework By Using Appium_Linkedin_Automation_Framework] INFO  o.eclipse.m2e.core.internal.Bundles - 	Entry: C:\Users\hp5cd\.p2\pool\plugins\org.eclipse.m2e.maven.runtime_3.9.900.20240824-1409\jars\maven-core-3.9.9.jar
2025-05-01 15:04:27,636 [Worker-42: Launching Executing test in D__Software Testing Projects_Linkedin Automation Framework By Using Appium_Linkedin_Automation_Framework] INFO  o.eclipse.m2e.core.internal.Bundles - 	Entry: C:\Users\hp5cd\.p2\pool\plugins\org.eclipse.m2e.maven.runtime_3.9.900.20240824-1409\jars\maven-embedder-3.9.9.jar
2025-05-01 15:04:27,636 [Worker-42: Launching Executing test in D__Software Testing Projects_Linkedin Automation Framework By Using Appium_Linkedin_Automation_Framework] INFO  o.eclipse.m2e.core.internal.Bundles - 	Entry: C:\Users\hp5cd\.p2\pool\plugins\org.eclipse.m2e.maven.runtime_3.9.900.20240824-1409\jars\maven-model-3.9.9.jar
2025-05-01 15:04:27,636 [Worker-42: Launching Executing test in D__Software Testing Projects_Linkedin Automation Framework By Using Appium_Linkedin_Automation_Framework] INFO  o.eclipse.m2e.core.internal.Bundles - 	Entry: C:\Users\hp5cd\.p2\pool\plugins\org.eclipse.m2e.maven.runtime_3.9.900.20240824-1409\jars\maven-model-builder-3.9.9.jar
2025-05-01 15:04:27,636 [Worker-42: Launching Executing test in D__Software Testing Projects_Linkedin Automation Framework By Using Appium_Linkedin_Automation_Framework] INFO  o.eclipse.m2e.core.internal.Bundles - 	Entry: C:\Users\hp5cd\.p2\pool\plugins\org.eclipse.m2e.maven.runtime_3.9.900.20240824-1409\jars\maven-plugin-api-3.9.9.jar
2025-05-01 15:04:27,636 [Worker-42: Launching Executing test in D__Software Testing Projects_Linkedin Automation Framework By Using Appium_Linkedin_Automation_Framework] INFO  o.eclipse.m2e.core.internal.Bundles - 	Entry: C:\Users\hp5cd\.p2\pool\plugins\org.eclipse.m2e.maven.runtime_3.9.900.20240824-1409\jars\maven-repository-metadata-3.9.9.jar
2025-05-01 15:04:27,637 [Worker-42: Launching Executing test in D__Software Testing Projects_Linkedin Automation Framework By Using Appium_Linkedin_Automation_Framework] INFO  o.eclipse.m2e.core.internal.Bundles - 	Entry: C:\Users\hp5cd\.p2\pool\plugins\org.eclipse.m2e.maven.runtime_3.9.900.20240824-1409\jars\maven-resolver-api-1.9.22.jar
2025-05-01 15:04:27,637 [Worker-42: Launching Executing test in D__Software Testing Projects_Linkedin Automation Framework By Using Appium_Linkedin_Automation_Framework] INFO  o.eclipse.m2e.core.internal.Bundles - 	Entry: C:\Users\hp5cd\.p2\pool\plugins\org.eclipse.m2e.maven.runtime_3.9.900.20240824-1409\jars\maven-resolver-connector-basic-1.9.22.jar
2025-05-01 15:04:27,637 [Worker-42: Launching Executing test in D__Software Testing Projects_Linkedin Automation Framework By Using Appium_Linkedin_Automation_Framework] INFO  o.eclipse.m2e.core.internal.Bundles - 	Entry: C:\Users\hp5cd\.p2\pool\plugins\org.eclipse.m2e.maven.runtime_3.9.900.20240824-1409\jars\maven-resolver-impl-1.9.22.jar
2025-05-01 15:04:27,637 [Worker-42: Launching Executing test in D__Software Testing Projects_Linkedin Automation Framework By Using Appium_Linkedin_Automation_Framework] INFO  o.eclipse.m2e.core.internal.Bundles - 	Entry: C:\Users\hp5cd\.p2\pool\plugins\org.eclipse.m2e.maven.runtime_3.9.900.20240824-1409\jars\maven-resolver-named-locks-1.9.22.jar
2025-05-01 15:04:27,637 [Worker-42: Launching Executing test in D__Software Testing Projects_Linkedin Automation Framework By Using Appium_Linkedin_Automation_Framework] INFO  o.eclipse.m2e.core.internal.Bundles - 	Entry: C:\Users\hp5cd\.p2\pool\plugins\org.eclipse.m2e.maven.runtime_3.9.900.20240824-1409\jars\maven-resolver-provider-3.9.9.jar
2025-05-01 15:04:27,637 [Worker-42: Launching Executing test in D__Software Testing Projects_Linkedin Automation Framework By Using Appium_Linkedin_Automation_Framework] INFO  o.eclipse.m2e.core.internal.Bundles - 	Entry: C:\Users\hp5cd\.p2\pool\plugins\org.eclipse.m2e.maven.runtime_3.9.900.20240824-1409\jars\maven-resolver-spi-1.9.22.jar
2025-05-01 15:04:27,637 [Worker-42: Launching Executing test in D__Software Testing Projects_Linkedin Automation Framework By Using Appium_Linkedin_Automation_Framework] INFO  o.eclipse.m2e.core.internal.Bundles - 	Entry: C:\Users\hp5cd\.p2\pool\plugins\org.eclipse.m2e.maven.runtime_3.9.900.20240824-1409\jars\maven-resolver-transport-file-1.9.22.jar
2025-05-01 15:04:27,637 [Worker-42: Launching Executing test in D__Software Testing Projects_Linkedin Automation Framework By Using Appium_Linkedin_Automation_Framework] INFO  o.eclipse.m2e.core.internal.Bundles - 	Entry: C:\Users\hp5cd\.p2\pool\plugins\org.eclipse.m2e.maven.runtime_3.9.900.20240824-1409\jars\maven-resolver-transport-http-1.9.22.jar
2025-05-01 15:04:27,637 [Worker-42: Launching Executing test in D__Software Testing Projects_Linkedin Automation Framework By Using Appium_Linkedin_Automation_Framework] INFO  o.eclipse.m2e.core.internal.Bundles - 	Entry: C:\Users\hp5cd\.p2\pool\plugins\org.eclipse.m2e.maven.runtime_3.9.900.20240824-1409\jars\maven-resolver-transport-wagon-1.9.22.jar
2025-05-01 15:04:27,637 [Worker-42: Launching Executing test in D__Software Testing Projects_Linkedin Automation Framework By Using Appium_Linkedin_Automation_Framework] INFO  o.eclipse.m2e.core.internal.Bundles - 	Entry: C:\Users\hp5cd\.p2\pool\plugins\org.eclipse.m2e.maven.runtime_3.9.900.20240824-1409\jars\maven-resolver-util-1.9.22.jar
2025-05-01 15:04:27,637 [Worker-42: Launching Executing test in D__Software Testing Projects_Linkedin Automation Framework By Using Appium_Linkedin_Automation_Framework] INFO  o.eclipse.m2e.core.internal.Bundles - 	Entry: C:\Users\hp5cd\.p2\pool\plugins\org.eclipse.m2e.maven.runtime_3.9.900.20240824-1409\jars\maven-settings-3.9.9.jar
2025-05-01 15:04:27,637 [Worker-42: Launching Executing test in D__Software Testing Projects_Linkedin Automation Framework By Using Appium_Linkedin_Automation_Framework] INFO  o.eclipse.m2e.core.internal.Bundles - 	Entry: C:\Users\hp5cd\.p2\pool\plugins\org.eclipse.m2e.maven.runtime_3.9.900.20240824-1409\jars\maven-settings-builder-3.9.9.jar
2025-05-01 15:04:27,639 [Worker-42: Launching Executing test in D__Software Testing Projects_Linkedin Automation Framework By Using Appium_Linkedin_Automation_Framework] INFO  o.eclipse.m2e.core.internal.Bundles - 	Entry: C:\Users\hp5cd\.p2\pool\plugins\org.eclipse.m2e.maven.runtime_3.9.900.20240824-1409\jars\maven-shared-utils-3.4.2.jar
2025-05-01 15:04:27,639 [Worker-42: Launching Executing test in D__Software Testing Projects_Linkedin Automation Framework By Using Appium_Linkedin_Automation_Framework] INFO  o.eclipse.m2e.core.internal.Bundles - 	Entry: C:\Users\hp5cd\.p2\pool\plugins\org.eclipse.m2e.maven.runtime_3.9.900.20240824-1409\jars\org.eclipse.sisu.inject-0.9.0.M3.jar
2025-05-01 15:04:27,639 [Worker-42: Launching Executing test in D__Software Testing Projects_Linkedin Automation Framework By Using Appium_Linkedin_Automation_Framework] INFO  o.eclipse.m2e.core.internal.Bundles - 	Entry: C:\Users\hp5cd\.p2\pool\plugins\org.eclipse.m2e.maven.runtime_3.9.900.20240824-1409\jars\org.eclipse.sisu.plexus-0.9.0.M3.jar
2025-05-01 15:04:27,639 [Worker-42: Launching Executing test in D__Software Testing Projects_Linkedin Automation Framework By Using Appium_Linkedin_Automation_Framework] INFO  o.eclipse.m2e.core.internal.Bundles - 	Entry: C:\Users\hp5cd\.p2\pool\plugins\org.eclipse.m2e.maven.runtime_3.9.900.20240824-1409\jars\plexus-build-api-0.0.7.jar
2025-05-01 15:04:27,640 [Worker-42: Launching Executing test in D__Software Testing Projects_Linkedin Automation Framework By Using Appium_Linkedin_Automation_Framework] INFO  o.eclipse.m2e.core.internal.Bundles - 	Entry: C:\Users\hp5cd\.p2\pool\plugins\org.eclipse.m2e.maven.runtime_3.9.900.20240824-1409\jars\plexus-build-api-1.2.0.jar
2025-05-01 15:04:27,640 [Worker-42: Launching Executing test in D__Software Testing Projects_Linkedin Automation Framework By Using Appium_Linkedin_Automation_Framework] INFO  o.eclipse.m2e.core.internal.Bundles - 	Entry: C:\Users\hp5cd\.p2\pool\plugins\org.eclipse.m2e.maven.runtime_3.9.900.20240824-1409\jars\plexus-cipher-2.0.jar
2025-05-01 15:04:27,640 [Worker-42: Launching Executing test in D__Software Testing Projects_Linkedin Automation Framework By Using Appium_Linkedin_Automation_Framework] INFO  o.eclipse.m2e.core.internal.Bundles - 	Entry: C:\Users\hp5cd\.p2\pool\plugins\org.eclipse.m2e.maven.runtime_3.9.900.20240824-1409\jars\plexus-classworlds-2.8.0.jar
2025-05-01 15:04:27,641 [Worker-42: Launching Executing test in D__Software Testing Projects_Linkedin Automation Framework By Using Appium_Linkedin_Automation_Framework] INFO  o.eclipse.m2e.core.internal.Bundles - 	Entry: C:\Users\hp5cd\.p2\pool\plugins\org.eclipse.m2e.maven.runtime_3.9.900.20240824-1409\jars\plexus-component-annotations-2.1.0.jar
2025-05-01 15:04:27,641 [Worker-42: Launching Executing test in D__Software Testing Projects_Linkedin Automation Framework By Using Appium_Linkedin_Automation_Framework] INFO  o.eclipse.m2e.core.internal.Bundles - 	Entry: C:\Users\hp5cd\.p2\pool\plugins\org.eclipse.m2e.maven.runtime_3.9.900.20240824-1409\jars\plexus-interpolation-1.27.jar
2025-05-01 15:04:27,641 [Worker-42: Launching Executing test in D__Software Testing Projects_Linkedin Automation Framework By Using Appium_Linkedin_Automation_Framework] INFO  o.eclipse.m2e.core.internal.Bundles - 	Entry: C:\Users\hp5cd\.p2\pool\plugins\org.eclipse.m2e.maven.runtime_3.9.900.20240824-1409\jars\plexus-sec-dispatcher-2.0.jar
2025-05-01 15:04:27,641 [Worker-42: Launching Executing test in D__Software Testing Projects_Linkedin Automation Framework By Using Appium_Linkedin_Automation_Framework] INFO  o.eclipse.m2e.core.internal.Bundles - 	Entry: C:\Users\hp5cd\.p2\pool\plugins\org.eclipse.m2e.maven.runtime_3.9.900.20240824-1409\jars\plexus-utils-3.5.1.jar
2025-05-01 15:04:27,641 [Worker-42: Launching Executing test in D__Software Testing Projects_Linkedin Automation Framework By Using Appium_Linkedin_Automation_Framework] INFO  o.eclipse.m2e.core.internal.Bundles - 	Entry: C:\Users\hp5cd\.p2\pool\plugins\org.eclipse.m2e.maven.runtime_3.9.900.20240824-1409\jars\plexus-xml-3.0.1.jar
2025-05-01 15:04:27,641 [Worker-42: Launching Executing test in D__Software Testing Projects_Linkedin Automation Framework By Using Appium_Linkedin_Automation_Framework] INFO  o.eclipse.m2e.core.internal.Bundles - 	Entry: C:\Users\hp5cd\.p2\pool\plugins\org.eclipse.m2e.maven.runtime_3.9.900.20240824-1409\jars\wagon-file-3.5.3.jar
2025-05-01 15:04:27,641 [Worker-42: Launching Executing test in D__Software Testing Projects_Linkedin Automation Framework By Using Appium_Linkedin_Automation_Framework] INFO  o.eclipse.m2e.core.internal.Bundles - 	Entry: C:\Users\hp5cd\.p2\pool\plugins\org.eclipse.m2e.maven.runtime_3.9.900.20240824-1409\jars\wagon-http-3.5.3.jar
2025-05-01 15:04:27,642 [Worker-42: Launching Executing test in D__Software Testing Projects_Linkedin Automation Framework By Using Appium_Linkedin_Automation_Framework] INFO  o.eclipse.m2e.core.internal.Bundles - 	Entry: C:\Users\hp5cd\.p2\pool\plugins\org.eclipse.m2e.maven.runtime_3.9.900.20240824-1409\jars\wagon-http-shared-3.5.3.jar
2025-05-01 15:04:27,642 [Worker-42: Launching Executing test in D__Software Testing Projects_Linkedin Automation Framework By Using Appium_Linkedin_Automation_Framework] INFO  o.eclipse.m2e.core.internal.Bundles - 	Entry: C:\Users\hp5cd\.p2\pool\plugins\org.eclipse.m2e.maven.runtime_3.9.900.20240824-1409\jars\wagon-provider-api-3.5.3.jar
2025-05-01 15:04:27,642 [Worker-42: Launching Executing test in D__Software Testing Projects_Linkedin Automation Framework By Using Appium_Linkedin_Automation_Framework] INFO  o.eclipse.m2e.core.internal.Bundles - getClasspathEntries(Bundle=com.google.guava_33.3.1.jre [10])
2025-05-01 15:04:27,643 [Worker-42: Launching Executing test in D__Software Testing Projects_Linkedin Automation Framework By Using Appium_Linkedin_Automation_Framework] INFO  o.eclipse.m2e.core.internal.Bundles - 	Entry: C:\Users\hp5cd\.p2\pool\plugins\com.google.guava_33.3.1.jre.jar
2025-05-01 15:04:27,643 [Worker-42: Launching Executing test in D__Software Testing Projects_Linkedin Automation Framework By Using Appium_Linkedin_Automation_Framework] INFO  o.eclipse.m2e.core.internal.Bundles - getClasspathEntries(Bundle=slf4j.api_2.0.17 [571])
2025-05-01 15:04:27,643 [Worker-42: Launching Executing test in D__Software Testing Projects_Linkedin Automation Framework By Using Appium_Linkedin_Automation_Framework] INFO  o.eclipse.m2e.core.internal.Bundles - 	Entry: C:\Users\hp5cd\.p2\pool\plugins\slf4j.api_2.0.17.jar
2025-05-01 15:04:27,643 [Worker-42: Launching Executing test in D__Software Testing Projects_Linkedin Automation Framework By Using Appium_Linkedin_Automation_Framework] INFO  o.eclipse.m2e.core.internal.Bundles - getClasspathEntries(Bundle=jakarta.inject.jakarta.inject-api_1.0.5 [22])
2025-05-01 15:04:27,643 [Worker-42: Launching Executing test in D__Software Testing Projects_Linkedin Automation Framework By Using Appium_Linkedin_Automation_Framework] INFO  o.eclipse.m2e.core.internal.Bundles - 	Entry: C:\Users\hp5cd\.p2\pool\plugins\jakarta.inject.jakarta.inject-api_1.0.5.jar
2025-05-01 15:04:27,643 [Worker-42: Launching Executing test in D__Software Testing Projects_Linkedin Automation Framework By Using Appium_Linkedin_Automation_Framework] INFO  o.eclipse.m2e.core.internal.Bundles - getClasspathEntries(Bundle=jakarta.annotation-api_1.3.5 [20])
2025-05-01 15:04:27,644 [Worker-42: Launching Executing test in D__Software Testing Projects_Linkedin Automation Framework By Using Appium_Linkedin_Automation_Framework] INFO  o.eclipse.m2e.core.internal.Bundles - 	Entry: C:\Users\hp5cd\.p2\pool\plugins\jakarta.annotation-api_1.3.5.jar
2025-05-01 15:04:27,644 [Worker-42: Launching Executing test in D__Software Testing Projects_Linkedin Automation Framework By Using Appium_Linkedin_Automation_Framework] INFO  o.eclipse.m2e.core.internal.Bundles - getClasspathEntries(Bundle=org.apache.commons.cli_1.9.0 [47])
2025-05-01 15:04:27,644 [Worker-42: Launching Executing test in D__Software Testing Projects_Linkedin Automation Framework By Using Appium_Linkedin_Automation_Framework] INFO  o.eclipse.m2e.core.internal.Bundles - 	Entry: C:\Users\hp5cd\.p2\pool\plugins\org.apache.commons.cli_1.9.0.jar
2025-05-01 15:04:27,644 [Worker-42: Launching Executing test in D__Software Testing Projects_Linkedin Automation Framework By Using Appium_Linkedin_Automation_Framework] INFO  o.eclipse.m2e.core.internal.Bundles - getClasspathEntries(Bundle=org.apache.commons.commons-codec_1.16.0 [50])
2025-05-01 15:04:27,644 [Worker-42: Launching Executing test in D__Software Testing Projects_Linkedin Automation Framework By Using Appium_Linkedin_Automation_Framework] INFO  o.eclipse.m2e.core.internal.Bundles - 	Entry: C:\Users\hp5cd\.p2\pool\plugins\org.apache.commons.commons-codec_1.16.0.jar
2025-05-01 15:04:27,644 [Worker-42: Launching Executing test in D__Software Testing Projects_Linkedin Automation Framework By Using Appium_Linkedin_Automation_Framework] INFO  o.eclipse.m2e.core.internal.Bundles - getClasspathEntries(Bundle=com.google.guava.failureaccess_1.0.2 [11])
2025-05-01 15:04:27,645 [Worker-42: Launching Executing test in D__Software Testing Projects_Linkedin Automation Framework By Using Appium_Linkedin_Automation_Framework] INFO  o.eclipse.m2e.core.internal.Bundles - 	Entry: C:\Users\hp5cd\.p2\pool\plugins\com.google.guava.failureaccess_1.0.2.jar
2025-05-01 15:04:27,646 [Worker-42: Launching Executing test in D__Software Testing Projects_Linkedin Automation Framework By Using Appium_Linkedin_Automation_Framework] INFO  o.e.m.i.launch.MavenLaunchDelegate - Run build in "D:\Software Testing Projects\Linkedin Automation Framework By Using Appium\Linkedin_Automation_Framework":
2025-05-01 15:04:27,646 [Worker-42: Launching Executing test in D__Software Testing Projects_Linkedin Automation Framework By Using Appium_Linkedin_Automation_Framework] INFO  o.e.m.i.launch.MavenLaunchDelegate -  mvn  -B -Dstyle.color=always test
2025-05-01 15:05:27,271 [Worker-43: Building] WARN  o.a.m.s.f.DefaultMavenResourcesFiltering - Using platform encoding (UTF-8 actually) to copy filtered resources, i.e. build is platform dependent!
2025-05-01 15:05:27,274 [Worker-43: Building] INFO  o.a.m.s.f.DefaultMavenResourcesFiltering - Copying 0 resource from src\main\resources to target\classes
2025-05-01 15:05:27,277 [Worker-43: Building] WARN  o.a.m.s.f.DefaultMavenResourcesFiltering - Using platform encoding (UTF-8 actually) to copy filtered resources, i.e. build is platform dependent!
2025-05-01 15:05:27,278 [Worker-43: Building] INFO  o.a.m.s.f.DefaultMavenResourcesFiltering - Copying 0 resource from src\test\resources to target\test-classes
2025-05-01 15:07:06,381 [Worker-6: Building] WARN  o.a.m.s.f.DefaultMavenResourcesFiltering - Using platform encoding (UTF-8 actually) to copy filtered resources, i.e. build is platform dependent!
2025-05-01 15:07:06,384 [Worker-6: Building] INFO  o.a.m.s.f.DefaultMavenResourcesFiltering - Copying 1 resource from src\main\resources to target\classes
2025-05-01 15:07:06,390 [Worker-6: Building] WARN  o.a.m.s.f.DefaultMavenResourcesFiltering - Using platform encoding (UTF-8 actually) to copy filtered resources, i.e. build is platform dependent!
2025-05-01 15:07:06,390 [Worker-6: Building] INFO  o.a.m.s.f.DefaultMavenResourcesFiltering - Copying 0 resource from src\test\resources to target\test-classes
2025-05-01 15:07:18,079 [Worker-17: Building] WARN  o.a.m.s.f.DefaultMavenResourcesFiltering - Using platform encoding (UTF-8 actually) to copy filtered resources, i.e. build is platform dependent!
2025-05-01 15:07:18,080 [Worker-17: Building] INFO  o.a.m.s.f.DefaultMavenResourcesFiltering - Copying 1 resource from src\main\resources to target\classes
2025-05-01 15:07:18,083 [Worker-17: Building] WARN  o.a.m.s.f.DefaultMavenResourcesFiltering - Using platform encoding (UTF-8 actually) to copy filtered resources, i.e. build is platform dependent!
2025-05-01 15:07:18,084 [Worker-17: Building] INFO  o.a.m.s.f.DefaultMavenResourcesFiltering - Copying 0 resource from src\test\resources to target\test-classes
2025-05-01 15:07:55,550 [Worker-4: Building] WARN  o.a.m.s.f.DefaultMavenResourcesFiltering - Using platform encoding (UTF-8 actually) to copy filtered resources, i.e. build is platform dependent!
2025-05-01 15:07:55,551 [Worker-4: Building] INFO  o.a.m.s.f.DefaultMavenResourcesFiltering - Copying 1 resource from src\main\resources to target\classes
2025-05-01 15:07:55,554 [Worker-4: Building] WARN  o.a.m.s.f.DefaultMavenResourcesFiltering - Using platform encoding (UTF-8 actually) to copy filtered resources, i.e. build is platform dependent!
2025-05-01 15:07:55,555 [Worker-4: Building] INFO  o.a.m.s.f.DefaultMavenResourcesFiltering - Copying 0 resource from src\test\resources to target\test-classes
2025-05-01 15:09:28,669 [Worker-6: Building] WARN  o.a.m.s.f.DefaultMavenResourcesFiltering - Using platform encoding (UTF-8 actually) to copy filtered resources, i.e. build is platform dependent!
2025-05-01 15:09:28,673 [Worker-6: Building] INFO  o.a.m.s.f.DefaultMavenResourcesFiltering - Copying 1 resource from src\main\resources to target\classes
2025-05-01 15:09:28,676 [Worker-6: Building] WARN  o.a.m.s.f.DefaultMavenResourcesFiltering - Using platform encoding (UTF-8 actually) to copy filtered resources, i.e. build is platform dependent!
2025-05-01 15:09:28,677 [Worker-6: Building] INFO  o.a.m.s.f.DefaultMavenResourcesFiltering - Copying 0 resource from src\test\resources to target\test-classes
2025-05-01 15:09:32,597 [Worker-6: Building] WARN  o.a.m.s.f.DefaultMavenResourcesFiltering - Using platform encoding (UTF-8 actually) to copy filtered resources, i.e. build is platform dependent!
2025-05-01 15:09:32,597 [Worker-6: Building] INFO  o.a.m.s.f.DefaultMavenResourcesFiltering - Copying 1 resource from src\main\resources to target\classes
2025-05-01 15:09:32,601 [Worker-6: Building] WARN  o.a.m.s.f.DefaultMavenResourcesFiltering - Using platform encoding (UTF-8 actually) to copy filtered resources, i.e. build is platform dependent!
2025-05-01 15:09:32,601 [Worker-6: Building] INFO  o.a.m.s.f.DefaultMavenResourcesFiltering - Copying 0 resource from src\test\resources to target\test-classes
2025-05-01 15:10:21,848 [Worker-4: Building] WARN  o.a.m.s.f.DefaultMavenResourcesFiltering - Using platform encoding (UTF-8 actually) to copy filtered resources, i.e. build is platform dependent!
2025-05-01 15:10:21,851 [Worker-4: Building] INFO  o.a.m.s.f.DefaultMavenResourcesFiltering - Copying 1 resource from src\main\resources to target\classes
2025-05-01 15:10:21,855 [Worker-4: Building] WARN  o.a.m.s.f.DefaultMavenResourcesFiltering - Using platform encoding (UTF-8 actually) to copy filtered resources, i.e. build is platform dependent!
2025-05-01 15:10:21,857 [Worker-4: Building] INFO  o.a.m.s.f.DefaultMavenResourcesFiltering - Copying 0 resource from src\test\resources to target\test-classes
2025-05-01 15:11:39,282 [Worker-4: Building] WARN  o.a.m.s.f.DefaultMavenResourcesFiltering - Using platform encoding (UTF-8 actually) to copy filtered resources, i.e. build is platform dependent!
2025-05-01 15:11:39,283 [Worker-4: Building] INFO  o.a.m.s.f.DefaultMavenResourcesFiltering - Copying 1 resource from src\main\resources to target\classes
2025-05-01 15:11:39,287 [Worker-4: Building] WARN  o.a.m.s.f.DefaultMavenResourcesFiltering - Using platform encoding (UTF-8 actually) to copy filtered resources, i.e. build is platform dependent!
2025-05-01 15:11:39,289 [Worker-4: Building] INFO  o.a.m.s.f.DefaultMavenResourcesFiltering - Copying 0 resource from src\test\resources to target\test-classes
2025-05-01 15:11:48,431 [Worker-4: Building] WARN  o.a.m.s.f.DefaultMavenResourcesFiltering - Using platform encoding (UTF-8 actually) to copy filtered resources, i.e. build is platform dependent!
2025-05-01 15:11:48,432 [Worker-4: Building] INFO  o.a.m.s.f.DefaultMavenResourcesFiltering - Copying 1 resource from src\main\resources to target\classes
2025-05-01 15:11:48,434 [Worker-4: Building] WARN  o.a.m.s.f.DefaultMavenResourcesFiltering - Using platform encoding (UTF-8 actually) to copy filtered resources, i.e. build is platform dependent!
2025-05-01 15:11:48,435 [Worker-4: Building] INFO  o.a.m.s.f.DefaultMavenResourcesFiltering - Copying 0 resource from src\test\resources to target\test-classes
2025-05-01 15:12:29,411 [Worker-46: Building] WARN  o.a.m.s.f.DefaultMavenResourcesFiltering - Using platform encoding (UTF-8 actually) to copy filtered resources, i.e. build is platform dependent!
2025-05-01 15:12:29,413 [Worker-46: Building] INFO  o.a.m.s.f.DefaultMavenResourcesFiltering - Copying 1 resource from src\main\resources to target\classes
2025-05-01 15:12:29,415 [Worker-46: Building] WARN  o.a.m.s.f.DefaultMavenResourcesFiltering - Using platform encoding (UTF-8 actually) to copy filtered resources, i.e. build is platform dependent!
2025-05-01 15:12:29,416 [Worker-46: Building] INFO  o.a.m.s.f.DefaultMavenResourcesFiltering - Copying 0 resource from src\test\resources to target\test-classes
2025-05-01 15:12:34,088 [Worker-4: Building] WARN  o.a.m.s.f.DefaultMavenResourcesFiltering - Using platform encoding (UTF-8 actually) to copy filtered resources, i.e. build is platform dependent!
2025-05-01 15:12:34,090 [Worker-4: Building] INFO  o.a.m.s.f.DefaultMavenResourcesFiltering - Copying 1 resource from src\main\resources to target\classes
2025-05-01 15:12:34,093 [Worker-4: Building] WARN  o.a.m.s.f.DefaultMavenResourcesFiltering - Using platform encoding (UTF-8 actually) to copy filtered resources, i.e. build is platform dependent!
2025-05-01 15:12:34,094 [Worker-4: Building] INFO  o.a.m.s.f.DefaultMavenResourcesFiltering - Copying 0 resource from src\test\resources to target\test-classes
2025-05-01 15:13:31,442 [Worker-46: Building] WARN  o.a.m.s.f.DefaultMavenResourcesFiltering - Using platform encoding (UTF-8 actually) to copy filtered resources, i.e. build is platform dependent!
2025-05-01 15:13:31,443 [Worker-46: Building] INFO  o.a.m.s.f.DefaultMavenResourcesFiltering - Copying 1 resource from src\main\resources to target\classes
2025-05-01 15:13:31,445 [Worker-46: Building] WARN  o.a.m.s.f.DefaultMavenResourcesFiltering - Using platform encoding (UTF-8 actually) to copy filtered resources, i.e. build is platform dependent!
2025-05-01 15:13:31,446 [Worker-46: Building] INFO  o.a.m.s.f.DefaultMavenResourcesFiltering - Copying 0 resource from src\test\resources to target\test-classes
2025-05-01 15:15:11,899 [Worker-43: Building] WARN  o.a.m.s.f.DefaultMavenResourcesFiltering - Using platform encoding (UTF-8 actually) to copy filtered resources, i.e. build is platform dependent!
2025-05-01 15:15:11,901 [Worker-43: Building] INFO  o.a.m.s.f.DefaultMavenResourcesFiltering - Copying 1 resource from src\main\resources to target\classes
2025-05-01 15:15:11,903 [Worker-43: Building] WARN  o.a.m.s.f.DefaultMavenResourcesFiltering - Using platform encoding (UTF-8 actually) to copy filtered resources, i.e. build is platform dependent!
2025-05-01 15:15:11,903 [Worker-43: Building] INFO  o.a.m.s.f.DefaultMavenResourcesFiltering - Copying 0 resource from src\test\resources to target\test-classes
2025-05-01 15:15:36,874 [Worker-45: Building] WARN  o.a.m.s.f.DefaultMavenResourcesFiltering - Using platform encoding (UTF-8 actually) to copy filtered resources, i.e. build is platform dependent!
2025-05-01 15:15:36,875 [Worker-45: Building] INFO  o.a.m.s.f.DefaultMavenResourcesFiltering - Copying 1 resource from src\main\resources to target\classes
2025-05-01 15:15:36,879 [Worker-45: Building] WARN  o.a.m.s.f.DefaultMavenResourcesFiltering - Using platform encoding (UTF-8 actually) to copy filtered resources, i.e. build is platform dependent!
2025-05-01 15:15:36,880 [Worker-45: Building] INFO  o.a.m.s.f.DefaultMavenResourcesFiltering - Copying 0 resource from src\test\resources to target\test-classes
2025-05-01 15:17:13,705 [Worker-4: Building] WARN  o.a.m.s.f.DefaultMavenResourcesFiltering - Using platform encoding (UTF-8 actually) to copy filtered resources, i.e. build is platform dependent!
2025-05-01 15:17:13,707 [Worker-4: Building] INFO  o.a.m.s.f.DefaultMavenResourcesFiltering - Copying 0 resource from src\main\resources to target\classes
2025-05-01 15:17:13,710 [Worker-4: Building] WARN  o.a.m.s.f.DefaultMavenResourcesFiltering - Using platform encoding (UTF-8 actually) to copy filtered resources, i.e. build is platform dependent!
2025-05-01 15:17:13,711 [Worker-4: Building] INFO  o.a.m.s.f.DefaultMavenResourcesFiltering - Copying 0 resource from src\test\resources to target\test-classes
2025-05-01 15:18:40,688 [Worker-45: Building] WARN  o.a.m.s.f.DefaultMavenResourcesFiltering - Using platform encoding (UTF-8 actually) to copy filtered resources, i.e. build is platform dependent!
2025-05-01 15:18:40,689 [Worker-45: Building] INFO  o.a.m.s.f.DefaultMavenResourcesFiltering - Copying 1 resource from src\main\resources to target\classes
2025-05-01 15:18:40,693 [Worker-45: Building] WARN  o.a.m.s.f.DefaultMavenResourcesFiltering - Using platform encoding (UTF-8 actually) to copy filtered resources, i.e. build is platform dependent!
2025-05-01 15:18:40,694 [Worker-45: Building] INFO  o.a.m.s.f.DefaultMavenResourcesFiltering - Copying 0 resource from src\test\resources to target\test-classes
2025-05-01 15:18:51,088 [Worker-4: Building] WARN  o.a.m.s.f.DefaultMavenResourcesFiltering - Using platform encoding (UTF-8 actually) to copy filtered resources, i.e. build is platform dependent!
2025-05-01 15:18:51,089 [Worker-4: Building] INFO  o.a.m.s.f.DefaultMavenResourcesFiltering - Copying 1 resource from src\main\resources to target\classes
2025-05-01 15:18:51,092 [Worker-4: Building] WARN  o.a.m.s.f.DefaultMavenResourcesFiltering - Using platform encoding (UTF-8 actually) to copy filtered resources, i.e. build is platform dependent!
2025-05-01 15:18:51,093 [Worker-4: Building] INFO  o.a.m.s.f.DefaultMavenResourcesFiltering - Copying 0 resource from src\test\resources to target\test-classes
2025-05-01 15:19:02,742 [Worker-45: Building] WARN  o.a.m.s.f.DefaultMavenResourcesFiltering - Using platform encoding (UTF-8 actually) to copy filtered resources, i.e. build is platform dependent!
2025-05-01 15:19:02,744 [Worker-45: Building] INFO  o.a.m.s.f.DefaultMavenResourcesFiltering - Copying 0 resource from src\main\resources to target\classes
2025-05-01 15:19:02,746 [Worker-45: Building] WARN  o.a.m.s.f.DefaultMavenResourcesFiltering - Using platform encoding (UTF-8 actually) to copy filtered resources, i.e. build is platform dependent!
2025-05-01 15:19:02,747 [Worker-45: Building] INFO  o.a.m.s.f.DefaultMavenResourcesFiltering - Copying 0 resource from src\test\resources to target\test-classes
2025-05-01 15:19:19,645 [Worker-47: Building] WARN  o.a.m.s.f.DefaultMavenResourcesFiltering - Using platform encoding (UTF-8 actually) to copy filtered resources, i.e. build is platform dependent!
2025-05-01 15:19:19,646 [Worker-47: Building] INFO  o.a.m.s.f.DefaultMavenResourcesFiltering - Copying 1 resource from src\main\resources to target\classes
2025-05-01 15:19:19,648 [Worker-47: Building] WARN  o.a.m.s.f.DefaultMavenResourcesFiltering - Using platform encoding (UTF-8 actually) to copy filtered resources, i.e. build is platform dependent!
2025-05-01 15:19:19,649 [Worker-47: Building] INFO  o.a.m.s.f.DefaultMavenResourcesFiltering - Copying 0 resource from src\test\resources to target\test-classes
2025-05-01 15:19:28,938 [Worker-46: Building] WARN  o.a.m.s.f.DefaultMavenResourcesFiltering - Using platform encoding (UTF-8 actually) to copy filtered resources, i.e. build is platform dependent!
2025-05-01 15:19:28,941 [Worker-46: Building] INFO  o.a.m.s.f.DefaultMavenResourcesFiltering - Copying 0 resource from src\main\resources to target\classes
2025-05-01 15:19:28,945 [Worker-46: Building] WARN  o.a.m.s.f.DefaultMavenResourcesFiltering - Using platform encoding (UTF-8 actually) to copy filtered resources, i.e. build is platform dependent!
2025-05-01 15:19:28,946 [Worker-46: Building] INFO  o.a.m.s.f.DefaultMavenResourcesFiltering - Copying 0 resource from src\test\resources to target\test-classes
2025-05-01 15:22:44,383 [Worker-46: Building] WARN  o.a.m.s.f.DefaultMavenResourcesFiltering - Using platform encoding (UTF-8 actually) to copy filtered resources, i.e. build is platform dependent!
2025-05-01 15:22:44,385 [Worker-46: Building] INFO  o.a.m.s.f.DefaultMavenResourcesFiltering - Copying 0 resource from src\main\resources to target\classes
2025-05-01 15:22:44,388 [Worker-46: Building] WARN  o.a.m.s.f.DefaultMavenResourcesFiltering - Using platform encoding (UTF-8 actually) to copy filtered resources, i.e. build is platform dependent!
2025-05-01 15:22:44,390 [Worker-46: Building] INFO  o.a.m.s.f.DefaultMavenResourcesFiltering - Copying 0 resource from src\test\resources to target\test-classes
2025-05-01 15:26:33,151 [Worker-47: Building] WARN  o.a.m.s.f.DefaultMavenResourcesFiltering - Using platform encoding (UTF-8 actually) to copy filtered resources, i.e. build is platform dependent!
2025-05-01 15:26:33,152 [Worker-47: Building] INFO  o.a.m.s.f.DefaultMavenResourcesFiltering - Copying 0 resource from src\main\resources to target\classes
2025-05-01 15:26:33,154 [Worker-47: Building] WARN  o.a.m.s.f.DefaultMavenResourcesFiltering - Using platform encoding (UTF-8 actually) to copy filtered resources, i.e. build is platform dependent!
2025-05-01 15:26:33,155 [Worker-47: Building] INFO  o.a.m.s.f.DefaultMavenResourcesFiltering - Copying 0 resource from src\test\resources to target\test-classes
2025-05-01 15:29:11,189 [Worker-43: Building] WARN  o.a.m.s.f.DefaultMavenResourcesFiltering - Using platform encoding (UTF-8 actually) to copy filtered resources, i.e. build is platform dependent!
2025-05-01 15:29:11,191 [Worker-43: Building] INFO  o.a.m.s.f.DefaultMavenResourcesFiltering - Copying 0 resource from src\main\resources to target\classes
2025-05-01 15:29:11,195 [Worker-43: Building] WARN  o.a.m.s.f.DefaultMavenResourcesFiltering - Using platform encoding (UTF-8 actually) to copy filtered resources, i.e. build is platform dependent!
2025-05-01 15:29:11,197 [Worker-43: Building] INFO  o.a.m.s.f.DefaultMavenResourcesFiltering - Copying 0 resource from src\test\resources to target\test-classes
2025-05-01 15:29:21,127 [Worker-4: Building] WARN  o.a.m.s.f.DefaultMavenResourcesFiltering - Using platform encoding (UTF-8 actually) to copy filtered resources, i.e. build is platform dependent!
2025-05-01 15:29:21,129 [Worker-4: Building] INFO  o.a.m.s.f.DefaultMavenResourcesFiltering - Copying 0 resource from src\main\resources to target\classes
2025-05-01 15:29:21,132 [Worker-4: Building] WARN  o.a.m.s.f.DefaultMavenResourcesFiltering - Using platform encoding (UTF-8 actually) to copy filtered resources, i.e. build is platform dependent!
2025-05-01 15:29:21,134 [Worker-4: Building] INFO  o.a.m.s.f.DefaultMavenResourcesFiltering - Copying 0 resource from src\test\resources to target\test-classes
2025-05-01 15:30:23,725 [Worker-45: Building] WARN  o.a.m.s.f.DefaultMavenResourcesFiltering - Using platform encoding (UTF-8 actually) to copy filtered resources, i.e. build is platform dependent!
2025-05-01 15:30:23,727 [Worker-45: Building] INFO  o.a.m.s.f.DefaultMavenResourcesFiltering - Copying 0 resource from src\main\resources to target\classes
2025-05-01 15:30:23,731 [Worker-45: Building] WARN  o.a.m.s.f.DefaultMavenResourcesFiltering - Using platform encoding (UTF-8 actually) to copy filtered resources, i.e. build is platform dependent!
2025-05-01 15:30:23,732 [Worker-45: Building] INFO  o.a.m.s.f.DefaultMavenResourcesFiltering - Copying 0 resource from src\test\resources to target\test-classes
2025-05-01 15:34:04,560 [Worker-46: Building] WARN  o.a.m.s.f.DefaultMavenResourcesFiltering - Using platform encoding (UTF-8 actually) to copy filtered resources, i.e. build is platform dependent!
2025-05-01 15:34:04,568 [Worker-46: Building] INFO  o.a.m.s.f.DefaultMavenResourcesFiltering - Copying 1 resource from src\main\resources to target\classes
2025-05-01 15:34:04,571 [Worker-46: Building] WARN  o.a.m.s.f.DefaultMavenResourcesFiltering - Using platform encoding (UTF-8 actually) to copy filtered resources, i.e. build is platform dependent!
2025-05-01 15:34:04,572 [Worker-46: Building] INFO  o.a.m.s.f.DefaultMavenResourcesFiltering - Copying 0 resource from src\test\resources to target\test-classes
2025-05-01 15:34:12,754 [Worker-47: Building] WARN  o.a.m.s.f.DefaultMavenResourcesFiltering - Using platform encoding (UTF-8 actually) to copy filtered resources, i.e. build is platform dependent!
2025-05-01 15:34:12,756 [Worker-47: Building] INFO  o.a.m.s.f.DefaultMavenResourcesFiltering - Copying 0 resource from src\main\resources to target\classes
2025-05-01 15:34:12,760 [Worker-47: Building] WARN  o.a.m.s.f.DefaultMavenResourcesFiltering - Using platform encoding (UTF-8 actually) to copy filtered resources, i.e. build is platform dependent!
2025-05-01 15:34:12,761 [Worker-47: Building] INFO  o.a.m.s.f.DefaultMavenResourcesFiltering - Copying 0 resource from src\test\resources to target\test-classes
2025-05-01 15:35:06,544 [Worker-47: Building] WARN  o.a.m.s.f.DefaultMavenResourcesFiltering - Using platform encoding (UTF-8 actually) to copy filtered resources, i.e. build is platform dependent!
2025-05-01 15:35:06,545 [Worker-47: Building] INFO  o.a.m.s.f.DefaultMavenResourcesFiltering - Copying 1 resource from src\main\resources to target\classes
2025-05-01 15:35:06,549 [Worker-47: Building] WARN  o.a.m.s.f.DefaultMavenResourcesFiltering - Using platform encoding (UTF-8 actually) to copy filtered resources, i.e. build is platform dependent!
2025-05-01 15:35:06,550 [Worker-47: Building] INFO  o.a.m.s.f.DefaultMavenResourcesFiltering - Copying 0 resource from src\test\resources to target\test-classes
2025-05-01 15:35:31,983 [Worker-4: Building] WARN  o.a.m.s.f.DefaultMavenResourcesFiltering - Using platform encoding (UTF-8 actually) to copy filtered resources, i.e. build is platform dependent!
2025-05-01 15:35:31,984 [Worker-4: Building] INFO  o.a.m.s.f.DefaultMavenResourcesFiltering - Copying 1 resource from src\main\resources to target\classes
2025-05-01 15:35:31,985 [Worker-4: Building] WARN  o.a.m.s.f.DefaultMavenResourcesFiltering - Using platform encoding (UTF-8 actually) to copy filtered resources, i.e. build is platform dependent!
2025-05-01 15:35:31,987 [Worker-4: Building] INFO  o.a.m.s.f.DefaultMavenResourcesFiltering - Copying 0 resource from src\test\resources to target\test-classes
2025-05-01 15:51:48,707 [Worker-45: Building] WARN  o.a.m.s.f.DefaultMavenResourcesFiltering - Using platform encoding (UTF-8 actually) to copy filtered resources, i.e. build is platform dependent!
2025-05-01 15:51:48,710 [Worker-45: Building] INFO  o.a.m.s.f.DefaultMavenResourcesFiltering - Copying 0 resource from src\main\resources to target\classes
2025-05-01 15:51:48,712 [Worker-45: Building] WARN  o.a.m.s.f.DefaultMavenResourcesFiltering - Using platform encoding (UTF-8 actually) to copy filtered resources, i.e. build is platform dependent!
2025-05-01 15:51:48,713 [Worker-45: Building] INFO  o.a.m.s.f.DefaultMavenResourcesFiltering - Copying 0 resource from src\test\resources to target\test-classes
2025-05-01 15:59:01,967 [Worker-45: Building] WARN  o.a.m.s.f.DefaultMavenResourcesFiltering - Using platform encoding (UTF-8 actually) to copy filtered resources, i.e. build is platform dependent!
2025-05-01 15:59:01,970 [Worker-45: Building] INFO  o.a.m.s.f.DefaultMavenResourcesFiltering - Copying 0 resource from src\main\resources to target\classes
2025-05-01 15:59:01,972 [Worker-45: Building] WARN  o.a.m.s.f.DefaultMavenResourcesFiltering - Using platform encoding (UTF-8 actually) to copy filtered resources, i.e. build is platform dependent!
2025-05-01 15:59:01,973 [Worker-45: Building] INFO  o.a.m.s.f.DefaultMavenResourcesFiltering - Copying 0 resource from src\test\resources to target\test-classes
2025-05-01 16:02:06,353 [Worker-48: Building] WARN  o.a.m.s.f.DefaultMavenResourcesFiltering - Using platform encoding (UTF-8 actually) to copy filtered resources, i.e. build is platform dependent!
2025-05-01 16:02:06,361 [Worker-48: Building] INFO  o.a.m.s.f.DefaultMavenResourcesFiltering - Copying 0 resource from src\main\resources to target\classes
2025-05-01 16:02:06,364 [Worker-48: Building] WARN  o.a.m.s.f.DefaultMavenResourcesFiltering - Using platform encoding (UTF-8 actually) to copy filtered resources, i.e. build is platform dependent!
2025-05-01 16:02:06,365 [Worker-48: Building] INFO  o.a.m.s.f.DefaultMavenResourcesFiltering - Copying 0 resource from src\test\resources to target\test-classes
2025-05-01 16:02:28,304 [Worker-4: Launching Executing test in D__Software Testing Projects_Linkedin Automation Framework By Using Appium_Linkedin_Automation_Framework] INFO  o.eclipse.m2e.core.internal.Bundles - getClasspathEntries(Bundle=org.eclipse.m2e.maven.runtime_3.9.900.20240824-1409 [298])
2025-05-01 16:02:28,306 [Worker-4: Launching Executing test in D__Software Testing Projects_Linkedin Automation Framework By Using Appium_Linkedin_Automation_Framework] INFO  o.eclipse.m2e.core.internal.Bundles - 	Entry: C:\Users\hp5cd\.p2\pool\plugins\org.eclipse.m2e.maven.runtime_3.9.900.20240824-1409
2025-05-01 16:02:28,308 [Worker-4: Launching Executing test in D__Software Testing Projects_Linkedin Automation Framework By Using Appium_Linkedin_Automation_Framework] INFO  o.eclipse.m2e.core.internal.Bundles - 	Entry: C:\Users\hp5cd\.p2\pool\plugins\org.eclipse.m2e.maven.runtime_3.9.900.20240824-1409\jars\aopalliance-1.0.jar
2025-05-01 16:02:28,308 [Worker-4: Launching Executing test in D__Software Testing Projects_Linkedin Automation Framework By Using Appium_Linkedin_Automation_Framework] INFO  o.eclipse.m2e.core.internal.Bundles - 	Entry: C:\Users\hp5cd\.p2\pool\plugins\org.eclipse.m2e.maven.runtime_3.9.900.20240824-1409\jars\guice-5.1.0.jar
2025-05-01 16:02:28,308 [Worker-4: Launching Executing test in D__Software Testing Projects_Linkedin Automation Framework By Using Appium_Linkedin_Automation_Framework] INFO  o.eclipse.m2e.core.internal.Bundles - 	Entry: C:\Users\hp5cd\.p2\pool\plugins\org.eclipse.m2e.maven.runtime_3.9.900.20240824-1409\jars\httpclient-4.5.14.jar
2025-05-01 16:02:28,308 [Worker-4: Launching Executing test in D__Software Testing Projects_Linkedin Automation Framework By Using Appium_Linkedin_Automation_Framework] INFO  o.eclipse.m2e.core.internal.Bundles - 	Entry: C:\Users\hp5cd\.p2\pool\plugins\org.eclipse.m2e.maven.runtime_3.9.900.20240824-1409\jars\httpcore-4.4.16.jar
2025-05-01 16:02:28,308 [Worker-4: Launching Executing test in D__Software Testing Projects_Linkedin Automation Framework By Using Appium_Linkedin_Automation_Framework] INFO  o.eclipse.m2e.core.internal.Bundles - 	Entry: C:\Users\hp5cd\.p2\pool\plugins\org.eclipse.m2e.maven.runtime_3.9.900.20240824-1409\jars\jansi-2.4.1.jar
2025-05-01 16:02:28,309 [Worker-4: Launching Executing test in D__Software Testing Projects_Linkedin Automation Framework By Using Appium_Linkedin_Automation_Framework] INFO  o.eclipse.m2e.core.internal.Bundles - 	Entry: C:\Users\hp5cd\.p2\pool\plugins\org.eclipse.m2e.maven.runtime_3.9.900.20240824-1409\jars\jcl-over-slf4j-1.7.36.jar
2025-05-01 16:02:28,309 [Worker-4: Launching Executing test in D__Software Testing Projects_Linkedin Automation Framework By Using Appium_Linkedin_Automation_Framework] INFO  o.eclipse.m2e.core.internal.Bundles - 	Entry: C:\Users\hp5cd\.p2\pool\plugins\org.eclipse.m2e.maven.runtime_3.9.900.20240824-1409\jars\maven-artifact-3.9.9.jar
2025-05-01 16:02:28,309 [Worker-4: Launching Executing test in D__Software Testing Projects_Linkedin Automation Framework By Using Appium_Linkedin_Automation_Framework] INFO  o.eclipse.m2e.core.internal.Bundles - 	Entry: C:\Users\hp5cd\.p2\pool\plugins\org.eclipse.m2e.maven.runtime_3.9.900.20240824-1409\jars\maven-builder-support-3.9.9.jar
2025-05-01 16:02:28,309 [Worker-4: Launching Executing test in D__Software Testing Projects_Linkedin Automation Framework By Using Appium_Linkedin_Automation_Framework] INFO  o.eclipse.m2e.core.internal.Bundles - 	Entry: C:\Users\hp5cd\.p2\pool\plugins\org.eclipse.m2e.maven.runtime_3.9.900.20240824-1409\jars\maven-compat-3.9.9.jar
2025-05-01 16:02:28,311 [Worker-4: Launching Executing test in D__Software Testing Projects_Linkedin Automation Framework By Using Appium_Linkedin_Automation_Framework] INFO  o.eclipse.m2e.core.internal.Bundles - 	Entry: C:\Users\hp5cd\.p2\pool\plugins\org.eclipse.m2e.maven.runtime_3.9.900.20240824-1409\jars\maven-core-3.9.9.jar
2025-05-01 16:02:28,311 [Worker-4: Launching Executing test in D__Software Testing Projects_Linkedin Automation Framework By Using Appium_Linkedin_Automation_Framework] INFO  o.eclipse.m2e.core.internal.Bundles - 	Entry: C:\Users\hp5cd\.p2\pool\plugins\org.eclipse.m2e.maven.runtime_3.9.900.20240824-1409\jars\maven-embedder-3.9.9.jar
2025-05-01 16:02:28,311 [Worker-4: Launching Executing test in D__Software Testing Projects_Linkedin Automation Framework By Using Appium_Linkedin_Automation_Framework] INFO  o.eclipse.m2e.core.internal.Bundles - 	Entry: C:\Users\hp5cd\.p2\pool\plugins\org.eclipse.m2e.maven.runtime_3.9.900.20240824-1409\jars\maven-model-3.9.9.jar
2025-05-01 16:02:28,311 [Worker-4: Launching Executing test in D__Software Testing Projects_Linkedin Automation Framework By Using Appium_Linkedin_Automation_Framework] INFO  o.eclipse.m2e.core.internal.Bundles - 	Entry: C:\Users\hp5cd\.p2\pool\plugins\org.eclipse.m2e.maven.runtime_3.9.900.20240824-1409\jars\maven-model-builder-3.9.9.jar
2025-05-01 16:02:28,311 [Worker-4: Launching Executing test in D__Software Testing Projects_Linkedin Automation Framework By Using Appium_Linkedin_Automation_Framework] INFO  o.eclipse.m2e.core.internal.Bundles - 	Entry: C:\Users\hp5cd\.p2\pool\plugins\org.eclipse.m2e.maven.runtime_3.9.900.20240824-1409\jars\maven-plugin-api-3.9.9.jar
2025-05-01 16:02:28,311 [Worker-4: Launching Executing test in D__Software Testing Projects_Linkedin Automation Framework By Using Appium_Linkedin_Automation_Framework] INFO  o.eclipse.m2e.core.internal.Bundles - 	Entry: C:\Users\hp5cd\.p2\pool\plugins\org.eclipse.m2e.maven.runtime_3.9.900.20240824-1409\jars\maven-repository-metadata-3.9.9.jar
2025-05-01 16:02:28,311 [Worker-4: Launching Executing test in D__Software Testing Projects_Linkedin Automation Framework By Using Appium_Linkedin_Automation_Framework] INFO  o.eclipse.m2e.core.internal.Bundles - 	Entry: C:\Users\hp5cd\.p2\pool\plugins\org.eclipse.m2e.maven.runtime_3.9.900.20240824-1409\jars\maven-resolver-api-1.9.22.jar
2025-05-01 16:02:28,312 [Worker-4: Launching Executing test in D__Software Testing Projects_Linkedin Automation Framework By Using Appium_Linkedin_Automation_Framework] INFO  o.eclipse.m2e.core.internal.Bundles - 	Entry: C:\Users\hp5cd\.p2\pool\plugins\org.eclipse.m2e.maven.runtime_3.9.900.20240824-1409\jars\maven-resolver-connector-basic-1.9.22.jar
2025-05-01 16:02:28,312 [Worker-4: Launching Executing test in D__Software Testing Projects_Linkedin Automation Framework By Using Appium_Linkedin_Automation_Framework] INFO  o.eclipse.m2e.core.internal.Bundles - 	Entry: C:\Users\hp5cd\.p2\pool\plugins\org.eclipse.m2e.maven.runtime_3.9.900.20240824-1409\jars\maven-resolver-impl-1.9.22.jar
2025-05-01 16:02:28,312 [Worker-4: Launching Executing test in D__Software Testing Projects_Linkedin Automation Framework By Using Appium_Linkedin_Automation_Framework] INFO  o.eclipse.m2e.core.internal.Bundles - 	Entry: C:\Users\hp5cd\.p2\pool\plugins\org.eclipse.m2e.maven.runtime_3.9.900.20240824-1409\jars\maven-resolver-named-locks-1.9.22.jar
2025-05-01 16:02:28,312 [Worker-4: Launching Executing test in D__Software Testing Projects_Linkedin Automation Framework By Using Appium_Linkedin_Automation_Framework] INFO  o.eclipse.m2e.core.internal.Bundles - 	Entry: C:\Users\hp5cd\.p2\pool\plugins\org.eclipse.m2e.maven.runtime_3.9.900.20240824-1409\jars\maven-resolver-provider-3.9.9.jar
2025-05-01 16:02:28,312 [Worker-4: Launching Executing test in D__Software Testing Projects_Linkedin Automation Framework By Using Appium_Linkedin_Automation_Framework] INFO  o.eclipse.m2e.core.internal.Bundles - 	Entry: C:\Users\hp5cd\.p2\pool\plugins\org.eclipse.m2e.maven.runtime_3.9.900.20240824-1409\jars\maven-resolver-spi-1.9.22.jar
2025-05-01 16:02:28,313 [Worker-4: Launching Executing test in D__Software Testing Projects_Linkedin Automation Framework By Using Appium_Linkedin_Automation_Framework] INFO  o.eclipse.m2e.core.internal.Bundles - 	Entry: C:\Users\hp5cd\.p2\pool\plugins\org.eclipse.m2e.maven.runtime_3.9.900.20240824-1409\jars\maven-resolver-transport-file-1.9.22.jar
2025-05-01 16:02:28,313 [Worker-4: Launching Executing test in D__Software Testing Projects_Linkedin Automation Framework By Using Appium_Linkedin_Automation_Framework] INFO  o.eclipse.m2e.core.internal.Bundles - 	Entry: C:\Users\hp5cd\.p2\pool\plugins\org.eclipse.m2e.maven.runtime_3.9.900.20240824-1409\jars\maven-resolver-transport-http-1.9.22.jar
2025-05-01 16:02:28,314 [Worker-4: Launching Executing test in D__Software Testing Projects_Linkedin Automation Framework By Using Appium_Linkedin_Automation_Framework] INFO  o.eclipse.m2e.core.internal.Bundles - 	Entry: C:\Users\hp5cd\.p2\pool\plugins\org.eclipse.m2e.maven.runtime_3.9.900.20240824-1409\jars\maven-resolver-transport-wagon-1.9.22.jar
2025-05-01 16:02:28,314 [Worker-4: Launching Executing test in D__Software Testing Projects_Linkedin Automation Framework By Using Appium_Linkedin_Automation_Framework] INFO  o.eclipse.m2e.core.internal.Bundles - 	Entry: C:\Users\hp5cd\.p2\pool\plugins\org.eclipse.m2e.maven.runtime_3.9.900.20240824-1409\jars\maven-resolver-util-1.9.22.jar
2025-05-01 16:02:28,314 [Worker-4: Launching Executing test in D__Software Testing Projects_Linkedin Automation Framework By Using Appium_Linkedin_Automation_Framework] INFO  o.eclipse.m2e.core.internal.Bundles - 	Entry: C:\Users\hp5cd\.p2\pool\plugins\org.eclipse.m2e.maven.runtime_3.9.900.20240824-1409\jars\maven-settings-3.9.9.jar
2025-05-01 16:02:28,314 [Worker-4: Launching Executing test in D__Software Testing Projects_Linkedin Automation Framework By Using Appium_Linkedin_Automation_Framework] INFO  o.eclipse.m2e.core.internal.Bundles - 	Entry: C:\Users\hp5cd\.p2\pool\plugins\org.eclipse.m2e.maven.runtime_3.9.900.20240824-1409\jars\maven-settings-builder-3.9.9.jar
2025-05-01 16:02:28,314 [Worker-4: Launching Executing test in D__Software Testing Projects_Linkedin Automation Framework By Using Appium_Linkedin_Automation_Framework] INFO  o.eclipse.m2e.core.internal.Bundles - 	Entry: C:\Users\hp5cd\.p2\pool\plugins\org.eclipse.m2e.maven.runtime_3.9.900.20240824-1409\jars\maven-shared-utils-3.4.2.jar
2025-05-01 16:02:28,314 [Worker-4: Launching Executing test in D__Software Testing Projects_Linkedin Automation Framework By Using Appium_Linkedin_Automation_Framework] INFO  o.eclipse.m2e.core.internal.Bundles - 	Entry: C:\Users\hp5cd\.p2\pool\plugins\org.eclipse.m2e.maven.runtime_3.9.900.20240824-1409\jars\org.eclipse.sisu.inject-0.9.0.M3.jar
2025-05-01 16:02:28,314 [Worker-4: Launching Executing test in D__Software Testing Projects_Linkedin Automation Framework By Using Appium_Linkedin_Automation_Framework] INFO  o.eclipse.m2e.core.internal.Bundles - 	Entry: C:\Users\hp5cd\.p2\pool\plugins\org.eclipse.m2e.maven.runtime_3.9.900.20240824-1409\jars\org.eclipse.sisu.plexus-0.9.0.M3.jar
2025-05-01 16:02:28,314 [Worker-4: Launching Executing test in D__Software Testing Projects_Linkedin Automation Framework By Using Appium_Linkedin_Automation_Framework] INFO  o.eclipse.m2e.core.internal.Bundles - 	Entry: C:\Users\hp5cd\.p2\pool\plugins\org.eclipse.m2e.maven.runtime_3.9.900.20240824-1409\jars\plexus-build-api-0.0.7.jar
2025-05-01 16:02:28,314 [Worker-4: Launching Executing test in D__Software Testing Projects_Linkedin Automation Framework By Using Appium_Linkedin_Automation_Framework] INFO  o.eclipse.m2e.core.internal.Bundles - 	Entry: C:\Users\hp5cd\.p2\pool\plugins\org.eclipse.m2e.maven.runtime_3.9.900.20240824-1409\jars\plexus-build-api-1.2.0.jar
2025-05-01 16:02:28,315 [Worker-4: Launching Executing test in D__Software Testing Projects_Linkedin Automation Framework By Using Appium_Linkedin_Automation_Framework] INFO  o.eclipse.m2e.core.internal.Bundles - 	Entry: C:\Users\hp5cd\.p2\pool\plugins\org.eclipse.m2e.maven.runtime_3.9.900.20240824-1409\jars\plexus-cipher-2.0.jar
2025-05-01 16:02:28,315 [Worker-4: Launching Executing test in D__Software Testing Projects_Linkedin Automation Framework By Using Appium_Linkedin_Automation_Framework] INFO  o.eclipse.m2e.core.internal.Bundles - 	Entry: C:\Users\hp5cd\.p2\pool\plugins\org.eclipse.m2e.maven.runtime_3.9.900.20240824-1409\jars\plexus-classworlds-2.8.0.jar
2025-05-01 16:02:28,315 [Worker-4: Launching Executing test in D__Software Testing Projects_Linkedin Automation Framework By Using Appium_Linkedin_Automation_Framework] INFO  o.eclipse.m2e.core.internal.Bundles - 	Entry: C:\Users\hp5cd\.p2\pool\plugins\org.eclipse.m2e.maven.runtime_3.9.900.20240824-1409\jars\plexus-component-annotations-2.1.0.jar
2025-05-01 16:02:28,315 [Worker-4: Launching Executing test in D__Software Testing Projects_Linkedin Automation Framework By Using Appium_Linkedin_Automation_Framework] INFO  o.eclipse.m2e.core.internal.Bundles - 	Entry: C:\Users\hp5cd\.p2\pool\plugins\org.eclipse.m2e.maven.runtime_3.9.900.20240824-1409\jars\plexus-interpolation-1.27.jar
2025-05-01 16:02:28,316 [Worker-4: Launching Executing test in D__Software Testing Projects_Linkedin Automation Framework By Using Appium_Linkedin_Automation_Framework] INFO  o.eclipse.m2e.core.internal.Bundles - 	Entry: C:\Users\hp5cd\.p2\pool\plugins\org.eclipse.m2e.maven.runtime_3.9.900.20240824-1409\jars\plexus-sec-dispatcher-2.0.jar
2025-05-01 16:02:28,316 [Worker-4: Launching Executing test in D__Software Testing Projects_Linkedin Automation Framework By Using Appium_Linkedin_Automation_Framework] INFO  o.eclipse.m2e.core.internal.Bundles - 	Entry: C:\Users\hp5cd\.p2\pool\plugins\org.eclipse.m2e.maven.runtime_3.9.900.20240824-1409\jars\plexus-utils-3.5.1.jar
2025-05-01 16:02:28,316 [Worker-4: Launching Executing test in D__Software Testing Projects_Linkedin Automation Framework By Using Appium_Linkedin_Automation_Framework] INFO  o.eclipse.m2e.core.internal.Bundles - 	Entry: C:\Users\hp5cd\.p2\pool\plugins\org.eclipse.m2e.maven.runtime_3.9.900.20240824-1409\jars\plexus-xml-3.0.1.jar
2025-05-01 16:02:28,316 [Worker-4: Launching Executing test in D__Software Testing Projects_Linkedin Automation Framework By Using Appium_Linkedin_Automation_Framework] INFO  o.eclipse.m2e.core.internal.Bundles - 	Entry: C:\Users\hp5cd\.p2\pool\plugins\org.eclipse.m2e.maven.runtime_3.9.900.20240824-1409\jars\wagon-file-3.5.3.jar
2025-05-01 16:02:28,316 [Worker-4: Launching Executing test in D__Software Testing Projects_Linkedin Automation Framework By Using Appium_Linkedin_Automation_Framework] INFO  o.eclipse.m2e.core.internal.Bundles - 	Entry: C:\Users\hp5cd\.p2\pool\plugins\org.eclipse.m2e.maven.runtime_3.9.900.20240824-1409\jars\wagon-http-3.5.3.jar
2025-05-01 16:02:28,316 [Worker-4: Launching Executing test in D__Software Testing Projects_Linkedin Automation Framework By Using Appium_Linkedin_Automation_Framework] INFO  o.eclipse.m2e.core.internal.Bundles - 	Entry: C:\Users\hp5cd\.p2\pool\plugins\org.eclipse.m2e.maven.runtime_3.9.900.20240824-1409\jars\wagon-http-shared-3.5.3.jar
2025-05-01 16:02:28,316 [Worker-4: Launching Executing test in D__Software Testing Projects_Linkedin Automation Framework By Using Appium_Linkedin_Automation_Framework] INFO  o.eclipse.m2e.core.internal.Bundles - 	Entry: C:\Users\hp5cd\.p2\pool\plugins\org.eclipse.m2e.maven.runtime_3.9.900.20240824-1409\jars\wagon-provider-api-3.5.3.jar
2025-05-01 16:02:28,317 [Worker-4: Launching Executing test in D__Software Testing Projects_Linkedin Automation Framework By Using Appium_Linkedin_Automation_Framework] INFO  o.eclipse.m2e.core.internal.Bundles - getClasspathEntries(Bundle=com.google.guava_33.3.1.jre [10])
2025-05-01 16:02:28,317 [Worker-4: Launching Executing test in D__Software Testing Projects_Linkedin Automation Framework By Using Appium_Linkedin_Automation_Framework] INFO  o.eclipse.m2e.core.internal.Bundles - 	Entry: C:\Users\hp5cd\.p2\pool\plugins\com.google.guava_33.3.1.jre.jar
2025-05-01 16:02:28,317 [Worker-4: Launching Executing test in D__Software Testing Projects_Linkedin Automation Framework By Using Appium_Linkedin_Automation_Framework] INFO  o.eclipse.m2e.core.internal.Bundles - getClasspathEntries(Bundle=slf4j.api_2.0.17 [571])
2025-05-01 16:02:28,318 [Worker-4: Launching Executing test in D__Software Testing Projects_Linkedin Automation Framework By Using Appium_Linkedin_Automation_Framework] INFO  o.eclipse.m2e.core.internal.Bundles - 	Entry: C:\Users\hp5cd\.p2\pool\plugins\slf4j.api_2.0.17.jar
2025-05-01 16:02:28,318 [Worker-4: Launching Executing test in D__Software Testing Projects_Linkedin Automation Framework By Using Appium_Linkedin_Automation_Framework] INFO  o.eclipse.m2e.core.internal.Bundles - getClasspathEntries(Bundle=jakarta.inject.jakarta.inject-api_1.0.5 [22])
2025-05-01 16:02:28,318 [Worker-4: Launching Executing test in D__Software Testing Projects_Linkedin Automation Framework By Using Appium_Linkedin_Automation_Framework] INFO  o.eclipse.m2e.core.internal.Bundles - 	Entry: C:\Users\hp5cd\.p2\pool\plugins\jakarta.inject.jakarta.inject-api_1.0.5.jar
2025-05-01 16:02:28,318 [Worker-4: Launching Executing test in D__Software Testing Projects_Linkedin Automation Framework By Using Appium_Linkedin_Automation_Framework] INFO  o.eclipse.m2e.core.internal.Bundles - getClasspathEntries(Bundle=jakarta.annotation-api_1.3.5 [20])
2025-05-01 16:02:28,318 [Worker-4: Launching Executing test in D__Software Testing Projects_Linkedin Automation Framework By Using Appium_Linkedin_Automation_Framework] INFO  o.eclipse.m2e.core.internal.Bundles - 	Entry: C:\Users\hp5cd\.p2\pool\plugins\jakarta.annotation-api_1.3.5.jar
2025-05-01 16:02:28,318 [Worker-4: Launching Executing test in D__Software Testing Projects_Linkedin Automation Framework By Using Appium_Linkedin_Automation_Framework] INFO  o.eclipse.m2e.core.internal.Bundles - getClasspathEntries(Bundle=org.apache.commons.cli_1.9.0 [47])
2025-05-01 16:02:28,319 [Worker-4: Launching Executing test in D__Software Testing Projects_Linkedin Automation Framework By Using Appium_Linkedin_Automation_Framework] INFO  o.eclipse.m2e.core.internal.Bundles - 	Entry: C:\Users\hp5cd\.p2\pool\plugins\org.apache.commons.cli_1.9.0.jar
2025-05-01 16:02:28,319 [Worker-4: Launching Executing test in D__Software Testing Projects_Linkedin Automation Framework By Using Appium_Linkedin_Automation_Framework] INFO  o.eclipse.m2e.core.internal.Bundles - getClasspathEntries(Bundle=org.apache.commons.commons-codec_1.16.0 [50])
2025-05-01 16:02:28,319 [Worker-4: Launching Executing test in D__Software Testing Projects_Linkedin Automation Framework By Using Appium_Linkedin_Automation_Framework] INFO  o.eclipse.m2e.core.internal.Bundles - 	Entry: C:\Users\hp5cd\.p2\pool\plugins\org.apache.commons.commons-codec_1.16.0.jar
2025-05-01 16:02:28,319 [Worker-4: Launching Executing test in D__Software Testing Projects_Linkedin Automation Framework By Using Appium_Linkedin_Automation_Framework] INFO  o.eclipse.m2e.core.internal.Bundles - getClasspathEntries(Bundle=com.google.guava.failureaccess_1.0.2 [11])
2025-05-01 16:02:28,319 [Worker-4: Launching Executing test in D__Software Testing Projects_Linkedin Automation Framework By Using Appium_Linkedin_Automation_Framework] INFO  o.eclipse.m2e.core.internal.Bundles - 	Entry: C:\Users\hp5cd\.p2\pool\plugins\com.google.guava.failureaccess_1.0.2.jar
2025-05-01 16:02:28,322 [Worker-4: Launching Executing test in D__Software Testing Projects_Linkedin Automation Framework By Using Appium_Linkedin_Automation_Framework] INFO  o.e.m.i.launch.MavenLaunchDelegate - Run build in "D:\Software Testing Projects\Linkedin Automation Framework By Using Appium\Linkedin_Automation_Framework":
2025-05-01 16:02:28,322 [Worker-4: Launching Executing test in D__Software Testing Projects_Linkedin Automation Framework By Using Appium_Linkedin_Automation_Framework] INFO  o.e.m.i.launch.MavenLaunchDelegate -  mvn  -B -Dstyle.color=always test
2025-05-01 16:02:55,621 [Worker-46: Building] WARN  o.a.m.s.f.DefaultMavenResourcesFiltering - Using platform encoding (UTF-8 actually) to copy filtered resources, i.e. build is platform dependent!
2025-05-01 16:02:55,622 [Worker-46: Building] INFO  o.a.m.s.f.DefaultMavenResourcesFiltering - Copying 0 resource from src\main\resources to target\classes
2025-05-01 16:02:55,624 [Worker-46: Building] WARN  o.a.m.s.f.DefaultMavenResourcesFiltering - Using platform encoding (UTF-8 actually) to copy filtered resources, i.e. build is platform dependent!
2025-05-01 16:02:55,625 [Worker-46: Building] INFO  o.a.m.s.f.DefaultMavenResourcesFiltering - Copying 0 resource from src\test\resources to target\test-classes
2025-05-01 16:03:08,876 [Worker-45: Launching Executing test in D__Software Testing Projects_Linkedin Automation Framework By Using Appium_Linkedin_Automation_Framework] INFO  o.eclipse.m2e.core.internal.Bundles - getClasspathEntries(Bundle=org.eclipse.m2e.maven.runtime_3.9.900.20240824-1409 [298])
2025-05-01 16:03:08,876 [Worker-45: Launching Executing test in D__Software Testing Projects_Linkedin Automation Framework By Using Appium_Linkedin_Automation_Framework] INFO  o.eclipse.m2e.core.internal.Bundles - 	Entry: C:\Users\hp5cd\.p2\pool\plugins\org.eclipse.m2e.maven.runtime_3.9.900.20240824-1409
2025-05-01 16:03:08,876 [Worker-45: Launching Executing test in D__Software Testing Projects_Linkedin Automation Framework By Using Appium_Linkedin_Automation_Framework] INFO  o.eclipse.m2e.core.internal.Bundles - 	Entry: C:\Users\hp5cd\.p2\pool\plugins\org.eclipse.m2e.maven.runtime_3.9.900.20240824-1409\jars\aopalliance-1.0.jar
2025-05-01 16:03:08,876 [Worker-45: Launching Executing test in D__Software Testing Projects_Linkedin Automation Framework By Using Appium_Linkedin_Automation_Framework] INFO  o.eclipse.m2e.core.internal.Bundles - 	Entry: C:\Users\hp5cd\.p2\pool\plugins\org.eclipse.m2e.maven.runtime_3.9.900.20240824-1409\jars\guice-5.1.0.jar
2025-05-01 16:03:08,877 [Worker-45: Launching Executing test in D__Software Testing Projects_Linkedin Automation Framework By Using Appium_Linkedin_Automation_Framework] INFO  o.eclipse.m2e.core.internal.Bundles - 	Entry: C:\Users\hp5cd\.p2\pool\plugins\org.eclipse.m2e.maven.runtime_3.9.900.20240824-1409\jars\httpclient-4.5.14.jar
2025-05-01 16:03:08,877 [Worker-45: Launching Executing test in D__Software Testing Projects_Linkedin Automation Framework By Using Appium_Linkedin_Automation_Framework] INFO  o.eclipse.m2e.core.internal.Bundles - 	Entry: C:\Users\hp5cd\.p2\pool\plugins\org.eclipse.m2e.maven.runtime_3.9.900.20240824-1409\jars\httpcore-4.4.16.jar
2025-05-01 16:03:08,877 [Worker-45: Launching Executing test in D__Software Testing Projects_Linkedin Automation Framework By Using Appium_Linkedin_Automation_Framework] INFO  o.eclipse.m2e.core.internal.Bundles - 	Entry: C:\Users\hp5cd\.p2\pool\plugins\org.eclipse.m2e.maven.runtime_3.9.900.20240824-1409\jars\jansi-2.4.1.jar
2025-05-01 16:03:08,877 [Worker-45: Launching Executing test in D__Software Testing Projects_Linkedin Automation Framework By Using Appium_Linkedin_Automation_Framework] INFO  o.eclipse.m2e.core.internal.Bundles - 	Entry: C:\Users\hp5cd\.p2\pool\plugins\org.eclipse.m2e.maven.runtime_3.9.900.20240824-1409\jars\jcl-over-slf4j-1.7.36.jar
2025-05-01 16:03:08,877 [Worker-45: Launching Executing test in D__Software Testing Projects_Linkedin Automation Framework By Using Appium_Linkedin_Automation_Framework] INFO  o.eclipse.m2e.core.internal.Bundles - 	Entry: C:\Users\hp5cd\.p2\pool\plugins\org.eclipse.m2e.maven.runtime_3.9.900.20240824-1409\jars\maven-artifact-3.9.9.jar
2025-05-01 16:03:08,877 [Worker-45: Launching Executing test in D__Software Testing Projects_Linkedin Automation Framework By Using Appium_Linkedin_Automation_Framework] INFO  o.eclipse.m2e.core.internal.Bundles - 	Entry: C:\Users\hp5cd\.p2\pool\plugins\org.eclipse.m2e.maven.runtime_3.9.900.20240824-1409\jars\maven-builder-support-3.9.9.jar
2025-05-01 16:03:08,877 [Worker-45: Launching Executing test in D__Software Testing Projects_Linkedin Automation Framework By Using Appium_Linkedin_Automation_Framework] INFO  o.eclipse.m2e.core.internal.Bundles - 	Entry: C:\Users\hp5cd\.p2\pool\plugins\org.eclipse.m2e.maven.runtime_3.9.900.20240824-1409\jars\maven-compat-3.9.9.jar
2025-05-01 16:03:08,877 [Worker-45: Launching Executing test in D__Software Testing Projects_Linkedin Automation Framework By Using Appium_Linkedin_Automation_Framework] INFO  o.eclipse.m2e.core.internal.Bundles - 	Entry: C:\Users\hp5cd\.p2\pool\plugins\org.eclipse.m2e.maven.runtime_3.9.900.20240824-1409\jars\maven-core-3.9.9.jar
2025-05-01 16:03:08,877 [Worker-45: Launching Executing test in D__Software Testing Projects_Linkedin Automation Framework By Using Appium_Linkedin_Automation_Framework] INFO  o.eclipse.m2e.core.internal.Bundles - 	Entry: C:\Users\hp5cd\.p2\pool\plugins\org.eclipse.m2e.maven.runtime_3.9.900.20240824-1409\jars\maven-embedder-3.9.9.jar
2025-05-01 16:03:08,877 [Worker-45: Launching Executing test in D__Software Testing Projects_Linkedin Automation Framework By Using Appium_Linkedin_Automation_Framework] INFO  o.eclipse.m2e.core.internal.Bundles - 	Entry: C:\Users\hp5cd\.p2\pool\plugins\org.eclipse.m2e.maven.runtime_3.9.900.20240824-1409\jars\maven-model-3.9.9.jar
2025-05-01 16:03:08,877 [Worker-45: Launching Executing test in D__Software Testing Projects_Linkedin Automation Framework By Using Appium_Linkedin_Automation_Framework] INFO  o.eclipse.m2e.core.internal.Bundles - 	Entry: C:\Users\hp5cd\.p2\pool\plugins\org.eclipse.m2e.maven.runtime_3.9.900.20240824-1409\jars\maven-model-builder-3.9.9.jar
2025-05-01 16:03:08,877 [Worker-45: Launching Executing test in D__Software Testing Projects_Linkedin Automation Framework By Using Appium_Linkedin_Automation_Framework] INFO  o.eclipse.m2e.core.internal.Bundles - 	Entry: C:\Users\hp5cd\.p2\pool\plugins\org.eclipse.m2e.maven.runtime_3.9.900.20240824-1409\jars\maven-plugin-api-3.9.9.jar
2025-05-01 16:03:08,878 [Worker-45: Launching Executing test in D__Software Testing Projects_Linkedin Automation Framework By Using Appium_Linkedin_Automation_Framework] INFO  o.eclipse.m2e.core.internal.Bundles - 	Entry: C:\Users\hp5cd\.p2\pool\plugins\org.eclipse.m2e.maven.runtime_3.9.900.20240824-1409\jars\maven-repository-metadata-3.9.9.jar
2025-05-01 16:03:08,878 [Worker-45: Launching Executing test in D__Software Testing Projects_Linkedin Automation Framework By Using Appium_Linkedin_Automation_Framework] INFO  o.eclipse.m2e.core.internal.Bundles - 	Entry: C:\Users\hp5cd\.p2\pool\plugins\org.eclipse.m2e.maven.runtime_3.9.900.20240824-1409\jars\maven-resolver-api-1.9.22.jar
2025-05-01 16:03:08,878 [Worker-45: Launching Executing test in D__Software Testing Projects_Linkedin Automation Framework By Using Appium_Linkedin_Automation_Framework] INFO  o.eclipse.m2e.core.internal.Bundles - 	Entry: C:\Users\hp5cd\.p2\pool\plugins\org.eclipse.m2e.maven.runtime_3.9.900.20240824-1409\jars\maven-resolver-connector-basic-1.9.22.jar
2025-05-01 16:03:08,878 [Worker-45: Launching Executing test in D__Software Testing Projects_Linkedin Automation Framework By Using Appium_Linkedin_Automation_Framework] INFO  o.eclipse.m2e.core.internal.Bundles - 	Entry: C:\Users\hp5cd\.p2\pool\plugins\org.eclipse.m2e.maven.runtime_3.9.900.20240824-1409\jars\maven-resolver-impl-1.9.22.jar
2025-05-01 16:03:08,878 [Worker-45: Launching Executing test in D__Software Testing Projects_Linkedin Automation Framework By Using Appium_Linkedin_Automation_Framework] INFO  o.eclipse.m2e.core.internal.Bundles - 	Entry: C:\Users\hp5cd\.p2\pool\plugins\org.eclipse.m2e.maven.runtime_3.9.900.20240824-1409\jars\maven-resolver-named-locks-1.9.22.jar
2025-05-01 16:03:08,879 [Worker-45: Launching Executing test in D__Software Testing Projects_Linkedin Automation Framework By Using Appium_Linkedin_Automation_Framework] INFO  o.eclipse.m2e.core.internal.Bundles - 	Entry: C:\Users\hp5cd\.p2\pool\plugins\org.eclipse.m2e.maven.runtime_3.9.900.20240824-1409\jars\maven-resolver-provider-3.9.9.jar
2025-05-01 16:03:08,879 [Worker-45: Launching Executing test in D__Software Testing Projects_Linkedin Automation Framework By Using Appium_Linkedin_Automation_Framework] INFO  o.eclipse.m2e.core.internal.Bundles - 	Entry: C:\Users\hp5cd\.p2\pool\plugins\org.eclipse.m2e.maven.runtime_3.9.900.20240824-1409\jars\maven-resolver-spi-1.9.22.jar
2025-05-01 16:03:08,879 [Worker-45: Launching Executing test in D__Software Testing Projects_Linkedin Automation Framework By Using Appium_Linkedin_Automation_Framework] INFO  o.eclipse.m2e.core.internal.Bundles - 	Entry: C:\Users\hp5cd\.p2\pool\plugins\org.eclipse.m2e.maven.runtime_3.9.900.20240824-1409\jars\maven-resolver-transport-file-1.9.22.jar
2025-05-01 16:03:08,879 [Worker-45: Launching Executing test in D__Software Testing Projects_Linkedin Automation Framework By Using Appium_Linkedin_Automation_Framework] INFO  o.eclipse.m2e.core.internal.Bundles - 	Entry: C:\Users\hp5cd\.p2\pool\plugins\org.eclipse.m2e.maven.runtime_3.9.900.20240824-1409\jars\maven-resolver-transport-http-1.9.22.jar
2025-05-01 16:03:08,879 [Worker-45: Launching Executing test in D__Software Testing Projects_Linkedin Automation Framework By Using Appium_Linkedin_Automation_Framework] INFO  o.eclipse.m2e.core.internal.Bundles - 	Entry: C:\Users\hp5cd\.p2\pool\plugins\org.eclipse.m2e.maven.runtime_3.9.900.20240824-1409\jars\maven-resolver-transport-wagon-1.9.22.jar
2025-05-01 16:03:08,879 [Worker-45: Launching Executing test in D__Software Testing Projects_Linkedin Automation Framework By Using Appium_Linkedin_Automation_Framework] INFO  o.eclipse.m2e.core.internal.Bundles - 	Entry: C:\Users\hp5cd\.p2\pool\plugins\org.eclipse.m2e.maven.runtime_3.9.900.20240824-1409\jars\maven-resolver-util-1.9.22.jar
2025-05-01 16:03:08,881 [Worker-45: Launching Executing test in D__Software Testing Projects_Linkedin Automation Framework By Using Appium_Linkedin_Automation_Framework] INFO  o.eclipse.m2e.core.internal.Bundles - 	Entry: C:\Users\hp5cd\.p2\pool\plugins\org.eclipse.m2e.maven.runtime_3.9.900.20240824-1409\jars\maven-settings-3.9.9.jar
2025-05-01 16:03:08,881 [Worker-45: Launching Executing test in D__Software Testing Projects_Linkedin Automation Framework By Using Appium_Linkedin_Automation_Framework] INFO  o.eclipse.m2e.core.internal.Bundles - 	Entry: C:\Users\hp5cd\.p2\pool\plugins\org.eclipse.m2e.maven.runtime_3.9.900.20240824-1409\jars\maven-settings-builder-3.9.9.jar
2025-05-01 16:03:08,881 [Worker-45: Launching Executing test in D__Software Testing Projects_Linkedin Automation Framework By Using Appium_Linkedin_Automation_Framework] INFO  o.eclipse.m2e.core.internal.Bundles - 	Entry: C:\Users\hp5cd\.p2\pool\plugins\org.eclipse.m2e.maven.runtime_3.9.900.20240824-1409\jars\maven-shared-utils-3.4.2.jar
2025-05-01 16:03:08,881 [Worker-45: Launching Executing test in D__Software Testing Projects_Linkedin Automation Framework By Using Appium_Linkedin_Automation_Framework] INFO  o.eclipse.m2e.core.internal.Bundles - 	Entry: C:\Users\hp5cd\.p2\pool\plugins\org.eclipse.m2e.maven.runtime_3.9.900.20240824-1409\jars\org.eclipse.sisu.inject-0.9.0.M3.jar
2025-05-01 16:03:08,881 [Worker-45: Launching Executing test in D__Software Testing Projects_Linkedin Automation Framework By Using Appium_Linkedin_Automation_Framework] INFO  o.eclipse.m2e.core.internal.Bundles - 	Entry: C:\Users\hp5cd\.p2\pool\plugins\org.eclipse.m2e.maven.runtime_3.9.900.20240824-1409\jars\org.eclipse.sisu.plexus-0.9.0.M3.jar
2025-05-01 16:03:08,882 [Worker-45: Launching Executing test in D__Software Testing Projects_Linkedin Automation Framework By Using Appium_Linkedin_Automation_Framework] INFO  o.eclipse.m2e.core.internal.Bundles - 	Entry: C:\Users\hp5cd\.p2\pool\plugins\org.eclipse.m2e.maven.runtime_3.9.900.20240824-1409\jars\plexus-build-api-0.0.7.jar
2025-05-01 16:03:08,882 [Worker-45: Launching Executing test in D__Software Testing Projects_Linkedin Automation Framework By Using Appium_Linkedin_Automation_Framework] INFO  o.eclipse.m2e.core.internal.Bundles - 	Entry: C:\Users\hp5cd\.p2\pool\plugins\org.eclipse.m2e.maven.runtime_3.9.900.20240824-1409\jars\plexus-build-api-1.2.0.jar
2025-05-01 16:03:08,882 [Worker-45: Launching Executing test in D__Software Testing Projects_Linkedin Automation Framework By Using Appium_Linkedin_Automation_Framework] INFO  o.eclipse.m2e.core.internal.Bundles - 	Entry: C:\Users\hp5cd\.p2\pool\plugins\org.eclipse.m2e.maven.runtime_3.9.900.20240824-1409\jars\plexus-cipher-2.0.jar
2025-05-01 16:03:08,882 [Worker-45: Launching Executing test in D__Software Testing Projects_Linkedin Automation Framework By Using Appium_Linkedin_Automation_Framework] INFO  o.eclipse.m2e.core.internal.Bundles - 	Entry: C:\Users\hp5cd\.p2\pool\plugins\org.eclipse.m2e.maven.runtime_3.9.900.20240824-1409\jars\plexus-classworlds-2.8.0.jar
2025-05-01 16:03:08,882 [Worker-45: Launching Executing test in D__Software Testing Projects_Linkedin Automation Framework By Using Appium_Linkedin_Automation_Framework] INFO  o.eclipse.m2e.core.internal.Bundles - 	Entry: C:\Users\hp5cd\.p2\pool\plugins\org.eclipse.m2e.maven.runtime_3.9.900.20240824-1409\jars\plexus-component-annotations-2.1.0.jar
2025-05-01 16:03:08,882 [Worker-45: Launching Executing test in D__Software Testing Projects_Linkedin Automation Framework By Using Appium_Linkedin_Automation_Framework] INFO  o.eclipse.m2e.core.internal.Bundles - 	Entry: C:\Users\hp5cd\.p2\pool\plugins\org.eclipse.m2e.maven.runtime_3.9.900.20240824-1409\jars\plexus-interpolation-1.27.jar
2025-05-01 16:03:08,882 [Worker-45: Launching Executing test in D__Software Testing Projects_Linkedin Automation Framework By Using Appium_Linkedin_Automation_Framework] INFO  o.eclipse.m2e.core.internal.Bundles - 	Entry: C:\Users\hp5cd\.p2\pool\plugins\org.eclipse.m2e.maven.runtime_3.9.900.20240824-1409\jars\plexus-sec-dispatcher-2.0.jar
2025-05-01 16:03:08,882 [Worker-45: Launching Executing test in D__Software Testing Projects_Linkedin Automation Framework By Using Appium_Linkedin_Automation_Framework] INFO  o.eclipse.m2e.core.internal.Bundles - 	Entry: C:\Users\hp5cd\.p2\pool\plugins\org.eclipse.m2e.maven.runtime_3.9.900.20240824-1409\jars\plexus-utils-3.5.1.jar
2025-05-01 16:03:08,882 [Worker-45: Launching Executing test in D__Software Testing Projects_Linkedin Automation Framework By Using Appium_Linkedin_Automation_Framework] INFO  o.eclipse.m2e.core.internal.Bundles - 	Entry: C:\Users\hp5cd\.p2\pool\plugins\org.eclipse.m2e.maven.runtime_3.9.900.20240824-1409\jars\plexus-xml-3.0.1.jar
2025-05-01 16:03:08,882 [Worker-45: Launching Executing test in D__Software Testing Projects_Linkedin Automation Framework By Using Appium_Linkedin_Automation_Framework] INFO  o.eclipse.m2e.core.internal.Bundles - 	Entry: C:\Users\hp5cd\.p2\pool\plugins\org.eclipse.m2e.maven.runtime_3.9.900.20240824-1409\jars\wagon-file-3.5.3.jar
2025-05-01 16:03:08,882 [Worker-45: Launching Executing test in D__Software Testing Projects_Linkedin Automation Framework By Using Appium_Linkedin_Automation_Framework] INFO  o.eclipse.m2e.core.internal.Bundles - 	Entry: C:\Users\hp5cd\.p2\pool\plugins\org.eclipse.m2e.maven.runtime_3.9.900.20240824-1409\jars\wagon-http-3.5.3.jar
2025-05-01 16:03:08,882 [Worker-45: Launching Executing test in D__Software Testing Projects_Linkedin Automation Framework By Using Appium_Linkedin_Automation_Framework] INFO  o.eclipse.m2e.core.internal.Bundles - 	Entry: C:\Users\hp5cd\.p2\pool\plugins\org.eclipse.m2e.maven.runtime_3.9.900.20240824-1409\jars\wagon-http-shared-3.5.3.jar
2025-05-01 16:03:08,883 [Worker-45: Launching Executing test in D__Software Testing Projects_Linkedin Automation Framework By Using Appium_Linkedin_Automation_Framework] INFO  o.eclipse.m2e.core.internal.Bundles - 	Entry: C:\Users\hp5cd\.p2\pool\plugins\org.eclipse.m2e.maven.runtime_3.9.900.20240824-1409\jars\wagon-provider-api-3.5.3.jar
2025-05-01 16:03:08,883 [Worker-45: Launching Executing test in D__Software Testing Projects_Linkedin Automation Framework By Using Appium_Linkedin_Automation_Framework] INFO  o.eclipse.m2e.core.internal.Bundles - getClasspathEntries(Bundle=com.google.guava_33.3.1.jre [10])
2025-05-01 16:03:08,883 [Worker-45: Launching Executing test in D__Software Testing Projects_Linkedin Automation Framework By Using Appium_Linkedin_Automation_Framework] INFO  o.eclipse.m2e.core.internal.Bundles - 	Entry: C:\Users\hp5cd\.p2\pool\plugins\com.google.guava_33.3.1.jre.jar
2025-05-01 16:03:08,883 [Worker-45: Launching Executing test in D__Software Testing Projects_Linkedin Automation Framework By Using Appium_Linkedin_Automation_Framework] INFO  o.eclipse.m2e.core.internal.Bundles - getClasspathEntries(Bundle=slf4j.api_2.0.17 [571])
2025-05-01 16:03:08,883 [Worker-45: Launching Executing test in D__Software Testing Projects_Linkedin Automation Framework By Using Appium_Linkedin_Automation_Framework] INFO  o.eclipse.m2e.core.internal.Bundles - 	Entry: C:\Users\hp5cd\.p2\pool\plugins\slf4j.api_2.0.17.jar
2025-05-01 16:03:08,883 [Worker-45: Launching Executing test in D__Software Testing Projects_Linkedin Automation Framework By Using Appium_Linkedin_Automation_Framework] INFO  o.eclipse.m2e.core.internal.Bundles - getClasspathEntries(Bundle=jakarta.inject.jakarta.inject-api_1.0.5 [22])
2025-05-01 16:03:08,884 [Worker-45: Launching Executing test in D__Software Testing Projects_Linkedin Automation Framework By Using Appium_Linkedin_Automation_Framework] INFO  o.eclipse.m2e.core.internal.Bundles - 	Entry: C:\Users\hp5cd\.p2\pool\plugins\jakarta.inject.jakarta.inject-api_1.0.5.jar
2025-05-01 16:03:08,884 [Worker-45: Launching Executing test in D__Software Testing Projects_Linkedin Automation Framework By Using Appium_Linkedin_Automation_Framework] INFO  o.eclipse.m2e.core.internal.Bundles - getClasspathEntries(Bundle=jakarta.annotation-api_1.3.5 [20])
2025-05-01 16:03:08,884 [Worker-45: Launching Executing test in D__Software Testing Projects_Linkedin Automation Framework By Using Appium_Linkedin_Automation_Framework] INFO  o.eclipse.m2e.core.internal.Bundles - 	Entry: C:\Users\hp5cd\.p2\pool\plugins\jakarta.annotation-api_1.3.5.jar
2025-05-01 16:03:08,884 [Worker-45: Launching Executing test in D__Software Testing Projects_Linkedin Automation Framework By Using Appium_Linkedin_Automation_Framework] INFO  o.eclipse.m2e.core.internal.Bundles - getClasspathEntries(Bundle=org.apache.commons.cli_1.9.0 [47])
2025-05-01 16:03:08,884 [Worker-45: Launching Executing test in D__Software Testing Projects_Linkedin Automation Framework By Using Appium_Linkedin_Automation_Framework] INFO  o.eclipse.m2e.core.internal.Bundles - 	Entry: C:\Users\hp5cd\.p2\pool\plugins\org.apache.commons.cli_1.9.0.jar
2025-05-01 16:03:08,884 [Worker-45: Launching Executing test in D__Software Testing Projects_Linkedin Automation Framework By Using Appium_Linkedin_Automation_Framework] INFO  o.eclipse.m2e.core.internal.Bundles - getClasspathEntries(Bundle=org.apache.commons.commons-codec_1.16.0 [50])
2025-05-01 16:03:08,884 [Worker-45: Launching Executing test in D__Software Testing Projects_Linkedin Automation Framework By Using Appium_Linkedin_Automation_Framework] INFO  o.eclipse.m2e.core.internal.Bundles - 	Entry: C:\Users\hp5cd\.p2\pool\plugins\org.apache.commons.commons-codec_1.16.0.jar
2025-05-01 16:03:08,884 [Worker-45: Launching Executing test in D__Software Testing Projects_Linkedin Automation Framework By Using Appium_Linkedin_Automation_Framework] INFO  o.eclipse.m2e.core.internal.Bundles - getClasspathEntries(Bundle=com.google.guava.failureaccess_1.0.2 [11])
2025-05-01 16:03:08,884 [Worker-45: Launching Executing test in D__Software Testing Projects_Linkedin Automation Framework By Using Appium_Linkedin_Automation_Framework] INFO  o.eclipse.m2e.core.internal.Bundles - 	Entry: C:\Users\hp5cd\.p2\pool\plugins\com.google.guava.failureaccess_1.0.2.jar
2025-05-01 16:03:08,885 [Worker-45: Launching Executing test in D__Software Testing Projects_Linkedin Automation Framework By Using Appium_Linkedin_Automation_Framework] INFO  o.e.m.i.launch.MavenLaunchDelegate - Run build in "D:\Software Testing Projects\Linkedin Automation Framework By Using Appium\Linkedin_Automation_Framework":
2025-05-01 16:03:08,886 [Worker-45: Launching Executing test in D__Software Testing Projects_Linkedin Automation Framework By Using Appium_Linkedin_Automation_Framework] INFO  o.e.m.i.launch.MavenLaunchDelegate -  mvn  -B -Dstyle.color=always test
2025-05-01 16:07:02,168 [Worker-52: Building] WARN  o.a.m.s.f.DefaultMavenResourcesFiltering - Using platform encoding (UTF-8 actually) to copy filtered resources, i.e. build is platform dependent!
2025-05-01 16:07:02,177 [Worker-52: Building] INFO  o.a.m.s.f.DefaultMavenResourcesFiltering - Copying 0 resource from src\main\resources to target\classes
2025-05-01 16:07:02,181 [Worker-52: Building] WARN  o.a.m.s.f.DefaultMavenResourcesFiltering - Using platform encoding (UTF-8 actually) to copy filtered resources, i.e. build is platform dependent!
2025-05-01 16:07:02,181 [Worker-52: Building] INFO  o.a.m.s.f.DefaultMavenResourcesFiltering - Copying 0 resource from src\test\resources to target\test-classes
2025-05-01 16:09:37,012 [Worker-52: Building] WARN  o.a.m.s.f.DefaultMavenResourcesFiltering - Using platform encoding (UTF-8 actually) to copy filtered resources, i.e. build is platform dependent!
2025-05-01 16:09:37,030 [Worker-52: Building] INFO  o.a.m.s.f.DefaultMavenResourcesFiltering - Copying 0 resource from src\main\resources to target\classes
2025-05-01 16:09:37,034 [Worker-52: Building] WARN  o.a.m.s.f.DefaultMavenResourcesFiltering - Using platform encoding (UTF-8 actually) to copy filtered resources, i.e. build is platform dependent!
2025-05-01 16:09:37,035 [Worker-52: Building] INFO  o.a.m.s.f.DefaultMavenResourcesFiltering - Copying 0 resource from src\test\resources to target\test-classes
2025-05-01 16:09:47,251 [Worker-46: Building] WARN  o.a.m.s.f.DefaultMavenResourcesFiltering - Using platform encoding (UTF-8 actually) to copy filtered resources, i.e. build is platform dependent!
2025-05-01 16:09:47,252 [Worker-46: Building] INFO  o.a.m.s.f.DefaultMavenResourcesFiltering - Copying 0 resource from src\main\resources to target\classes
2025-05-01 16:09:47,256 [Worker-46: Building] WARN  o.a.m.s.f.DefaultMavenResourcesFiltering - Using platform encoding (UTF-8 actually) to copy filtered resources, i.e. build is platform dependent!
2025-05-01 16:09:47,258 [Worker-46: Building] INFO  o.a.m.s.f.DefaultMavenResourcesFiltering - Copying 0 resource from src\test\resources to target\test-classes
2025-05-01 16:10:50,292 [Worker-45: Building] WARN  o.a.m.s.f.DefaultMavenResourcesFiltering - Using platform encoding (UTF-8 actually) to copy filtered resources, i.e. build is platform dependent!
2025-05-01 16:10:50,294 [Worker-45: Building] INFO  o.a.m.s.f.DefaultMavenResourcesFiltering - Copying 1 resource from src\main\resources to target\classes
2025-05-01 16:10:50,300 [Worker-45: Building] WARN  o.a.m.s.f.DefaultMavenResourcesFiltering - Using platform encoding (UTF-8 actually) to copy filtered resources, i.e. build is platform dependent!
2025-05-01 16:10:50,301 [Worker-45: Building] INFO  o.a.m.s.f.DefaultMavenResourcesFiltering - Copying 0 resource from src\test\resources to target\test-classes
2025-05-01 16:13:09,683 [Worker-51: Building] WARN  o.a.m.s.f.DefaultMavenResourcesFiltering - Using platform encoding (UTF-8 actually) to copy filtered resources, i.e. build is platform dependent!
2025-05-01 16:13:09,688 [Worker-51: Building] INFO  o.a.m.s.f.DefaultMavenResourcesFiltering - Copying 1 resource from src\main\resources to target\classes
2025-05-01 16:13:09,690 [Worker-51: Building] WARN  o.a.m.s.f.DefaultMavenResourcesFiltering - Using platform encoding (UTF-8 actually) to copy filtered resources, i.e. build is platform dependent!
2025-05-01 16:13:09,692 [Worker-51: Building] INFO  o.a.m.s.f.DefaultMavenResourcesFiltering - Copying 0 resource from src\test\resources to target\test-classes
2025-05-01 16:14:36,589 [Worker-51: Building] WARN  o.a.m.s.f.DefaultMavenResourcesFiltering - Using platform encoding (UTF-8 actually) to copy filtered resources, i.e. build is platform dependent!
2025-05-01 16:14:36,591 [Worker-51: Building] INFO  o.a.m.s.f.DefaultMavenResourcesFiltering - Copying 0 resource from src\main\resources to target\classes
2025-05-01 16:14:36,593 [Worker-51: Building] WARN  o.a.m.s.f.DefaultMavenResourcesFiltering - Using platform encoding (UTF-8 actually) to copy filtered resources, i.e. build is platform dependent!
2025-05-01 16:14:36,594 [Worker-51: Building] INFO  o.a.m.s.f.DefaultMavenResourcesFiltering - Copying 0 resource from src\test\resources to target\test-classes
2025-05-01 16:19:18,119 [Worker-51: Building] WARN  o.a.m.s.f.DefaultMavenResourcesFiltering - Using platform encoding (UTF-8 actually) to copy filtered resources, i.e. build is platform dependent!
2025-05-01 16:19:18,120 [Worker-51: Building] INFO  o.a.m.s.f.DefaultMavenResourcesFiltering - Copying 0 resource from src\main\resources to target\classes
2025-05-01 16:19:18,122 [Worker-51: Building] WARN  o.a.m.s.f.DefaultMavenResourcesFiltering - Using platform encoding (UTF-8 actually) to copy filtered resources, i.e. build is platform dependent!
2025-05-01 16:19:18,123 [Worker-51: Building] INFO  o.a.m.s.f.DefaultMavenResourcesFiltering - Copying 0 resource from src\test\resources to target\test-classes
2025-05-01 16:19:30,199 [Worker-4: Building] WARN  o.a.m.s.f.DefaultMavenResourcesFiltering - Using platform encoding (UTF-8 actually) to copy filtered resources, i.e. build is platform dependent!
2025-05-01 16:19:30,201 [Worker-4: Building] INFO  o.a.m.s.f.DefaultMavenResourcesFiltering - Copying 0 resource from src\main\resources to target\classes
2025-05-01 16:19:30,202 [Worker-4: Building] WARN  o.a.m.s.f.DefaultMavenResourcesFiltering - Using platform encoding (UTF-8 actually) to copy filtered resources, i.e. build is platform dependent!
2025-05-01 16:19:30,203 [Worker-4: Building] INFO  o.a.m.s.f.DefaultMavenResourcesFiltering - Copying 0 resource from src\test\resources to target\test-classes
2025-05-01 16:21:36,495 [Worker-51: Building] WARN  o.a.m.s.f.DefaultMavenResourcesFiltering - Using platform encoding (UTF-8 actually) to copy filtered resources, i.e. build is platform dependent!
2025-05-01 16:21:36,496 [Worker-51: Building] INFO  o.a.m.s.f.DefaultMavenResourcesFiltering - Copying 0 resource from src\main\resources to target\classes
2025-05-01 16:21:36,499 [Worker-51: Building] WARN  o.a.m.s.f.DefaultMavenResourcesFiltering - Using platform encoding (UTF-8 actually) to copy filtered resources, i.e. build is platform dependent!
2025-05-01 16:21:36,500 [Worker-51: Building] INFO  o.a.m.s.f.DefaultMavenResourcesFiltering - Copying 0 resource from src\test\resources to target\test-classes
2025-05-01 16:23:28,081 [Worker-45: Building] INFO  o.e.m.c.i.l.LifecycleMappingFactory - Using org.eclipse.m2e.jdt.JarLifecycleMapping lifecycle mapping for MavenProject: Linkedin_Automation_Framework:Linkedin_Automation_Framework:0.0.1-SNAPSHOT @ D:\Software Testing Projects\Linkedin Automation Framework By Using Appium\Linkedin_Automation_Framework\pom.xml.
2025-05-01 16:23:35,531 [Worker-45: Building] WARN  o.a.m.s.f.DefaultMavenResourcesFiltering - Using platform encoding (UTF-8 actually) to copy filtered resources, i.e. build is platform dependent!
2025-05-01 16:23:35,535 [Worker-45: Building] INFO  o.a.m.s.f.DefaultMavenResourcesFiltering - Copying 0 resource from src\main\resources to target\classes
2025-05-01 16:23:35,544 [Worker-45: Building] WARN  o.a.m.s.f.DefaultMavenResourcesFiltering - Using platform encoding (UTF-8 actually) to copy filtered resources, i.e. build is platform dependent!
2025-05-01 16:23:35,545 [Worker-45: Building] INFO  o.a.m.s.f.DefaultMavenResourcesFiltering - Copying 0 resource from src\test\resources to target\test-classes
2025-05-01 16:23:39,778 [Worker-45: Building] WARN  o.a.m.s.f.DefaultMavenResourcesFiltering - Using platform encoding (UTF-8 actually) to copy filtered resources, i.e. build is platform dependent!
2025-05-01 16:23:39,780 [Worker-45: Building] INFO  o.a.m.s.f.DefaultMavenResourcesFiltering - Copying 1 resource from src\main\resources to target\classes
2025-05-01 16:23:39,826 [Worker-45: Building] WARN  o.a.m.s.f.DefaultMavenResourcesFiltering - Using platform encoding (UTF-8 actually) to copy filtered resources, i.e. build is platform dependent!
2025-05-01 16:23:39,828 [Worker-45: Building] INFO  o.a.m.s.f.DefaultMavenResourcesFiltering - Copying 0 resource from src\test\resources to target\test-classes
2025-05-01 16:24:10,162 [Worker-54: Building] WARN  o.a.m.s.f.DefaultMavenResourcesFiltering - Using platform encoding (UTF-8 actually) to copy filtered resources, i.e. build is platform dependent!
2025-05-01 16:24:10,163 [Worker-54: Building] INFO  o.a.m.s.f.DefaultMavenResourcesFiltering - Copying 0 resource from src\main\resources to target\classes
2025-05-01 16:24:10,164 [Worker-54: Building] WARN  o.a.m.s.f.DefaultMavenResourcesFiltering - Using platform encoding (UTF-8 actually) to copy filtered resources, i.e. build is platform dependent!
2025-05-01 16:24:10,165 [Worker-54: Building] INFO  o.a.m.s.f.DefaultMavenResourcesFiltering - Copying 0 resource from src\test\resources to target\test-classes
2025-05-01 16:29:02,367 [Worker-52: Building] WARN  o.a.m.s.f.DefaultMavenResourcesFiltering - Using platform encoding (UTF-8 actually) to copy filtered resources, i.e. build is platform dependent!
2025-05-01 16:29:02,397 [Worker-52: Building] INFO  o.a.m.s.f.DefaultMavenResourcesFiltering - Copying 0 resource from src\main\resources to target\classes
2025-05-01 16:29:02,400 [Worker-52: Building] WARN  o.a.m.s.f.DefaultMavenResourcesFiltering - Using platform encoding (UTF-8 actually) to copy filtered resources, i.e. build is platform dependent!
2025-05-01 16:29:02,401 [Worker-52: Building] INFO  o.a.m.s.f.DefaultMavenResourcesFiltering - Copying 0 resource from src\test\resources to target\test-classes
